,Unnamed: 0,Unnamed: 0.1,Unnamed: 0.1.1,Unnamed: 0.1.1.1,Unnamed: 0.1.1.1.1,text,mark
0,0.0,0.0,0.0,0.0,0.0,üòÅü§£,0
1,1.0,1.0,1.0,1.0,1.0,–û–æ –∫—É–¥–∞–π –±–∞–ª–¥–∞—Ä—ã–±—ã–∑ —Å–∞–∫—Ç–∞–π –∫–æ—Ä —Ç—É—Ä–∞ –∂–æ–ª–≥–æ —Å–∞–ª,0
2,2.0,2.0,2.0,2.0,2.0,—Å–æ“£—ã –∂–æ“õ –ø–∞ –Ω–µ–º–µ–Ω–µ,0
3,3.0,3.0,3.0,3.0,3.0,"–î–∏–Ω –∫–∞–Ω—à–∞ —Ç–∞—Ä–º–∞–∫–∫–∞ –±–æ–ª–∏–Ω–≥–µ–Ω . –ú—É—Ö–∞–º–º–±–µ—Ç –ø–∞–π–≥–∞–º–±–∞—Ä –∫–∞–∑–∞—Ö—Ç–∞—Ä–¥—ã–Ω –±–æ–ª–º—ã—Å—ã–Ω–∞ –∫–∞—Ä–∞–π –±–∏–∑–≥–µ —Å—É–Ω–Ω–∏—Ç —Ç–∞—Ä–º–∞–≥–∞–Ω –∫–∞–ª–¥—ã—Ä–≥–∞–Ω , –µ–Ω –º–µ–∏—Ä–∏–º–¥–∏ , –µ–Ω –¥—É—Ä—ã—Å —Ç–∞—Ä–º–∞–≥—ã –ê–õ–õ–ê–ì–ê –°–ê–ù–°–´–ó –©–£–ö–ò–† . –û–°–´ –ü–ê–ô–ì–ê–ú–ë–ê–†–´–ú–´–ó –ë–ò–ó–ì–ï –¢–ê–°–¢–ê–ü –ö–ï–¢–ö–ï–ù –î–ò–ù–î–ò –£–°–¢–ê–ù–ê–ô–´–ö –ö–ê–ó–ê–ì–´–ú , –ê–î–ê–°–ü–ê–ô–´–ö . –û–ù–°–´–ó–î–ê –ê–ó–ë–´–ó , –ë–ò–ó–î–ò –¢–´–ú–¢–´–†–ê–ö–ê–ô –ë–û–õ–ò–ü –¢–ê–°–¢–ê–£ , –ë–ò–ó–î–ò–ù –ñ–ê–£–õ–ê–†–´–ú–´–ó–ì–ê –û–¢–ï –´–ù–ì–ê–ô–õ–´ –ò–° . –ê–õ –ú–´–ù–ê –í–ò–î–ï–û –û–¢–ï –î–£–†–´–° –ö–û–†–°–ï–¢–ò–õ–ì–ï–ù , –®–´–ù–´ –ö–ï–†–ï–ö –ö–ï–®–¢–ï–£ –î–ï–ü –ê–ô–¢–°–ê–ö–¢–ê –ë–û–õ–ê–î–´  –û–ö–ò–†–ò–®–ö–ï –û–†–ê–ô . –û–°–´–õ–ê–ô –ñ–£–†–ï –ë–ï–†–°–ï–ö –î–ò–ù–ù–ò–ù –¢–ê–†–ú–ê–ö–¢–ê–†–´–ù–ê –ë–û–õ–ò–ù–ò–ü , –ë–ò–† –ö–ï–ó–î–ï –ë–ò–† –ë–ò–†–ò–ú–ò–ó–ë–ï–ù –°–û–ì–´–°–´–ü –ñ–ê–¢–ü–ê–ô–´–ö –ë–ê–£–´–†–õ–ê–† . –í–ê–•–ê–ë–ò–ó–ú , –¢–ê–ë–ò–ì–ò –ñ–ê–ú–ê–ì–ê–¢ , –°–ê–õ–Ø–§–ò–ó–ú –¢–ê–†–ú–ê–ö–¢–ê–†–´ –ö–ê–¢–´–ì–ï–ó , –ö–ê–ù–®–ï–† , –ò–ú–ê–ù–°–´–ó –¢–ê–†–ú–ê–ö–¢–ê–† . –û–ô–õ–ê–ù –ö–ê–ó–ê–ö , –û–ô–õ–ê–ù –ö–ê–ó–ê–ö , –û–ô–õ–ê–ù –ö–ê–ó–ê–ö .  –ö–ï–® –ë–û–õ–´–ü –ö–ê–õ–ú–ê–°–´–ù , <br>–ê–õ –ê–ô–¢–´–ù–î–ê–†–®–´ –ö–ê–ó–ê–ö , –ù–ï –ú–ê–ó –¢–ê–ü–¢–´ –ú–´–ù–ê –°–û–†–õ–´ –®–ê–ô–¢–ê–ù–ù–´–ù –ê–ô–¢–ö–ê–ù–´–ù–ê –õ–ï–°–ò–ü",0
4,4.0,4.0,4.0,4.0,4.0,–ê–ª–ª–∞—Ö–¥–∞–Ω –∫–æ—Ä–∫—É–ª–∞,0
5,5.0,5.0,5.0,5.0,5.0,–ê—è“ì—ã –∂–æ“õ “õ–æ–π,0
6,6.0,6.0,6.0,6.0,6.0,–ö–∞–∂–¥—ã–π –º–æ–≥—É—Ç  —Å–æ —Å–≤–æ–∏–º –∂–∏–∑–Ω–∏–º –Ω–µ –∫—Ç–æ –Ω–µ –∏–º–µ—Ç –ø—Ä–∞–≤–∞,0
7,7.0,7.0,7.0,7.0,7.0,–ú–∞–ª–¥–∞—Ä –≥–æ —Ç—É—Å–∏–Ω–∏–∫—Å–∏–∑ –±–∏—Ä –±–∞–ª–µ —à—â—Å. –ê—Ö–∏ –¥–∏—Ç —Å–∞–∫–∞–ª—ã –∂–æ–∫ —Ç–∞—É—ã–∫—Ç—ã–Ω –∫–æ—Ç–∏ —É–∫—Å–∞—Ç—ã–øü§£ —É–∞—Ö–∞–± –µ–∫–µ–º –¥–µ–ø –≥–µ—Ä–æ–π . –ö–æ–ª–¥–∞—Ä–Ω–∞–Ω –∫–∞—è–¥–∞ –∫–µ–ª–º–µ–π—Ç,0
8,8.0,8.0,8.0,8.0,8.0,–ê–ª–ª–∞ —Ç–∞–≥–∞–ª–∞ –∂–∞–º–∞–Ω –∂–æ–ª–¥–∞–Ω —Å–∞–∫—Ç–∞—Å—ã–Ω –±–∞—Ä—à–∞–º—ã–∑–¥—ã,0
9,9.0,9.0,9.0,9.0,9.0,–§—É—Ç–±–æ–ª–¥—ã –∂–∞“õ—Å—ã –æ–π–Ω–∞–π–¥—ã  –µ–∫–µ–ΩüòÇ,0
10,10.0,10.0,10.0,10.0,10.0,–ú—ã–Ω–∞–Ω—ã–Ω –∏—à–∏–Ω–¥–µ –±–∏—Ä–µ—É–∏–Ω–¥–µ —Å–∞–∫–∞–ª—ã –∂–æ–∫,0
11,11.0,11.0,11.0,11.0,11.0,–ê–π–µ–ª–¥–µ—Ä –∂–∞–π–ª—ã –∞–π—Ç–∫–∞–Ω—ã–Ω–∞ –∫–µ–ª–∏—Å–ø–∏–º –±–∞—É—ã—Ä—ã–º.–¢–µ–∫ –∞–π–µ–ª–¥–µ—Ä –≥–∞–Ω–∞ –µ–º–µ—Å –±–∞—Ä–ª—ã–∫ –∞–¥–∞–º–¥–∞—Ä–¥–∞ –±–æ–ª–∞–¥—ã –æ–ª –º–∏–Ω–µ–∑.–ú—ã–Ω –∞–π—Ç–∫–∞–Ω—ã–Ω –∫—ã–ª—ã–ø –±–∏—Ä –∞–π—Ç–∫–∞–Ω—ã–Ω –∫—ã–ª–º–∞—Å–∞–Ω –±—É–ª–∫–∞–Ω —Ç–∞–ª–∫–∞–Ω –±–æ–ª–∞–¥—ã –∫–µ–π–±–∏—Ä –∞–¥–∞–º–¥–∞—Ä,0
12,12.0,12.0,12.0,12.0,12.0,–°–æ–Ω—ã –Ω–µ–±–æ–ª–¥—ã –µ–Ω–¥–∏ –¥—É—Ä—ã—Å—Ç–∞–ø —Ç—É—Å–∏—Ä–º–µ–∏—Å–∏–Ω–¥–µ—Ä–º–∞,0
13,13.0,13.0,13.0,13.0,13.0,–≠—Ç–æ –∞—Ç—ã—Ä–∞—É –¥–µ—Ç–∫–∞,0
14,14.0,14.0,14.0,14.0,14.0,"–î“±—Ä—ã—Å –∞–π—Ç–∞–¥—ã, –∂–∞–±—ã–ª“ì—ã –∂–∞—É—ã–ø –∂—É—Ä—É –∫–µ—Ä–µ–∫.",0
15,15.0,15.0,15.0,15.0,15.0,–≠—Ö —Ö–∞–Ω–∞—Ñ–∏ –º”ô–∑“ª–∞–± –Ω–µ—Ç–∫–µ–Ω –∫–µ—Ä–µ–º–µ—Ç  –ø–∞–π“ì–∞–º–±–∞—Ä—ã–º—ã–∑ —Å.“ì.—Å —Å–∞“ì—ã–Ω–¥—ã–º,0
16,16.0,16.0,16.0,16.0,16.0,"–ù–∞–¥–æ —É—á–∏—Ç—å –ª—é–¥–µ–π —Ä–µ–ª–∏–≥–∏–∏ , –æ–±—å—è—Å–Ω—è—Ç—å –∫–∞–∫–æ–π –ø—É—Ç—å –ø—Ä–∞–≤–∏–ª—å–Ω—ã–π –∫–∞–∫–æ–π –Ω–µ—Ç .",0
17,17.0,17.0,17.0,17.0,17.0,"—à—ã“ì–∞–¥—ã,  –∞—É–ª–∏–µ —à–∞—Ç–∞—Å–ø–∞",0
18,18.0,18.0,18.0,18.0,18.0,2021 –¥–µ–Ω –µ–Ω–¥—ã –∫–æ—Ä–≤–∞—Ç–∫–∞–Ω–¥–∞—Ä –ª–∞–π–∫‚ù§üòç,0
19,19.0,19.0,19.0,19.0,19.0,"“ö—É—ã–ø –∫–µ—Ç–∫–µ–Ω–¥–µ—Ä“ì–æ, –¥–∞–∂–µ –±—ñ–ª—ñ–º–¥–µ—Ä—ñ –∂–æ“õ, –ë—ñ–ª–µ—Ç—ñ–Ω—ñ –ö–∞—Ñ–∏—Ä –¢–∞“ì—É–¥ —á—ë —ç—Ç–æ –µ–º–∞–∞",0
20,20.0,20.0,20.0,20.0,20.0,2 –∞–π –æ—Ç—Ç–∏ —É–∂–µ –∞–ªi —Å–∞–∫–∞–ª—ã –∂–æ–∫ –∂–∏—Å–Ω –≥–æü§£ –±–∞—Å—Ç–∞–ª–≥–∞–ª—ã —Å–∞–∫–∞–ª –∂–æ–∫ .ü§£ü§£ü§£ü§£,0
21,21.0,21.0,21.0,21.0,21.0,–î–∏–Ω–¥—ã –æ–ª–∞–π –∂–∞–º–∞–Ω –∂–∞“ì—ã–Ω–∞–Ω –∫”©—Ä—Å–µ—Ç–ø–µ–Ω—ã–∑–¥–µ—Ä –æ—Ç—ã–Ω—ã—à –¥–∏–Ω –±—É–ª –ê–ª–ª–∞–Ω—ã–∫—ã –Ω–∞–º–∞–∑“ì–∞ –∫–µ–ª–µ –∞–ª–º–∞–π –∂—É—Ä–≥–µ“£ –±–∞—É—ã—Ä–ª–∞—Ä –±—É–ª –≤–∏–¥–µ–æ–Ω—ã –∫”©—Ä—ã–ø —Ç–µ—Ä—ã—Å –∞–π–Ω–∞–ª—ã–ø “õ–∞—à–∞–¥—ã –¥—ñ“£–¥—ñ –∂–∏—Ä–∫–µ–Ω—ã—à—Ç—ã “õ—ã–ø –∫”©—Ä—Å–µ—Ç–ø–µ–Ω—ã–∑–¥–µ—Ä,0
22,22.0,22.0,22.0,22.0,22.0,–ë—É–Ω—ã –∫”©—Ä–≥–µ–Ω ”ô–∏–µ–ª–¥–µ—Ä –±–∞—Å“õ–∞—à–∞ —Ç“Ø—Å—ñ–Ω–µ–¥—ñ,0
23,23.0,23.0,23.0,23.0,23.0,–•–∏–¥–∂–∞–± –æ–ª ”ô—Ä—ñ –º—É—Å–ª—ã–º–∞–Ω “õ—ã–∑—ã–Ω—ã“£ –∫–∏—ñ–º—ñ –±–æ–ª—ã–ø —Å–∞–Ω–∞–ª–∞–¥—ã —Å–µ–Ω–¥–µ—Ä –±—É–Ω–¥–∞–π –∫–∏–Ω–æ–º–µ–Ω —Ö–∏–¥–∂–∞–±—Ç—ã –∂–æ“õ“õ–∞ —à—ã“ì–∞—Ä–∞—Å—ã–Ω–¥–∞—Ä —Ç–∏–ø–æ —Ç–µ–∫ “õ–∞–Ω–∞ —Ç–µ—Ä–æ—Ä–∏—Å—Ç—Ç–µ—Ä–¥—ñ“£ ”ô–∏–µ–ª—ñ –∫–∏–µ—Ç—ñ–Ω “õ—ã–ª—ã–ø. ”®–∑–¥–µ—Ä—ñ“£ —Ñ–∏—Ç–Ω—è —à—ã“ì–∞—Ä—ã–ø –æ—Ç—Å—ã–Ω–¥–∞—Ä,0
24,24.0,24.0,24.0,24.0,24.0,"–ö–∏–Ω–æ —Å—ã–º–∞“õ.  –î—ñ–Ω–≥–µ –∑–∏—è–Ω ”ô–∫–µ–ª—ñ–ø –∂–∞—Ç—Å—ã“£–¥–∞—Ä. –ë–∞—è“ì—ã –Ω–∞–º–∞–∑—Ö–∞–Ω–¥—ã, —Å–∞“õ–∞–ª–¥—ã –∂–µ–∫–∫”©—Ä—ñ–Ω—ñ—à—Ç—ñ –∫”©—Ä—Å–µ—Ç—É. –ú–∞“£“õ–∞ —Ñ–∏–ª—å–º",0
25,25.0,25.0,25.0,25.0,25.0,–ö–∏–Ω–æ –º–∞–≥—ã–Ω–∞—Å—ã –∂–∞“õ—Å—ã –µ–∫–µ–Ω –±—ã—Ä–∞–∫ –∞–∫—Ç–µ—Ä–ª–∞—Ä–¥—ã–Ω –æ–π–Ω–∞—É—ã–Ω–∞ –∂–∞–º–∞–Ω –∫“Ø–ª–¥—ñ–ºü§£ü§£,0
26,26.0,26.0,26.0,26.0,26.0,–°–∞–∫–∞–ª–¥—ã –±–æ–ª–∞—Ç—ã–Ω –µ–¥–∏ –Ω–µ –±–∏—Ä —Å–∞–∫–∞–ª –∂–æ–∫ —Ç—É–∫ —É–∏–ª–µ—Å–ø–µ–∏–¥–∏ –±–µ—Ç –∞–ª–ø–µ—Ç—Ç–µ—Ä–∏,0
27,27.0,27.0,27.0,27.0,27.0,–°–∞–ª–∞—Ñ–∏–ª–µ—Ä —Ç–∞—Å–ø–∏ —É—Å—Ç–∞–º–∞–∏—Ç–Ω —Å–∏–∞–∫—Ç—ã –µ–¥–∏,0
28,28.0,28.0,28.0,28.0,28.0,"–†–µ–ª–∏–≥–∏—è —ç—Ç–æ –ó–õ–û,–ø—Ä–∏–¥—É–º–∞–Ω–∞ —á—Ç–æ –±—ã –æ–¥—É—Ä–º–∞–Ω–∏–≤–∞—Ç—å –∏ –¥–µ—Ä–∂–∞—Ç—å –≤ —É–∑–¥–µ –ø—Ä–æ—Å—Ç—ã—Ö –ª—é–¥–µ–π.",0
29,29.0,29.0,29.0,29.0,29.0,–¢—É—Å–∏–Ω–∏–∫—Å–∏–∑ —Ç—É–∫ –∫—ã–∑—ã–∫ –µ–º–µ—Å,0
30,30.0,30.0,30.0,30.0,30.0,"–ú—ã–Ω–∞ –∫–∏–Ω–æ–Ω—ã —Ç–∞–∑–∞ –¥—ñ–Ω–≥–µ –∫“Ø–π–µ –∂–∞“ì—ã–ø —Ç“Ø—Å—ñ—Ä–≥–µ–Ω.–ë–æ–ª–º–∞–π–¥—ã “ì–æ –æ–ª–∞–π.–î—ñ–Ω–º–µ–Ω –æ–π–Ω–∞–º–∞“£–¥–∞—Ä –±–∞—Å“õ–∞–º–µ–Ω –æ–π–Ω–∞—Å–∞“£–¥–∞—Ä–¥–∞.–û–¥–∞–Ω–¥–∞ –∂–∞–ª–∞“£–∞—à –∞—Ä—É–ª–∞—Ä“ì–∞ –Ω–∞—Å–∏—Ö–∞—Ç —Ç“Ø—Ä—ñ–Ω–¥–µ –Ω–µ–≥–µ –±—ñ—Ä —Ñ–∏–ª–º —Ç“Ø—Å—ñ—Ä–º–µ–π–¥—ñ.”ò—É–µ–ª—ñ –±–∞—Å“õ–∞–ª–∞—Ä—ã–Ω —Ç“Ø–∑–µ–ø –∞–ª—Å—ã–Ω,–¥—ñ–Ω —Ç—É—Ä–∞–ª—ã –∫–∏–Ω–æ —Ç“Ø—Å—ñ—Ä–º–µ—Å –±“±—Ä—ã–Ω.–ò–º–∞–Ω—ã ”ô–ª—Å—ñ–∑–¥–µ—Ä–¥—ñ“£ –¥—ñ–Ω–≥–µ –¥–µ–≥–µ–Ω –∫”©–∑“õ–∞—Ä–∞—Å—ã —Ç–µ—Ä—ñ—Å –±–æ–ª—ã–ø –∫–µ—Ç–µ–¥—ñ, –Ω–∞“ì—ã–∑ –∞–¥–∞—Å—É —Å–æ–Ω–¥–∞.–ö–∞—Ä–æ—á–µ –∫”© —Ç–µ—Ä—ñ“£–¥—ñ “õ—ã—Å—ã“£–¥–∞—Ä!",0
31,31.0,31.0,31.0,31.0,31.0,–Ω–µ–±–æ–ª–¥ —Å–æ–Ω–¥–∞ —Å–æ“ì—ã,0
32,32.0,32.0,32.0,32.0,32.0,–º“±—Å“±–ª–º–∞–Ω–¥–∞—Ä –∞–¥–∞–º –µ–º–µ—Å!,0
33,33.0,33.0,33.0,33.0,33.0,2021–¥–µ –∫–æ—Ä–∏–ø –æ—Ç–∫–∞–Ω–¥–∞—Ä –ª–∞–π–µ,0
34,34.0,34.0,34.0,34.0,34.0,–°–æ“£—ã–Ω–¥–∞ –∂—ñ–≥—ñ—Ç–∫–µ –Ω–µ –±–æ–ª–∞–¥—ã,0
35,35.0,35.0,35.0,35.0,35.0,–ö–∏–Ω–æ –Ω–∞“õ—Ç—ã –µ–º–µ—Å,0
36,36.0,36.0,36.0,36.0,36.0,–û—Ä–∞–Ω“ì–∞–Ω–¥—ã –∂–µ–∫ –∫”©—Ä–µ–º.,0
37,37.0,37.0,37.0,37.0,37.0,Basin simaitin jerge murnindi tikpa degen kalai kettiü§£,0
38,38.0,38.0,38.0,38.0,38.0,–ë–∞—Å—ã –∂–æ–∫ –∞—è–≥—ã –∂–æ–∫ –±–∏—Ä—Ç—É—Ä–ª–∏ –∫–∏–Ω–æ –µ–∫–µ–Ω,0
39,39.0,39.0,39.0,39.0,39.0,–û–∑–∏–Ω –∞–∫—ã–ª  –æ–π—ã –∂–æ–∫ –ª–æ—Ö –±–∏—Ä–µ—É –µ–∫–µ–Ω,0
40,40.0,40.0,40.0,40.0,40.0,"–ë—É–ª –∫–∏–Ω–æ–Ω—ã –∫–∞—Ä–∞–º–∞–Ω–¥–∞—Ä –Ω–∞–≥—ã–∑ –∞–¥–∞—Å–∫–∞–Ω –¥—ã–Ω—Å—ã–∑ –∫–∞—Ñ—ã—Ä–ª–µ—Ä –æ—Å—ã–ª–∞—Ä –º—É—Å—ã–ª–º–∞–Ω –ê–¥–∞–º —Ç—ã–ª—ã–º–µ–Ω –¥–µ, –∫–æ–ª—ã –º–µ–Ω –¥–µ, –∑–∏—è–Ω—ã —Ç–∏–º–µ—É –∫–µ—Ä–µ–∫.",0
41,41.0,41.0,41.0,41.0,41.0,–î–∏–Ω–∏ —Å–∞—É–∞—Ç—Å—ã–∑–¥—ã–∫—Ç–∞–Ω —Ç—É—ã–Ω–¥–∞–π—Ç—ã–Ω –∂–∞–≥–¥–∞–π,0
42,42.0,42.0,42.0,42.0,42.0,–û–∫—ã–≥–∞–Ω –∞–¥–∞–º –±—É–ª–∞–π –∞–¥–∞—Å–∞ –∫–æ–π–º–∞—Å,0
43,43.0,43.0,43.0,43.0,43.0,"–ú—É—Ä–Ω—ã–Ω —Å—ã–π–º–∞–π—Ç—ã–Ω –∂–µ—Ä–≥–µ –±–∞—Å—ã–Ω–¥—ã —Ç—ã–∫–ø–∞ –¥–µ–≥–µ–Ω–¥—ã –∫–µ—Ä—Å—ã–Ω—à–µ –∞–π—Ç—Ç—ã, –∫–∞—Ç–µ –∞–π—Ç—Ç—ã",0
44,44.0,44.0,44.0,44.0,44.0,–ï–µ –¥–∏—Ç,0
45,45.0,45.0,45.0,45.0,45.0,–ë—É–ª–∞—Ä –Ω–∞—Ç—É—Ä–∏ –∞–¥–∞—Å—É—à—ã–ª—ã–∫–∫–æ,0
46,46.0,46.0,46.0,46.0,46.0,–ò–æ –±–∞–∑–∞—Ä –∂–æ–∫ –∞–∑–≥—ã—Ä—ã–ø –∂–∞—Ç—Ä–≥–æ–π,0
47,47.0,47.0,47.0,47.0,47.0,–ú—ã–Ω–∞ –∫–∏–Ω–æ—É –¥—É—Ä—ã—Å –µ–º–µ—Å –ê–ª–ª–∞–¥–∞–Ω –∫–æ—Ä—ã–∫—Å–∞–Ω–¥–∞—Ä—à—ã –∫–µ–π –∞–¥–∞–º–¥–∞—Ä–¥—ã —Ç–µ–∑ –∞–ª–¥–∞–π—Å—ã–Ω–¥–∞—Ä–≥–æ–π –Ω–µ –∫–µ—Ä–µ–∫ –æ—Å—ã–Ω–¥–∞–π,0
48,48.0,48.0,48.0,48.0,48.0,Jumistan wigip kettim dese Mawallah deima üòÄ,0
49,49.0,49.0,49.0,49.0,49.0,"<a href=""https://www.youtube.com/watch?v=s8f-22ctvtU&amp;t=19m04s"">19:04</a> “ö“±—Ä–∞–Ω –ö”ô—Ä—ñ–º–¥–µ –µ–≥–µ—Ä –º“±—Å—ã–ª–º–∞–Ω –º“±—Å—ã–ª–º–∞–Ω“ì–∞ –∫”ô—Ñ—ñ—Ä –¥–µ—Å–µ –æ–Ω—ã“£ –æ—Ä–Ω—ã —Ç–æ–∑–∞“õ—Ç–∞ –¥–µ–≥–µ–Ω 10 –∂–∞—É–¥—ã“£ 9 —Ç—ñ–ª–¥–µ–Ω –¥–µ–≥–µ–Ω –∞—É—ã–∑–¥–∞–Ω —à—ã“õ“õ–∞–Ω ”ô—Ä–±—ñ—Ä —Å”©–∑–≥–µ –º“±“õ–∏—è—Ç –±–æ–ª–∞–π—ã“õ –æ–π–ª–∞–Ω—ã–ø —Å”©–π–ª–µ–π—ñ–∫ –±–∞—É—ã—Ä–ª–∞—Ä üëçüòâ",0
50,50.0,50.0,50.0,50.0,50.0,30–º–∏–Ω—É—Ç—ã–º –±–æ—Å–∫–∞ –∫–µ—Ç—Ç–∏–≥–æ. –ù–µ –±–∞—Å—ã –∂–æ–∫ –Ω–µ –∞—è–≥—ã –∂–æ–∫. –ö–æ—Ä–º–µ—è –∫–æ–π—ã–Ω–¥–∞—Ä,0
51,51.0,51.0,51.0,51.0,51.0,–ë–∞—Å—ã –±–∞—Ä –∞—è–≥—ã –∂–æ–∫,0
52,52.0,52.0,52.0,52.0,52.0,–ê—Å—Ç–∞—Ñ–∏—Ä–∞–ª–ª–∞ “õ“±–¥–∞–π —Å–∞“õ—Ç–∞—Å—ã–Ω –±“±–ª –∞–¥–∞—Å–∫–∞–Ω–¥–∞—Ä “ì–æ–π üòìüòìüò≠üò≠üò≠üò≠,0
53,53.0,53.0,53.0,53.0,53.0,"–ê–ª–ª–∞–Ω—ã“£ —Ä–∏–∑—ã“ì—ã–Ω –±“±–ª–∞–π –∂–∏–Ω–∞–º–∞–π–¥—ã. –ê–¥–∞–ª —Ç–∞—É—ã–ø, –∂“Ø—Ä–µ–≥—ñ–Ω–¥–µ –∏–º–∞–Ω  —Ç—ñ–ª—ñ–Ω–¥–µ –ê–ª–ª–∞ –±–æ–ª—É –∫–µ—Ä–µ–∫. ”ò–ª—Å—ñ–∑ –∞–¥–∞–º–¥–∞—Ä –µ—Ä—ñ–ø –∫–µ—Ç–µ–¥—ñ.",0
54,54.0,54.0,54.0,54.0,54.0,–û—Ç,0
55,55.0,55.0,55.0,55.0,55.0,–ú”ô–Ω –º–∞“ì—ã–Ω–∞—Å—ã –∂–æ“õ “õ–∞–∑–∞“õ –∫–∏–Ω–æ –ª–∞—Ä—ã,0
56,56.0,56.0,56.0,56.0,56.0,–•–∞–π—É–∞–Ω “ì–æ–π –±“±–ª–∞—Ä,0
57,57.0,57.0,57.0,57.0,57.0,–°—É–±—Ö–∞–Ω –∞–ª–ª–∞ –¥–µ–π –±–µ—Ä–µ—Ç–∏–Ω–¥–µ—Ä–¥—ã –∫–∞–Ω—ã–º —Å—É–π–º–µ–π–¥—ã. –ë–µ–π –±–µ—Ä–µ–∫–µ—Ç—Å–∏–∑ –∞–∏—Ç–∞–±–µ—Ä–µ—Ç–∏–Ω–¥–µ—Ä.<br>–û–∑–∏–Ω –¥–∏–Ω–¥–∞—Ä –∫–æ—Ä—Å–µ—Ç–∫–∏—Å–∏ –∫–µ–ª–µ–¥—ã–º–∞. –°–æ–Ω–¥–∞–π–ª–∞—Ä–¥—ã –∫–æ—Ä—Å–µ–º –∫–∞–Ω—ã–º –±–∞—Å—ã–º–∞ —à–∞–±–∞–¥—ã. –ë–∞–ª–∞–≥—ã–Ω –∫—ã—Å–∫–∞—Ä—Ç—ã–ø –∞–ª—ã–ø —Å–∞–∫–∞–ª—ã–Ω –µ—à–∫–∏ —É–∫—Å–∞—Ç—ã–ø –∞–ª—ã–ø.,0
58,58.0,58.0,58.0,58.0,58.0,–ù—É—Ä.–∏–º–∞–º–¥–∞—Ä–¥—ã–Ω —É–∞–≥—ã–∑–¥–∞—Ä—ã–Ω—ã–Ω –±–∞—Ä–ª—ã–≥—ã –±–æ–ª–Ω—É–¥—ã —É–∞–≥—ã–∑–¥–∞–π–¥.,0
59,59.0,59.0,59.0,59.0,59.0,–ê–¥–ª–µ—Ç –º—ã–∫—Ç—ã –∞–∫—Ç–µ—Ä –µ–∫–µ–Ω,0
60,60.0,60.0,60.0,60.0,60.0,–ò—Å–ª–∞–º  –î—ñ–Ω—ñ  –µ“£  —Ç–∞–∑–∞ –¥—ñ–Ω  –µ“£ …ô–¥—ñ–ª –¥—ñ–Ω  –µ“£ –º–µ–π—ñ—Ä—ñ–º–¥—ñ –¥—ñ–Ω . –ú–µ—à—ñ—Ç—Ç–µ—Ä–¥–µ–Ω  –±–∞—Ä—ã–ø  –±—ñ–ª—ñ–º  –∞–ª—É–ª–∞—Ä—ã–Ω—ã–∑ –∫–µ—Ä–µ–∫  –æ—Å—ã–ª–∞–π  –∞–¥–∞—Å–ø–∞—Å —É—à—ñ–Ω,0
61,61.0,61.0,61.0,61.0,61.0,“ö–∞–∑—ñ—Ä –¥–µ –æ—Å—ã–Ω–¥–∞–π –∞—Ä–∞“£–¥–∞—Ç—É—à—ã –º–∏—Å—Å–∏–æ–Ω–µ—Ä–µ–ª–µ—Ä –±–∞—Ä –≥–æ ”©–∑ –æ–π—ã–Ω –∂“Ø–∑–µ–≥–µ –∞—Å—ã—Ä“ì—ã—Å—ã –∫–µ–ª–µ—Ç—ñ–Ω,0
62,62.0,62.0,62.0,62.0,62.0,–ñ—ã–Ω –±–æ–ª—ã–ø –∫–µ—Ç—Ç—ñ“ì–æüòë,0
63,63.0,63.0,63.0,63.0,63.0,&quot;–ï–µ–π –±–∞—Å—Å—ã–Ω —Å–∏–º–∞–π—Ç—ã–Ω –∂–µ—Ä–≥–µ –º—É—Ä–Ω—ã–Ω–¥—ã —Ç—ã–∫–ø–∞–π –∂—É—Ä&quot; –¥–∏–º–∞üòÇüòÇüòÇüòÇ,0
64,64.0,64.0,64.0,64.0,64.0,–ö–ò–ú –ò–°–õ–ê–ú–ì–ê –ö–ê–†–°–´ –ë–û–õ–°–ê –ê–õ –ê–õ–õ–ê–•–ö–ê –ö–ê–†–°–´...–ö–ò–ú –ê–õ–õ–ê–• –ú–ï–ù–ï–ù  –°–û–ì–£–°–ê–ú –î–ï–°–ï –û–õ –ê–ö–ú–ê–ö...–ê–õ–õ–ê–• –ë–ê–ê–†–´–ù –ë–ò–õ–£–£–ß–£.–ö–û–†–£–£–ß–£.,0
65,65.0,65.0,65.0,65.0,65.0,–î–∂–∏—Ö–∞–¥ –∫–∏–Ω–æ–Ω—ã–Ω –∞—Ç—ã .–∂–∏–≥–∏—Ç –∂—ã–ª–∞–≥–∞–Ω—ã –æ–∑–∏–Ω –∫—É—Ä—Ç–∞–¥—ã –æ–ª–µ–¥–∏ .–∞–π–µ–ª—ã–Ω –∞–ª–∞–¥—ã –Ω–µ–∫–µ–≥–µ —Å–æ–ª –¥–æ—Å—ã –æ–∑–∏–Ω–Ω–µ–Ω –∞–¥–∞—Å—Ç—Ä–≥–∞–Ω,0
66,66.0,66.0,66.0,66.0,66.0,–ù–∞–º–∞–∑ –æ“õ–∏—Ç—ã–Ω–¥–∞—Ä–¥—ã –∫”©—Ä—Å–µ—Ç–∫–µ–Ω—à–µ –µ–ª–¥–µ–≥—ñ –∞—Ä—ã–Ω —Å–∞—Ç—ã–ø –∂“Ø—Ä–≥–µ–Ω–¥–µ—Ä–≥–µ –∑–∞“£ –∫–æ–∏—ã–Ω–¥–∞—Ä—à–∏ –ê–∫—Ä–µ—Ç–µ –±”ô—Ä—ñ “Ø—à—ñ–Ω –∂–∞—É–∞–ø –±–µ—Ä–µ–º—ñ–∑. –û–∏–ª–∞–Ω—ã–Ω–¥–∞—Ä –ü–∞–π“ì–∞–º–±–∞—Ä—ã–º—ã–∑.—Å.–∞.—É. –∏—Å–ª–∞–º–¥—ã –∂–∞–º–∞–Ω –∂–∞“ì—ã–Ω  –∫–æ—Ä—Å–µ—Ç–ø–µ–≥–µ–Ω,0
67,67.0,67.0,67.0,67.0,67.0,–ù–∞–º–∞–∑ –æ–∫–∏—Ç—ã–Ω–¥–∞—Ä–¥—ã –Ω<br>–ñ–∞–º–∞–Ω –∫–æ—Ä—Å–µ—Ç–∫–µ–Ω—Å—ñ–∑–¥–µ—Ä —à–∞—Ä–∏“ì–∞—Ç—ã –æ–ª–∞–π –∫”©—Ä—Å–µ—Ç–ø–µ–Ω—ñ–∑–¥–µ—Ä,0
68,68.0,68.0,68.0,68.0,68.0,–Æ—Å—É—Ñ –º—É—Å—É—Ñ —Ö—É—é—Å—É—Ñ –±–ª—è—Ç—å –±”ô—Ä—ñ–Ω “õ“±—Ä—Ç—Ç—ã,0
69,69.0,69.0,69.0,69.0,69.0,–ë–ª—è—Ç—å –≤–µ—Ä–±–æ–≤—â–∏–∫ —à–∞–∫–∞–ª —Å–∏—è“õ—Ç—ã –Ω–∞“ì—ã–∑ —à–∞–π—Ç–∞–Ω,0
70,70.0,70.0,70.0,70.0,70.0,–ë—ñ—Ä —Ç–æ–ø –Ω–∞–¥–∞–Ω–Ω—ã“£ —ñ—Å—Ç–µ–≥–µ–Ω —ñ—Å—ñ–Ω –ò—Å–ª–∞–º“ì–∞ —à–∞–ø–∞–Ω “õ—ã–ª—ã–ø –∫–µ–π–≥—ñ–∑–µ —Å–∞–ª—É –±–∞—Ä—ã–ø —Ç“±—Ä“ì–∞–Ω –æ–ø–∞—Å—ã–∑–¥—ã“õ . –ê–ª–ª–∞“ª—É –¢–∞“ì–∞–ª–∞ –±–∞—Ä–ª—ã“ì—ã–º—ã–∑–¥—ã“£ –±—ñ–ª—ñ–º—ñ–º—ñ–∑–¥—ñ –∞—Ä—Ç—Ç—ã—Ä—ã–ø –∏–º–∞–Ω—ã–º—ã–∑–¥—ã –±–µ—Ä—ñ–∫ “õ—ã–ª—Å—ã–Ω.,0
71,71.0,71.0,71.0,71.0,71.0,–ö–∏–Ω–æ “õ–∞—Ä–∞–ø –∫–æ–º–µ–Ω—Ç –æ“õ—ã—Å–∞“£ –ª–∞–π–∫,0
72,72.0,72.0,72.0,72.0,72.0,–ú—ã–Ω–∞ –∂–µ—Ä–¥–µ –¥–∏–Ω–¥–∏ –∂–µ–∫ –∫–æ—Ä–∏–Ω–∏—à—Ç–∏ –∫–æ—Ä—Å–µ—Ç–∏–ø –∂–∏–±–µ—Ä–≥–µ–Ω –°—É–±—Ö–∞–Ω–ê–ª–ª–∞—Ö,0
73,73.0,73.0,73.0,73.0,73.0,–ñ–µ—Ä–∫–µ–Ω—ã—à—Ç—ã.....–∫–æ—Ä—ã–Ω–µ–¥—ã,0
74,74.0,74.0,74.0,74.0,74.0,–ù–ï–î–ï–ì–ï–ù –ê–õ–î–ê–£ –í–ò–î–ï–û –°–ê–†–ê–ô –ò–¢–¢–ï–†–ò–ì–û –ú–´–ù–ê–õ–ê–†,0
75,75.0,75.0,75.0,75.0,75.0,–ú–£–ù–î–ê–ô –ê–ö–´–ú–ê–ö –í–ò–î–ï–û–ù–´ –ë–ò–†–ò–ù–®–ò –†–ï–¢ –ö–û–†–£–ò–ú,0
76,76.0,76.0,76.0,76.0,76.0,–ê—Ç—ã—Ä–∞—É–¥–∞ —Ç—É—Å—ã—Ä—ã–ø—Ç—ã–≥–æ,0
77,77.0,77.0,77.0,77.0,77.0,–ê—Å—Ç–∞“ª—Ñ–∏—Ä–ê–ª–ª–∞“ª –º–∞—Ç—Ä—É–¥–∏–ª–µ—Ä –Ω–µ–≥–µ–±“±–ª–∞–π –¥—ñ–Ω–¥—ñ –∂–∞–º–∞–Ω “õ—ã–ª—ã–ø –∫”©—Ä—Å–µ—Ç—É—ñ “õ–æ–π–º–∞–π—Å—ã“£–¥–∞—Ä. –î—ñ–Ω–≥–µ –∫–µ–ª–≥–µ–Ω –∞–¥–∞–º–¥–∞—Ä “õ“±–ª–ø—ã—Ä–ø –∂–∞–π–Ω–∞–ø –∫–µ—Ç—É—à—ñ –µ–¥—ñ.,0
78,78.0,78.0,78.0,78.0,78.0,"–ñ–æ–∫ –¥—É—Ä—ã—Å —Ç—É—Å—ã—Ä–≥–µ–Ω,–æ—Å—ã–Ω–¥–∞–π —Ç–µ—Ä—ã—Å –∞–≥—ã–º–¥–∞ –∫–µ—Ç—ã–ø –±–∞—Ä–∞–∂–∞—Ç–∫–∞–Ω–¥–∞—Ä –∫–∞–Ω—à–∞–º–∞, –ê–ª–ª–∞ –∂–∞—Ä –±–æ–ª—Å—ã–Ω, –æ—Å—ã–Ω–¥–∞–π–¥–∞–Ω —Å–∞–∫—Ç–∞—Å—ã–Ω, –∞–¥–∞—Å—É–¥–∞–Ω",0
79,79.0,79.0,79.0,79.0,79.0,–°—É–±–±—Ö–∞–Ω –ê–ª–ª–∞ —É—è—Ç –º—ã–Ω–∞ –∫–∏–Ω–æ–ª–∞—Ä—ã–Ω —è –±–∞—Å—ã –∂–æ–∫ —è –∞—è–≥—ã –∂–æ–∫ –∫–∞–∑–∞–∫—Ç–∞—Ä –∫–∏–Ω–æ–≥–∞ —Ç—É—Å—É –±–∏–ª–º–µ–π–¥–∏,0
80,80.0,80.0,80.0,80.0,80.0,–ê—Å—Å–∞–ª–∞—É–º–∞–ª–ª–µ–π–∫—É–º —É–∞ —Ä–∞—Ö–º–∞–¥—É–ª–ª–∞—Ö—É —É–∞ –±–∞—Ä–∞–∫–∞—Ç—É—Ö –±—É–ª —Ö–∞–Ω–∞—Ñ–∏ –º–∞—Å—Ö–∞–± –µ–º–µ—Å –ò–Ω—à –ê–ª–ª–∞ –±–∏–∑ —Ö–∞–Ω–∞—Ñ–∏ –º–∞—Å—Ö–∞–±—ã–Ω–¥–∞–º—ã–∑,0
81,81.0,81.0,81.0,81.0,81.0,–û—Å—ã –æ“õ–∏“ì–∞ —Å–æ“£—ã –∂–∞“õ—Å—ã–ª—ã“õ–ø–µ–Ω –∞—è“õ—Ç–∞–ª“ì–∞–Ω—ã“£ –∫”©—Ä—Å–µ—Ç—É –∫–µ—Ä–µ–∫ –µ–¥—ñ. –ò—Å–ª–∞–º –¥—ñ–Ω—ñ 73 —Ç–∞—Ä–º–∞“õ“õ–∞ –±”©–ª—ñ–Ω–µ–¥—ñ. –°–æ–Ω—ã“£ –±—ñ—Ä–µ—ñ —Ç“Ø–∑—É –∂–æ–ª.,0
82,82.0,82.0,82.0,82.0,82.0,–ë—É–∫–∏–ª –º—É—Å–∏–ª–º–∞–Ω–¥–∏ –∂–∞–º–∞–Ω –∫—ã–ª–º–∞–π,0
83,83.0,83.0,83.0,83.0,83.0,–û—Å—ã–Ω–¥–∞–π –æ—Ç–∏—Ä–∏—Ä–∏–∫ –∫–∏–Ω–æ–Ω—ã –∫–æ–π–º–∞–Ω–¥–∞—Ä—à—ã,0
84,84.0,84.0,84.0,84.0,84.0,ŸÇÿßŸÑ :ÿ±ÿ≥ŸàŸÑ ÿßŸÑŸÑŸá (ÿµŸÑ ÿßŸÑŸÑŸá ÿπŸÑŸäŸá Ÿà ÿßŸÑÿ≥ŸÑÿßŸÖ)ÿßŸÑÿ¨ŸáÿßÿØ ÿ£ŸÉÿ®ÿ± ÿ¨ŸáÿßÿØ ŸÜŸÅÿ≥Ÿá,0
85,85.0,85.0,85.0,85.0,85.0,–ë–µ–ª–≥—ñ–ª–µ—Ä—ñ –æ—Å—ã–Ω–¥–∞–π –≥–æ —è –º–µ–º–ª–µ–∫–µ—Ç—Ç—ñ –º–æ–π—ã–Ω–¥–∞–º–∞–π–¥—ã —è –∞—Ç–∞ –∞–Ω–∞–Ω—ã –∑–∞“£–¥—ã —Å–∞–ª—Ç –¥”ô—Å—Ç“Ø—Ä–¥—ñ –±”ô—Ä—ñ –¥—ñ–Ω–∏ —Å–∞—É–∞—Ç—Å—ã–∑–¥—ã“õ—Ç–∞–Ω —Å–æ–Ω–¥—ã“õ—Ç–∞–Ω —Ç–µ–≥—ñ–Ω —Å–∞—É–∞—Ç—ã–º—ã–∑–¥—ã –∞—à–∞–π—ã“õ –º–µ—à—ñ—Ç—Ç–µ–Ω –∏–º–∞–º–¥–∞—Ä–¥–∞–Ω,0
86,86.0,86.0,86.0,86.0,86.0,–ö”©—Ä—ñ–Ω–≥–µ–Ω –∞–¥–∞–º–Ω–∞–Ω —Å–∞—É–∞—Ç –∞—à–ø–∞–π –º–µ–¥—Ä–µ—Å–µ –æ“õ—ã“ì–∞–Ω  –º–µ—à—ñ—Ç –∏–º–∞–º  “õ—ã–∑–º–µ—Ç–∫–µ–ª–µ—Ä—ñ–Ω–µ–Ω –∞—à–∞–π—ã“õ  ”ô—Ä –Ω”ô—Ä—Å–µ–Ω—ã–Ω –º–∞–º–∞–Ω—ã –±–∞—Ä,0
87,87.0,87.0,87.0,87.0,87.0,–ê—Å—Ç–∞—Ö—Ñ–∏—Ä–ê–ª–ª–∞ –¥–∏–Ω–¥–∏ –Ω–µ–≥–µ –±—É–ª–∞–π –∫–æ—Ä—Å–µ—Ç–µ—Å–∏–∑–¥–µ—Ä –æ—Å—ã–¥–∞–Ω –∫–µ–π–Ω –∫–∏–º –Ω–∞–º–∞–∑–≥–∞ –∞—Å–≥–∞–¥ –∞–∑–≥—ã–Ω–¥—ã–∫ –∫–∞–ª–∞–π –∞–∑–∞–π–∞–¥ –±–∞—É—ã—Ä–ª–∞—Ä,0
88,88.0,88.0,88.0,88.0,88.0,"”®–∑ –Ω”ô–ø—Å—ñ“£–º–µ–Ω –∫“Ø—Ä–µ—Å—É, –µ“£ “Ø–ª–∫–µ–µ–µ–Ω –∂–∏—Ö–∞–¥!!!!",0
89,89.0,89.0,89.0,89.0,89.0,“õ–∞–∑–∞“õ—Ç—ã“£ ”©–∑—ñ —Å–µ–ª–µ–º–µ–Ω –º“±—Å—ã–ª–º–∞–Ω –±–æ–ª“ì–∞–Ω –æ“ì–∞–Ω —Å–µ–±–µ–ø –±–∞—Ä –¢–ï–ö —Ö–∞–Ω–∞—Ñ–∏ –º–∞—Å—Ö–∞–±—ã–Ω–¥–∞ –±–æ–ª“ì–∞–Ω –∏–º–∞–º –ê“ì–∑–∞–º,0
90,90.0,90.0,90.0,90.0,90.0,–î“±—Ä—ã—Å –¥“±—Ä—ã—Å –æ—Å—ã–Ω–¥–∞–π–ª–∞—Ä–¥—ã –∫–æ—Ä–∏–ø –Ω–µ –¥“±—Ä—ã—Å –Ω–µ –±“±—Ä—ã—Å –µ–∫–µ–Ω—ñ–Ω –±—ñ–ª–µ—Ç—ñ–Ω –±–æ–ª–∞–º—ã–∑ —Ç—É—Å—ñ—Ä–µ –±–µ—Ä—ñ“£—ñ–∑–¥–µ—Ä –∫–æ–º–º–µ–Ω—Ç–∞—Ä–∏—è–ª–∞—Ä“ì–∞ –º”ô–Ω –±–µ—Ä–º–µ“£—ñ–∑–¥–µ—Ä,0
91,91.0,91.0,91.0,91.0,91.0,5 –º–∏–ª–µ–æ–Ω –∫–∞–∑–∞–∫—Ç—ã –±–∞—Å—ã–Ω –∂–µ–≥–µ–Ω –µ–≤—Ä–µ–π–ª–µ—Ä —Ç—É—Ä–∞–ª—ã –∫–∞–∑—ã—Ä–¥–µ –±–∏–π–ª–∏–∫—Ç—ã–Ω –±–∞—Å—ã–Ω –º–∞—à–∫–µ–≤–∏—á—Ç–µ—Ä–¥—ã –∫–∏–Ω–æ —Å—Ç–µ–Ω–¥–µ—Ä –¥–∏–Ω–≥–µ –∂–∞–±—ã—Å–ø–∞–π .–º–Ω–∞–Ω–¥–∞–π –∫–∏–Ω–æ–≥–∞ —É–∑–±–µ–∫–∏—Å—Ç–∞–Ω–¥–∞ —É–π –∂–∞–π —Å—ã–π–ª—ã–∫–∞ –±–µ—Ä–¥—ã –µ–≤—Ä–µ–π –∫–∞—Ä–∏–º–æ–≤ —Ä–µ–∂–∏—Å–µ—Ä–ª–∞—Ä–≥–∞ —Å–µ–Ω–¥–µ—Ä–¥–µ –∞–ª–∞—Å—ã–Ω–¥–∞—Ä,0
92,92.0,92.0,92.0,92.0,92.0,–ê—É–∑–±–∏–ª–ª–∞—Ö –∫–∞—Ñ–∏—Ä –¥–µ–ø –∫–æ–π–∞–¥—ã –∫–∞—Ñ–∏—Ä –¥–µ–ø –∞–π—Ç—É–≥–∞ –±–æ–ª–º–∞–π–¥—ã –Ω–∞–º–∞–∑ –æ–∫—ã–º–∞–π—Ç—ã–Ω –ê–¥–∞–º –∫–∞—Ñ–∏—Ä –µ–º–µ—Å –∫–∏–Ω–∞–∫–∞—Ä –±–æ–ª–∞–¥—ã,0
93,93.0,93.0,93.0,93.0,93.0,–ê–∫–ø–µ–Ω –∫–∞—Ä–∞–Ω—ã –∞–π—ã—Ä–∞ –∞–ª–º–∞–π—Ç—ã–Ω –∞–∫—ã–º–∞–∫,0
94,94.0,94.0,94.0,94.0,94.0,–ê–∫—ã–ª —Ç–æ–º–µ–Ω –∞–¥–∞–º–¥–∞—Ä–≥–æ–π,0
95,95.0,95.0,95.0,95.0,95.0,–ö–Ω–±–Ω–∏–Ω –∑–∞–∫–∞–∑—ã –µ–º–µ—Å –¥–∏–Ω–¥–∏ –∂–∞–º–∞–Ω–¥–∞—É –µ–º–µ—Å —Ç–µ—Ä–∏—Å –∞–≥—ã–º –∂–æ–Ω–∏–Ω–¥–µ –∫–æ—Ä—Å–µ—Ç–∫–µ–Ω,0
96,96.0,96.0,96.0,96.0,96.0,–ñ–∞“õ—Å—ã —Ç“Ø—Å–∫–µ–Ω –æ–π–ª–∞–Ω“ì–∞–Ω –∞–¥–∞–º“ì–∞ –º–µ–Ω–¥–µ —Å–æ–Ω–¥–∞–π –∫“Ø–∏ –∫–µ—à–∫–µ–º –µ–ª–¥—ñ“£ –±”ô—Ä—ñ–Ω –∫–∞—Ñ–∏—Ä–≥–µ —à—ã“ì–∞—Ä—ã–ø,0
97,97.0,97.0,97.0,97.0,97.0,"<a href=""https://kaz321.blogspot.com/"">https://kaz321.blogspot.com/</a>",0
98,98.0,98.0,98.0,98.0,98.0,–ë–∞—Å—ã –±–∞—Ä –∞—è–≥—ã –∂–æ–∫ –∫–∏–Ω–æ–≥–æ–π –∞—è–≥—ã –Ω–µ –±–æ–ª–¥—ã –∫–∏–º –±–∏–ª–µ–¥–∏.  –†–µ–∂–∏—Å–µ—Ä–¥–∞ —Å–µ–Ω–∞—Ä–∏–Ω –∂–∞–∑–≥–∞–Ω –∞–¥–∞–º–¥–∞ –∫—É—ã–ø –∫–µ—Ç—Ç–∏–º–∞ –∫–∏–Ω–æ–Ω—ã –∫—ã–∑—ã–∫—Ç—ã —Ç—É—Å–∏—Ä–º–µ–≥–µ–Ω —á–∏–Ω–æ–≤–Ω–∏–∫ –¥–µ–π–¥–∏ —á–∏–Ω–æ–≤–Ω–∏–∫ –æ–∑ –∫–∞–±–∏–Ω–µ—Ç–∏ –∂–æ–∫–ø–∞ –∫–æ–Ω—Ç–æ—Ä–∞–¥–∞ —Ä–µ–¥–∞–≤–æ–π —Å–æ—Ç—Ä—É–¥–Ω–∏–∫—Ç–∞—Ä —Å–∏—è–∫—Ç—ã –∂—É—Ä–≥–æ–π .,0
99,99.0,99.0,99.0,99.0,99.0,–î–∞ —Å–µ–∫—Ç–∞–Ω—Ç—ã –Ω–µ–±–æ—Å—å –∫–∞–∫–∏–µ—Ç–∞ –ö–æ—Ç–æ—Ä—ã–π —ç–∫—Å—Ç—Ä–µ–º–∏—Å—Ç—ã –∫–æ—Ç–æ—Ä—ã–π –≤–∑—Ä—ã–≤–∞—é—Ç –∞ –Ω–∞—Ñ–∏–≥ –≤ –∫–∞–∫—É–µ—Ç–∞ —Å–µ–∫—Ç—É –∑–∞—Å—É–Ω—É—Ç –µ—â–µ –î–µ–Ω—å–≥–∞–º–∏ –∑–∞–º–∞–Ω—è—Ç...,0
100,100.0,100.0,100.0,100.0,,–°–∏—Ä–∏—è–¥–∞ –±–æ–ª—ã–ø –∂–∞—Ç“õ–∞–Ω —Å–æ“ì—ã—Å –¥“±—Ä—ã—Å —Å–æ“ì—ã—Å –∫–∞–ø—ñ—Ä–ª–µ—Ä–≥–µ —Ç–∞“ì—É—Ç–∞—Ä“ì–∞ “õ–∞—Ä—Å—ã —Å–æ“ì—ã—Å –±–æ–ª—ã–ø –∂–∞—Ç—ã—Ä “õ–∞–π –µ–ª ”©–∑—ñ–Ω—ñ –º“±—Å—ã–ª–º–∞–Ω –µ–ª–º—ñ–∑ –¥–µ—Å –±—ñ—Ä–∞“õ –æ–ª –µ–ª–¥–µ —à–∞—Ä–∏“ì–∞—Ç –∑–∞“£—ã–º–µ–Ω –±–∞—Å“õ–∞—Ä–º–∞—Å–∞ –æ–ª –µ–ª–¥—ñ –±–∞—Å“õ–∞—Ä—ã–ø –∂–∞—Ç“õ–∞–Ω–¥–∞—Ä —Ç–∞“ì—É—Ç –º“Ø—à—Ä—ñ–∫ –µ—Å–µ–ø—Ç–µ–ª–µ–¥—ñ,0
101,101.0,101.0,101.0,101.0,,–ë—ñ—Ä–µ—É–≥–µ–¥—ñ–Ω –∫”©–Ω—ñ–ª—ñ–Ω–µ  –∫“Ø–ª–∫—ñ –±—ñ–ª–µ—É—ñ–Ω–µ –º“±“£ “±—è–ª–∞—Ç–∞—Ç—ã–Ω –∫–æ—Ä—ñ–Ω—ñ—Å . –ê–ª–ª–∞—Ö –∞–¥–∞—Å—Ç—ã—Ä–º–∞—Å—ã–Ω –±”ô—Ä—ñ–º—ñ–∑–¥–µ –±–∞–ª–∞ –±–∞—Ä –∂–∞–º–∞–Ω –∂–∞–∑–±–∞–Ω—ã–∑–¥–∞—Ä,0
102,102.0,102.0,102.0,102.0,,8–∂—ã–ª –∫–æ—Ä—à–∏—Å–∏ —Å–æ–ª –±–∞—è–≥—ã —Ö–∞–ª–∞—Ç–ø–µ–Ω –∂—É—Ä))),0
103,103.0,103.0,103.0,103.0,,–û–∏ –∫–µ—à–∏—Ä–∏–Ω–∏–∑–¥–µ—Ä –∞–±–∞–∏–ª–∞–Ω—ã–∑–¥–∞—Ä,0
104,104.0,104.0,104.0,104.0,,–ê–±–∞–∏–ª–∞,0
105,105.0,105.0,105.0,105.0,,“ö–æ–π—ã“£—ã–∑–¥–∞—Ä –±“±–ª –∂–µ—Ä–¥–µ –∞—Ç–∞ –∞–Ω–∞–Ω—ã“£ —Ç“Ø–∫ –∫—ñ–Ω”ô—Å—ñ –∂–æ“õ –æ–ª –æ—Ä—Ç–∞“ì–∞ –±–∞–π–ª–∞–Ω—ã—Å—Ç—ã –æ–ª–∞–π –∞–Ω–∞—Å—ã–Ω—ã“£ –∫”©–∑—ñ–Ω—à–µ –∞–π—Ç—É“ì–∞ –±–æ–ª–º–∞–π–¥—ã –∞–Ω–∞ –∂“Ø—Ä–µ–≥—ñ –∫”©—Ç–µ—Ä–º–µ–π–¥—ñ –æ–Ω–¥–∞–π —Å”©–∑–¥—ñ –æ–Ω—ã“£ –æ—Ä–Ω—ã–Ω–∞ ”©–∑–¥–µ—Ä—ñ“£—ñ–∑–¥—ñ “õ–æ–π—ã–ø –∫”©—Ä—ñ“£—ñ–∑–¥–µ—Ä –æ–±–∞–ª “ì–æ–π –∫—ñ–º –±–æ–ª—Å–∞–¥–∞ –±–∞–ª–∞—Å—ã–Ω –∂–∞–º–∞–Ω–¥—ã“õ“õ–∞ “õ–∏—Å—ã–Ω,0
106,106.0,106.0,106.0,106.0,,–ê–ª–ª–∞ —Å–∞–∫—Ç–∞—Å–Ω,0
107,107.0,107.0,107.0,107.0,,”®–∑–¥–µ—Ä—ñ“£ –∂“±—Ä–µ–∫—Ç–µ—Ä—ñ“£ –Ω–µ–Ω—ñ“£ –∂–∞“õ—Å—ã –∂–∞–º–∞–Ω –µ–∫–µ–Ω—ñ–Ω –±—ñ–ª–µ–¥—ñ“ì–æ –Ω–µ –¥—ñ–Ω —Ç—É—Ä–∞–ª—ã –±–∞—Å—Ç–∞—Ä—ã“£–¥—ã “õ–∞—Ç—ã—Ä–∞—Å—ã“£–¥–∞—Ä —Ç—ã–Ω—ã—à ”©–º—ñ—Ä —Å“Ø—Ä—ñ“£–¥–µ—Ä—à–µ—ñ—à —Å–µ–º—ñ–∑–¥—ñ–∫—Ç—ñ —Ç–µ–∫ “õ–æ–π“ì–∞–Ω–∞ –∫”©—Ç–µ—Ä–≥–µ–Ω —Å–æ–Ω—ã “±–º—ã—Ç–ø–∞“£–¥–∞—Ä,0
108,108.0,108.0,108.0,108.0,,–º…ô–Ω—ñ –∂–æ“õ –º–∞“ì–∞–Ω–∞—Å—ã –∂–æ“õ.–¢“Ø—Å—ñ–Ω—ñ–∫—Å—ñ–∑,0
109,109.0,109.0,109.0,109.0,,–ï–º—à–µ–≥—ñ –∂–∞–±—ã“õ –∞–Ω–∞ —Ç–∞–±—ã–ª–º–∞–¥—ã–º–∞,0
110,110.0,110.0,110.0,110.0,,"”ò–∫–µ–Ω ”©–ª–µ–¥—ñ —Å–∞–∫–∞–ª ”©—Å—ñ—Ä–º–µ ,–∞–≥–∞–Ω ”©–ª–µ–¥—ñ –º—É—Ä—Ç ”©—Å—ñ—Ä–º–µ –¥–µ—É—à–µ–¥—ñ –±—É—Ä—ã–Ω–≥—ã –∞—Ç–∞–ª–∞—Ä   –æ—Å—ã–Ω–¥–∞–∏ –ø”ô–ª–µ–Ω—ñ–Ω –∞–ª–¥—ã–Ω –∞–ª–≥–∞–Ω –µ–∫–µ–Ω–≥–æ–π,”ô–¥–µ–ø –≥—É—Ä—ã–ø–∫–∞ —Å–∞–ª—Ç—Å–∞–Ω–∞–≥–∞ –∫–∞–ª–∫–∞–ª–∞–π –∫–µ—Ä–µ–∫ ”ô–∏—Ç–ø–µ—Å–µ  –∞–¥–∞—Å–∞–º—ã–∑ ,—Å–∞–ª—Ç –≥–∞—Å—ã—Ä–ª–∞—Ä –±–æ–π—ã —Å–∞—Ä–∞–ø—Ç–∞–ª–≥–∞–Ω –∫–æ–¥—ã–º—ã–∑ –≥–æ–π –æ—Å—ã–Ω—ã–Ω –∫–∞—à–∞–Ω –∫”ô–¥—ñ—Ä—ñ–Ω–µ –∂–µ—Ç–µ–º—ñ–∑.",0
111,111.0,111.0,111.0,111.0,,–ù–µ –±–∞—Å—ã –∂–æ–∫ –Ω–µ –∞—è–≥—ã –∂–æ–∫.—Ä–µ–∂–∏—Å–µ—Ä–ª–∞—Ä—ã–º—ã–∑–¥–∞ –±–∏—Ä —Ä–æ–ª–∏–∫—Ç–∏ —Ç—É—Å–∏–Ω–∏–∫—Ç–µ –µ—Ç–∏–ø —Ç—É—Å–∏—Ä–µ –∞–ª–º–∞–π–¥—ã –∞–ª –∫–∏–Ω–æ–ª–∞—Ä–¥—ã –∞–π—Ç–ø–∞–π–∞–∫ –∫–æ–π–∞–π—ã–∫,0
112,112.0,112.0,112.0,112.0,,–û–¥–∞–Ω–¥–∞ –±–∞–ª—ã–∫ –∞—É–ª–∞–ø –∂—É—Ä–º–∏—Å–∏–Ω–±–∞ —Ä–∞—Ö–∞—Ç–∫–æ —Å–æ–ª,0
113,113.0,113.0,113.0,113.0,,–ò–º–∞–Ω –∂“Ø—Ä–µ–∫—Ç–µ,0
114,114.0,114.0,114.0,114.0,,–ê—Ç–∞ –∞–Ω–∞—Å—ã –∫—ã–π—ã–Ω –±–æ–ª–¥—ã –∞–∫–µ —à–µ—à–µ –∂—ã–ª–º–∞—Å—ã–Ω,0
115,115.0,115.0,115.0,115.0,,–ë–∞—Ö–∞–±–∏—Å—Ç  –¥–µ–º–µ–Ω–¥–µ—Ä.,0
116,116.0,116.0,116.0,116.0,,–ê–π –∫–æ—Ç—Ç–∏ –∫—ã—Å—ã–ø –∂—É—Ä–≥–µ–Ω–≥–µ –Ω–µ –∂–µ—Ç—Å–∏–Ω,0
117,117.0,117.0,117.0,117.0,,–ñ–∞–∑—ã–∫—Å—ã–∑ –ê–Ω–∞ –±–∞–π–≥—É—Å –∫–∏–Ω–∞–ª–∞–¥—ã.,0
118,118.0,118.0,118.0,118.0,,—Ç—É–ø–æ–π,0
119,119.0,119.0,119.0,119.0,,“ö“±–¥–∞–π—ã–º –ê–ª–ª–∞–º –ñ–∞—Ä–∞—Ç“õ–∞–Ω –∏–µ–º —Å–∞“õ—Ç–∞–π –≥”©—Ä.,0
120,120.0,120.0,120.0,120.0,,–ê–Ω–∞ –æ—Ç–∏—Ä–∏–∫ —Å–∞–∫–∞–ª –Ω–µ –æ–ª –±–∏–∫–æ–Ω—Å–Ω–∏–∫,0
121,121.0,121.0,121.0,121.0,,–ê–∫—Ç—ë—Ä–ª–∞—Ä –µ–º–µ—Å –º—ã–Ω–∞–ª–∞—Ä –º–µ–Ω –∂–∞–∫—Å—ã –æ–π–Ω–∞–π–º—ã–Ω –±–∞ –¥–µ–ø –∫–∞–ª–¥—ã–º –≥–æ–π,0
122,122.0,122.0,122.0,122.0,,"–û–º–∏—Ä–∏–º–¥–µ —Ç–æ–π–¥–∞–Ω —Å–∞—Ä–∫—ã—Ç—Å—ã–∑ –∫–∞–π—Ç–∫–∞–Ω –∞–∫–µ-—à–µ—à–µ–Ω–∏ –∫–æ—Ä–¥–∏–º,üòÇ",0
123,123.0,123.0,123.0,123.0,,"–ë–ê–õ–ê“¢–ê –î–Ü–ù–î–Ü ”®–ó–Ü“¢ “Æ–ô–†–ï–¢–ü–ï–°–ï“¢ , –ï–†–¢–ï“¢  –°–ê–£–°–ê“í–´“¢–î–´ –®–ê–ô–ù–ê–ô–°–´“£.",0
124,124.0,124.0,124.0,124.0,,—Å–∏—Ä–∏—è–º–µ–Ω —Å–æ“ì—ã—Å“ì–∞–Ω—à–∞ –µ–ª—ñ“£–¥—ñ “õ–æ—Ä“ì–∞ –∞—Ä–∞–º–¥–∞—Ä,0
125,125.0,125.0,125.0,125.0,,"–ö–µ—Ç—à—ñ –∫—ã—Ä—Ç–∫–∞–Ω –≤–∏–¥–µ–æ “ì–æ–π, –±–∞—Å–∫–∞—à–∞ —Ç—É—Å–∏—Ä–µ –∞–ª–º–∞–¥—ã–Ω–¥–∞—Ä–º–∞ ))) –∞–π ”ô–π—Ç–µ—É—ñ—Ä –±—É—Ä–º–∞–ª–∞–ø —Ç—É—Å–∏—Ä–µ—Å–∏–Ω–¥–µ—Ä",0
126,126.0,126.0,126.0,126.0,,"–û—Å—ã–Ω–¥–∞–π –≤–∏–¥–∏–æ–ª–∞—Ä –∫”©–ø –±–æ–ª—Å–∞ –µ–∫–µ–Ω,<br>“ö–∞–π–¥–∞“ì—ã –∂–æ“õ –ê–º–µ—Ä–∏–∫–∞ –º–µ–Ω –®–µ—Ç –µ–ª–¥—ñ“£ —é—Ç—É–±—ã–Ω –¥–∞–º—ã—Ç“õ–∞–Ω—à–∞ –æ—Å—ã ”©–∑—ñ–º—ñ–∑–¥—ñ“£ “ö–∞–∑–∞“õ—Ç—ã“£ –¥…ô—Ä–µ–∂–µ—Å—ñ–Ω –∫”©—Ç–µ—Ä–µ–π—ñ–∫,<br>–î“±—Ä—ã—Å —Ç…ô—Ä–±–∏–µ –±…ô—Ä—ñ-–±…ô—Ä—ñ –∞—Ç–∞-–∞–Ω–∞“ì–∞ –±–∞–π–ª–∞–Ω—ã—Å—Ç—ã –æ–π–Ω–∞–π—ã“õ –±–∞—É—ã—Ä–ª–∞—Ä –°–∏—Ä–∏—è“ì–∞ –∫–µ—Ç—ñ–ø –∞–¥–∞—Å–ø–∞–π—ã“õ—à—ã,<br>”®–∑—ñ–º—ñ–∑–¥—ñ“£ –∞—Ç–∞-–±–∞–±–∞–º—ã–∑ –æ“õ—ã“ì–∞–Ω –ù–∞–º–∞–∑ –∂–æ–ª—ã–º–µ–Ω –∂“Ø—Ä–µ–π—ñ–∫—à—ñ!!!",0
127,127.0,127.0,127.0,127.0,,–ê—Å—Å–∞–ª–∞—É–º–∞–≥–∞–ª–µ–π–∫—É–º. –ú–µ–Ω –∂–∞–∫—ã–Ω–¥–∞ –ê—Ä–∞–± –∞–º–∏—Ä–ª–∏–≥–∏–Ω–¥–µ –±–æ–ª–¥—ã–º. –û–ª –∂–∞–∫—Ç–∞ –±–∏–∑–¥–∏–∫–∏–ª–µ—Ä —Å–µ–∫–∏–ª–¥–∏ —Å–∞–∫–∞–ª–¥–∞—Ä—ã–Ω –∫—ã–ª—Ç–∏—Ç—ã–ø –∂—É—Ä–≥–µ–Ω –º—É—Å—ã–ª–º–∞–Ω –∂–æ–∫.  –ë–∏—Ä –∞–¥–∞–º –∂–æ–∫ –±–∞–ª–∞–≥—ã–Ω –∫–µ—Å–∏–ø –∂—É—Ä–≥–µ–Ω.,0
128,128.0,128.0,128.0,128.0,,"–ï“¢ –ë–ò–†–ò–ù–®–ò ∆è–ö–ï –ú–ï–ù –ê–ù–ê–°–´ ”®–ó–î–ï–†–ò –ê–õ–õ–ê–ù–´“¢ –î–Ü–ù–ò–ù –ë–ò–õ–ò–ü –®–ê–†–ò“í–ê–¢–ü–ï–ù “∞–õ “ö–í–ó–î–ê–†–í–ù–ê –¢∆è–†–ë–ò–ï –ë–ï–†–ò–ü ”®–°–ò–†–°–ï –ë–ê–õ–î–ê–†–î–ê “ö–´–ó–î–ê–†–î–ê –ë–´–õ–´“ö“ö–ê–î–ê –ö–£–ù–ê–õ–ò –ò–°–¢–ï–†–ì–ï –ñ–ê–ú–ê–ù–î–´“ö–¢–ê–†“í–ê –ê–î–ê–°–´–ü ”®–ó–ì–ï–õ–ï–†–ì–ï –ï–†–ò–ü –ö–ï–¢–ü–ï–° –ï–î–ò. –ê–õ–õ–ê–ù–´“¢ –ò–°–õ–ê–ú –î–Ü–ù–ò –û–õ –•–ê“ö –î–Ü–ù –ú–ï–ô–Ü–†–Ü–ú–î–Ü–õ–Ü–ö –ü–ï–ù –¢–ï–ö –ë–ï–ô–ë–Ü–¢–®–ò–õ–ò–ö–ö–ï –®–ê“ö–´–†–ê–¢–´–ù –î–Ü–ù. –£–ê–•–ê–ë–ò–°–¢–¢–ï–† ”®–ó–ì–ï “∞–õ–¢–¢–ê–†–î–´“¢ –¢–ï–†–†–û–†–ò–°–¢–ï–†–ò “ö–ê–ó–ê“ö–¢–ê–†–î–´“¢ –î–Ü–ù–ò –ë–ò–õ–ò–ú–°–ò–ó–î–ò–ì–ò–ù –ê–¢–ê –ê–ù–ê–ù–´“¢ –ë–ê–õ–î–ê–†–´–ù “ö–ê–†–ê–£–°–´–ó “ö–ê–õ–î–´–†“í–ê–ù–´–ù –ü–ê–ô–î–ê–õ–ê–ù–´–ü –ñ–ê–°–¢–ê–†–î–´ –ê–î–ê–°–¢–´–†–´–ü ”®–ó –ú–£–î–î–ï–õ–ï–†–ò–ù–ï –ü–ê–ô–î–ê–õ–ê–ù–´–ü –ñ–ê–¢“ö–ê–ù –ò–°–õ–ê–ú –ê–¢–´–ù –ñ–ê–ú–´–õ“í–ê–ù “ö–û–ô –¢–ï–†–ò–°–ò–ù –ñ–ê–ú–´–õ“í–ê–ù “ö–ê–°“ö–´–†–î–ê–ô –ò–°–õ–ê–ú –î–ò–ù–ò–ù–ï  –ï–® “ö–ê–¢–´–°–´ –ñ–û“ö –ë–ê–† –ë–û–õ“í–ê–ù–´ –¢–ï–†–†–û–†–ò–°–¢–¢–ï–†–î–Ü“¢ –°–ê–Ø–°–ê–¢–´. –ê–õ –ë–ò–ó–î–ò“¢ –ñ–ê–°–¢–ê–†–´–ú–´–ó –ê“ö–ò“ö–ê–¢–¢–´ –ê–õ–õ–ê–ù–´“¢ –ò–°–õ–ê–ú –î–Ü–ù–ò–ù –Ü–ó–î–ï–ü –°–û–õ–ê–†–î–´“¢ “ö“∞–†–ë–ê–ù–´ –ë–û–õ–£–î–ê. –î–£–ù–ò–ï –ñ–£–ó–ò–ù–î–ï –ù–ï –ë–û–õ–°–ê–î–ê –ë–ê–†–ò –°–ê–Ø–°–ê–¢. –°–û–ù–î–´“ö–¢–ê–ù –ê–†–ë–ò–† –ê–¢–ê –ê–ù–ê “∞–õ “ö–´–ó–î–ê–†–´–ù–ê ”®–ó–ì–ï–î–ï–ù –£–ô–†–ï–ù–ì–ï–ù–®–ï ”®–ó–î–ï–†–ò –£–ô–†–ï–ù–ò–ü –ú–ï–®–ò–¢–¢–ï–ù –ò–°–õ–ê–ú –î–Ü–ù–ò–ù –ò–ú–ê–ú–î–ê–†–î–ê–ù “ö–ú–î–ë-–ù–´“¢ “∞–õ “ö–´–ó–î–ê–†–´–ù–´“¢ “ö“∞–õ–ê“í–´–ù–ê “ö“∞–ô–´–ü –°–ê–ù–ê–õ–ê–†–´–ù–ê –°–ò“¢–ò–†–ò–ü –û–¢–´–†–£–õ–ê–†–´ –ö–ï–†–ï–ö. –ò–°–õ–ê–ú –î–Ü–ù–ò–ù –ê–¢–ê –ê–ù–ê–°–´–ù–ê–ù –ë–ò–õ–ò–ü ”®–°–ö–ï–ù –ë–ê–õ–ê  –•–ê“ö–¢–´ –û–õ –ï–®“ö–ê–®–ê–ù ”®–ó–ì–ï–õ–ï–†–ì–ï –ï–†–ò–ü –°–ê–Ø–°–ê–¢–¢–´“¢ “ö“∞–†–ë–ê–ù–´ –¢–ï–†–†–û–†–ò–°–¢–¢–ï–†–î–ò“¢ “ö–û–õ –®–û“ö–ü–ê–†–´ –ë–û–õ–´–ü –ö–ï–¢–ü–ï–ô–î–ò!!! –ê–†–ë–ò–† –ê–¢–ê –ê–ù–ê ”®–ó –ë–ê–õ–ê–°–´–ù–ê –ñ–ê–£–ê–ü–¢–´ –ï–ö–ò –î–£–ù–ò–ï–î–ï–î–ï –ñ–ê“ö–°–´“í–ê –£–ô–†–ï–¢–°–ï –ñ–ê“ö–°–´–ù–´“¢ –£–õ–ì–ò–°–ò –ë–û–õ–ê –ê–õ–°–ê –ñ–ê“ö–°–´–õ–´“í–´–ù –ñ–ï–ú–ò–°–ò–ù –ö”®–†–ï–î–ò –ï–®–¢–ï“¢–ï –£–ô–†–ï–¢–ü–ï–°–ï –ñ–ê“ö–°–´ –£–õ–ì–ò –ë–û–õ–ê –ê–õ–ú–ê–°–ê –¢–ï–ö –ó–ê–†–´–ù –®–ï–ì–ï–î–ò. –ê–õ–õ–ê“∫ “ö–ê–°–ò–ï–¢–¢–ò “ö“∞–†–ê–ù–î–ê –ü–ï–ù–î–ï–õ–ï–†–ò–ù –¢–ï–ö –ñ–ê“ö–°–´–õ–´“ö“ö–ê –ë“∞–ô–´–†–´–ü “ö–ê–ù–î–ê–ô –ë“∞–ô–†–´“ö “ö–ê–ù–î–ê–ô –¢–´–ô–´–ú –ë–û–õ–°–ê–î–ê, –ñ–ê“ö–°–´–õ–´“ö“ö–ê –®–ê“ö–´–†–´–ü “ö–ê–ù–î–ê–ô –ê–ú–ê–õ –ë–û–õ–°–ê–î–ê –ë–ê–†–õ–´“ö –ñ–ê–ú–ê–ù–î–´“ö –ê–¢–ê–£–õ–´–î–ê–ù –¢–´–ô–´–ü “ö–û–†“í–ê–ü –ï–°–ö–ï–†–¢–ö–ï–ù. –ï–ì–ï–† –ê–ô–ï–õ –ê–î–ê–ú–î–ê–†“í–ê –ñ–ê–£–õ–´“ö –ö–ò–£–ì–ï –ë–£–ô–´–†–°–ê –ê–õ–õ–ê“∫ “ö“∞–†–ê–ù–î–ê –ë–ê–†–õ–´“ö –ö”®–†–°–ï“ö–´–ó–ê–†–õ–´“ö–¢–ê–ù –ó–ò–ù–ê–î–ê–ù “ö–û–†“í–ê–£ –£–®–ò–ù. –û–î–ê–ù “ö–û–†“ö–ê–¢–´–ù –ï–®–¢–ï“¢–ï –ñ–û“ö –ñ–ê–£–õ–´“ö –ñ–ê–ü–°–ê –ê–†–´–ù –°–ê“ö–¢–ê–ü –ê–õ–õ–ê–ù–´“¢ –ë“∞–ô–†–´“í–´–ù –û–†–´–ù–î–ê–ü –ñ–£–†  –ê–ô–ï–õ –ó–ê–¢–´. –ï–†–õ–ï–† –°–ê“ö–ê–õ “ö–û–ô–°–ê –ï–†–ö–ï–ö –ï–ö–ï–ù–ò–ù –ê–ô–ï–õ–î–ï–ù –ê–ô–´–†–ú–ê–®–´–õ–´“í–´ –ë–ê–† –ï–ö–ï–ù–ò–ù –ë–ò–õ–î–ò–†–ò–ü –ñ–£–† –ê–†–ò–ù–ï –ü–ê–†–´–ó –ï–ú–ï–° –ê–ú–ê–õ –ë–ò–†–ê“ö –°–ê“ö–ê–õ –ï–† –ê–î–ê–ú–ù–´“¢ –ï–†–ö–ï–ö –ï–ö–ï–ù–ò–ù –ö”®–†–°–ï–¢–ï–î–ò. –ê–ô–ï–õ –ê–î–ê–ú –ï–†–ö–ï–ö–ö–ï –ê–õ –ï–† –ö–ò–°–ò –ê–ô–ï–õ –ê–î–ê–ú“í–ê –£“ö–°–ê–ú–ê–£–´ –ö–ï–†–ï–ö –ò–°–õ–ê–ú –î–ò–ù–ò–ù–î–ï –ë–ê–†–õ–´“ö –ê–î–ê–ú–ó–ê–¢“ö–ê –¢–ò–Ü–°–¢–ò –ê–ô–¢–´–õ“í–ê–ù “ö“∞–†–ê–ù–î–ê –ê–õ–õ–ê“∫ –õ–ê“í–´–ù–ï–¢–¢–ï–ì–ï–ù “ö–ê–†“í–´–° –ë–û–õ–°–´–ù –î–ï–ì–ï–ù –ï–†–ö–ï–ö–ö–ï –£“ö–°–ê–ü –ñ–£–†–ì–ï–ù –ê–ô–ï–õ–ì–ï. –ê–ô–ï–õ –ö–ò–°–ò–ù–ò“¢ –ï–† –ö–ò–°–ò–ì–ï –£“ö–°–ê–ü –ñ–£–†–ì–ï–ù–ì–ï. –ë“∞–õ –ñ–ï–†–î–ï –ñ–£–†–ò–° –¢–£–†–ò–°–´ –ö–ò–Ü–ú–Ü –¢–£–† –ö–ï–õ–ë–ï–¢–ò –ò–° “ö–´–ô–ú–´–õ–´ –ë–ê–†–õ–´“í–´ –ö–ò–†–ï–î.<br>–ò–°–õ–ê–ú –î–Ü–ù–ò–ù–ï –ú“∞–°–´–õ–ú–ê–ù–î–ê–†“í–ê –ñ–ê–õ–ê –ñ–ê–£–´–ü “ö–ê–†–ê–õ–ê–ü –ë–û–°“ö–ê ”®–ó–î–ï–†–ò“¢–ï –ö–£–ù–ê –ê–†–¢–ü–ê“¢–î–ê–† –ê–õ–õ–ê“∫ “ö“∞–î–ò–†–ï–¢–¢–ò –ë–ê–†–ò–ù –ö”®–†–£–®–ò –ë–ò–õ–£–®–Ü –ñ∆è–ù–ï –ï–°–¢–£–®–ò. –û–°–´ –ñ–ê–õ“í–ê–ù ”®–ú–ò–†–î–ï–î–ï –ê–•–ò–†–ï–¢–¢–ï –ï–®–ö–ò–ú –ï–®–ö–ò–ú –£–®–ò–ù –ñ–ê–£–ê–ü –ë–ï–†–ú–ï–ô–î–ò –°–û–ù–´ “∞–ú–´–¢–ü–ê“í–ê–ù–´–ú–´–ó –ñ”®–ù.",0
129,129.0,129.0,129.0,129.0,,ŸÖ€áÿ≥ŸÑŸÖÿßŸÜÿØÿßÿ±ÿ∫ÿß €ï⁄≠ ŸÇÿß€ãŸâŸæÿ™Ÿâ ÿ™ŸàŸæ ŸÜÿßŸÖÿßÿ≤ ŸàŸÇŸâŸÖÿßÿ≥ÿßŸÖÿØÿß ÿ¨€áÿ±€ï⁄ØŸâŸÖ ÿ™ÿßÿ≤ÿß ÿØ€ïŸäÿ™ŸâŸÜ ŸÖ€áÿ±ÿ¨Ÿä ÿ™Ÿàÿ®Ÿâÿå ŸÖ€áÿ±ÿ¨ŸäŸÑÿßÿ± ŸÇŸâÿ®ŸÑÿßÿ∫ÿß ŸÇÿßÿ±ÿßÿ∫ÿßŸÜ Ÿäÿß⁄æ€áÿØÿ™ÿßŸÜÿØÿß ÿ®€ïÿ™€ïÿ±ÿå,0
130,130.0,130.0,130.0,130.0,,–ê–ª–ª–∞ –æ–∑–∏ —Å–∞–∫—Ç–∞—Å—ã–Ω —Å—ñ–¥—ñ–∫ —ñ—Ä—ñ“£ –∏—Ç—Ç–µ—Ä–¥–µ–Ω –º–∞–ª“ì“±–Ω –∏—Ç—Ç–µ—Ä –∫–∞–Ω—à–∞–º–∞ –∂–∞–∑—ã–∫—Å—ã–∑ –∂–∞—Å—Ç–∞—Ä–¥—ã “õ“±—Ä—Ç—ã–ø ”©–º—ñ—Ä–ª–µ—Ä—ñ–Ω —Å—ã–Ω–¥—ã—Ä—ã–ø –º—Ä–∞–∑–∏ –±–∞—Å–∫–∞ –µ–ª–¥–µ –æ—Ç—ã—Ä–ø –∞–ª—ã–ø —ñ—Ä—ñ—Ç—ñ–ø —à—ñ—Ä—ñ—Ç—ñ–ø,0
131,131.0,131.0,131.0,131.0,,"–í–∞—Ö–∞–±–∏—Ç—Ç–µ—Ä —Å–∞–ª–∞—Ñ–∏—Ç—Ç–µ—Ä–¥“£–Ω –∞—É—ã–∑–¥–∞—Ä—ã–Ω–∞ –∞“ì—ã–∑—ã–ø,–∫”©—Ç—Ç–µ—Ä—ñ–Ω–µ –∞“ì–∞—à  —Ç—ã“ì—É –∫–µ—Ä–µ–∫.",0
132,132.0,132.0,132.0,132.0,,8 –∞–∑ –æ–Ω–¥–∞–π–ª–∞—Ä–≥–∞ 35 –∂—ã–ª –±–µ—Ä—É –∫–µ—Ä–µ–∫ –±–æ–ª–º–∞—Å–∞ –º–∞–Ω–≥–∏ –±–∞–∫–∏ –±–∞—Å –±–æ—Å—Ç–∞–Ω–¥—ã“ì—ã–Ω–∞ –∞–π—ã—Ä—É –∫–µ—Ä–µ–∫ —Ç–∏–ø–∞ —Ç–∞–∫—É–∞ —Å—ã–º–∞–∫—Ç–∞—Ä,0
133,133.0,133.0,133.0,133.0,,"–ë–∞—Å—ã –∂–æ“õ –∞—è“ì—ã –∂–æ“õ ,–Ω–µ “õ–æ–π—ã–ª—ã–º,–º–∞“ì—ã–Ω–∞—Å—ã –±–∞—Ä –±—ñ—Ä–∞“õ –¥“±—Ä—ã—Å –∂–µ—Ç–∫—ñ–∑–µ –∞–ª–º–∞–¥—ã“£—ã–∑–¥–∞—Ä",0
134,134.0,134.0,134.0,134.0,,–°–∞“õ–∞–ª–¥—ã–ª–∞—Ä –º–µ–Ω —Ö–∏–¥–∂–∞–ø —Ç–∞“ì—ã–ª–∞—Ä  –∞–¥–∞—Å“õ–∞–Ω–¥–∞ —Å–∞“õ–∞–ª—Å—ã–∑–¥–∞—Ä –º–µ–Ω –∂–∞–ª–∞“£–±–∞—Å—Ç–∞—Ä —Ç—É—Ä–∞ –∂–æ–ª–¥–∞–º–∞ –∞—É–∑—É–±–∏–ª–ª–∞ “õ–æ“ì–∞–º “õ–∞—à–∞–Ω —Ä–µ—Ç—Ç–µ–ª–µ–¥—ñ –µ–∫–µ–Ω,0
135,135.0,135.0,135.0,135.0,,"–Ω–µ —É–≤–ª–µ–∫–∞–π—Ç–µ—Å—å –ø–∞—Ü–∞–Ω—ã , —ç—Ç–æ –Ω–µ –∏–≥—Ä—É—à–∫–∏",0
136,136.0,136.0,136.0,136.0,,–ê–ª–ª–∞ —Å–∞–∫—Ç–∞—Å—ã–Ω! –∂—É–º–∞–∫—Ç—ã–Ω –∫–∏–ª—Ç–∏ –∞–Ω–∞–Ω—ã–Ω –∞—è–≥—ã–Ω—ã–Ω –∞—Å—Ç—ã–Ω–¥–∞ –∂—É–º–∞–∫—Ç—ã –µ—à–∫–∞–π–¥–∞–Ω –∏–∑–¥–µ–º–µ–Ω–¥–µ–ø –¥–µ–≥–µ–Ω–≥–æ–π. –∫–∞–Ω—à–∞–ª—ã–∫—Ç—ã –∞–∫–µ —à–µ—à–µ–≥–µ –∞—É—ã—Ä. —Å–æ–Ω–¥–∞–π –±–æ–ª—Å—ã–Ω –¥–µ–ø —Ç–∞—Ä–±–∏–µ –±–µ—Ä–≥–µ–Ω –∂–æ–∫–≥–æ–π –∞–∫–µ —à–µ—à–µ. —Å–∞–Ω–∞—Å—ã–Ω–∞ –±–µ—Ä–º–µ—Å–µ –∞–∫–µ —à–µ—à–µ–Ω–∏–Ω –∂–∞–∑—ã–≥—ã –Ω–µ. –∫–∞–∑–∞–∫—Ç–∞—Ä –æ–π–ª–∞–Ω–∞–π—ã–∫.,0
137,137.0,137.0,137.0,137.0,,–∫–∞–∑–∞–∫ –∂–∞—Å—Ç–∞—Ä—ã .))) –∫–∞–∑–∞–∫ –µ–ªi–Ωi–Ω –±–æ–ª–∞—à–∞–≥—ã –µ–∫–µ–Ωi–ºi–∑–¥i –µ—Å—Ç–µ–Ω —à—ã–≥–∞—Ä–º–∞–π—ã–∫—à—ã.–∞—Ç–∞ –∞–Ω–∞–º—ã–∑–¥—ã –æ–π–ª–∞–π—ã–∫.,0
138,138.0,138.0,138.0,138.0,,–¥“±—Ä—ã—Å –æ—Å—ã–Ω–¥–∞–π–¥—ã“£ –∞–ª–¥—ã–Ω –∞–ª—É –∫–µ—Ä–µ–∫,0
139,139.0,139.0,139.0,,,–°–∏—Ä–∏—è–¥–∞ –±–æ–ª—ã–ø –∂–∞—Ç“õ–∞–Ω —Å–æ“ì—ã—Å –¥“±—Ä—ã—Å —Å–æ“ì—ã—Å –∫–∞–ø—ñ—Ä–ª–µ—Ä–≥–µ —Ç–∞“ì—É—Ç–∞—Ä“ì–∞ “õ–∞—Ä—Å—ã —Å–æ“ì—ã—Å –±–æ–ª—ã–ø –∂–∞—Ç—ã—Ä “õ–∞–π –µ–ª ”©–∑—ñ–Ω—ñ –º“±—Å—ã–ª–º–∞–Ω –µ–ª–º—ñ–∑ –¥–µ—Å –±—ñ—Ä–∞“õ –æ–ª –µ–ª–¥–µ —à–∞—Ä–∏“ì–∞—Ç –∑–∞“£—ã–º–µ–Ω –±–∞—Å“õ–∞—Ä–º–∞—Å–∞ –æ–ª –µ–ª–¥—ñ –±–∞—Å“õ–∞—Ä—ã–ø –∂–∞—Ç“õ–∞–Ω–¥–∞—Ä —Ç–∞“ì—É—Ç –º“Ø—à—Ä—ñ–∫ –µ—Å–µ–ø—Ç–µ–ª–µ–¥—ñ,0
140,140.0,140.0,140.0,,,–ë—ñ—Ä–µ—É–≥–µ–¥—ñ–Ω –∫”©–Ω—ñ–ª—ñ–Ω–µ  –∫“Ø–ª–∫—ñ –±—ñ–ª–µ—É—ñ–Ω–µ –º“±“£ “±—è–ª–∞—Ç–∞—Ç—ã–Ω –∫–æ—Ä—ñ–Ω—ñ—Å . –ê–ª–ª–∞—Ö –∞–¥–∞—Å—Ç—ã—Ä–º–∞—Å—ã–Ω –±”ô—Ä—ñ–º—ñ–∑–¥–µ –±–∞–ª–∞ –±–∞—Ä –∂–∞–º–∞–Ω –∂–∞–∑–±–∞–Ω—ã–∑–¥–∞—Ä,0
141,141.0,141.0,141.0,,,8–∂—ã–ª –∫–æ—Ä—à–∏—Å–∏ —Å–æ–ª –±–∞—è–≥—ã —Ö–∞–ª–∞—Ç–ø–µ–Ω –∂—É—Ä))),0
142,142.0,142.0,142.0,,,–û–∏ –∫–µ—à–∏—Ä–∏–Ω–∏–∑–¥–µ—Ä –∞–±–∞–∏–ª–∞–Ω—ã–∑–¥–∞—Ä,0
143,143.0,143.0,143.0,,,–ê–±–∞–∏–ª–∞,0
144,144.0,144.0,144.0,,,“ö–æ–π—ã“£—ã–∑–¥–∞—Ä –±“±–ª –∂–µ—Ä–¥–µ –∞—Ç–∞ –∞–Ω–∞–Ω—ã“£ —Ç“Ø–∫ –∫—ñ–Ω”ô—Å—ñ –∂–æ“õ –æ–ª –æ—Ä—Ç–∞“ì–∞ –±–∞–π–ª–∞–Ω—ã—Å—Ç—ã –æ–ª–∞–π –∞–Ω–∞—Å—ã–Ω—ã“£ –∫”©–∑—ñ–Ω—à–µ –∞–π—Ç—É“ì–∞ –±–æ–ª–º–∞–π–¥—ã –∞–Ω–∞ –∂“Ø—Ä–µ–≥—ñ –∫”©—Ç–µ—Ä–º–µ–π–¥—ñ –æ–Ω–¥–∞–π —Å”©–∑–¥—ñ –æ–Ω—ã“£ –æ—Ä–Ω—ã–Ω–∞ ”©–∑–¥–µ—Ä—ñ“£—ñ–∑–¥—ñ “õ–æ–π—ã–ø –∫”©—Ä—ñ“£—ñ–∑–¥–µ—Ä –æ–±–∞–ª “ì–æ–π –∫—ñ–º –±–æ–ª—Å–∞–¥–∞ –±–∞–ª–∞—Å—ã–Ω –∂–∞–º–∞–Ω–¥—ã“õ“õ–∞ “õ–∏—Å—ã–Ω,0
145,145.0,145.0,145.0,,,–ê–ª–ª–∞ —Å–∞–∫—Ç–∞—Å–Ω,0
146,146.0,146.0,146.0,,,”®–∑–¥–µ—Ä—ñ“£ –∂“±—Ä–µ–∫—Ç–µ—Ä—ñ“£ –Ω–µ–Ω—ñ“£ –∂–∞“õ—Å—ã –∂–∞–º–∞–Ω –µ–∫–µ–Ω—ñ–Ω –±—ñ–ª–µ–¥—ñ“ì–æ –Ω–µ –¥—ñ–Ω —Ç—É—Ä–∞–ª—ã –±–∞—Å—Ç–∞—Ä—ã“£–¥—ã “õ–∞—Ç—ã—Ä–∞—Å—ã“£–¥–∞—Ä —Ç—ã–Ω—ã—à ”©–º—ñ—Ä —Å“Ø—Ä—ñ“£–¥–µ—Ä—à–µ—ñ—à —Å–µ–º—ñ–∑–¥—ñ–∫—Ç—ñ —Ç–µ–∫ “õ–æ–π“ì–∞–Ω–∞ –∫”©—Ç–µ—Ä–≥–µ–Ω —Å–æ–Ω—ã “±–º—ã—Ç–ø–∞“£–¥–∞—Ä,0
147,147.0,147.0,147.0,,,–º…ô–Ω—ñ –∂–æ“õ –º–∞“ì–∞–Ω–∞—Å—ã –∂–æ“õ.–¢“Ø—Å—ñ–Ω—ñ–∫—Å—ñ–∑,0
148,148.0,148.0,148.0,,,–ï–º—à–µ–≥—ñ –∂–∞–±—ã“õ –∞–Ω–∞ —Ç–∞–±—ã–ª–º–∞–¥—ã–º–∞,0
149,149.0,149.0,149.0,,,"”ò–∫–µ–Ω ”©–ª–µ–¥—ñ —Å–∞–∫–∞–ª ”©—Å—ñ—Ä–º–µ ,–∞–≥–∞–Ω ”©–ª–µ–¥—ñ –º—É—Ä—Ç ”©—Å—ñ—Ä–º–µ –¥–µ—É—à–µ–¥—ñ –±—É—Ä—ã–Ω–≥—ã –∞—Ç–∞–ª–∞—Ä   –æ—Å—ã–Ω–¥–∞–∏ –ø”ô–ª–µ–Ω—ñ–Ω –∞–ª–¥—ã–Ω –∞–ª–≥–∞–Ω –µ–∫–µ–Ω–≥–æ–π,”ô–¥–µ–ø –≥—É—Ä—ã–ø–∫–∞ —Å–∞–ª—Ç—Å–∞–Ω–∞–≥–∞ –∫–∞–ª–∫–∞–ª–∞–π –∫–µ—Ä–µ–∫ ”ô–∏—Ç–ø–µ—Å–µ  –∞–¥–∞—Å–∞–º—ã–∑ ,—Å–∞–ª—Ç –≥–∞—Å—ã—Ä–ª–∞—Ä –±–æ–π—ã —Å–∞—Ä–∞–ø—Ç–∞–ª–≥–∞–Ω –∫–æ–¥—ã–º—ã–∑ –≥–æ–π –æ—Å—ã–Ω—ã–Ω –∫–∞—à–∞–Ω –∫”ô–¥—ñ—Ä—ñ–Ω–µ –∂–µ—Ç–µ–º—ñ–∑.",0
150,150.0,150.0,150.0,,,–ù–µ –±–∞—Å—ã –∂–æ–∫ –Ω–µ –∞—è–≥—ã –∂–æ–∫.—Ä–µ–∂–∏—Å–µ—Ä–ª–∞—Ä—ã–º—ã–∑–¥–∞ –±–∏—Ä —Ä–æ–ª–∏–∫—Ç–∏ —Ç—É—Å–∏–Ω–∏–∫—Ç–µ –µ—Ç–∏–ø —Ç—É—Å–∏—Ä–µ –∞–ª–º–∞–π–¥—ã –∞–ª –∫–∏–Ω–æ–ª–∞—Ä–¥—ã –∞–π—Ç–ø–∞–π–∞–∫ –∫–æ–π–∞–π—ã–∫,0
151,151.0,151.0,151.0,,,–û–¥–∞–Ω–¥–∞ –±–∞–ª—ã–∫ –∞—É–ª–∞–ø –∂—É—Ä–º–∏—Å–∏–Ω–±–∞ —Ä–∞—Ö–∞—Ç–∫–æ —Å–æ–ª,0
152,152.0,152.0,152.0,,,–ò–º–∞–Ω –∂“Ø—Ä–µ–∫—Ç–µ,0
153,153.0,153.0,153.0,,,–ê—Ç–∞ –∞–Ω–∞—Å—ã –∫—ã–π—ã–Ω –±–æ–ª–¥—ã –∞–∫–µ —à–µ—à–µ –∂—ã–ª–º–∞—Å—ã–Ω,0
154,154.0,154.0,154.0,,,–ë–∞—Ö–∞–±–∏—Å—Ç  –¥–µ–º–µ–Ω–¥–µ—Ä.,0
155,155.0,155.0,155.0,,,–ê–π –∫–æ—Ç—Ç–∏ –∫—ã—Å—ã–ø –∂—É—Ä–≥–µ–Ω–≥–µ –Ω–µ –∂–µ—Ç—Å–∏–Ω,0
156,156.0,156.0,156.0,,,–ñ–∞–∑—ã–∫—Å—ã–∑ –ê–Ω–∞ –±–∞–π–≥—É—Å –∫–∏–Ω–∞–ª–∞–¥—ã.,0
157,157.0,157.0,157.0,,,—Ç—É–ø–æ–π,0
158,158.0,158.0,158.0,,,“ö“±–¥–∞–π—ã–º –ê–ª–ª–∞–º –ñ–∞—Ä–∞—Ç“õ–∞–Ω –∏–µ–º —Å–∞“õ—Ç–∞–π –≥”©—Ä.,0
159,159.0,159.0,159.0,,,–ê–Ω–∞ –æ—Ç–∏—Ä–∏–∫ —Å–∞–∫–∞–ª –Ω–µ –æ–ª –±–∏–∫–æ–Ω—Å–Ω–∏–∫,0
160,160.0,160.0,160.0,,,–ê–∫—Ç—ë—Ä–ª–∞—Ä –µ–º–µ—Å –º—ã–Ω–∞–ª–∞—Ä –º–µ–Ω –∂–∞–∫—Å—ã –æ–π–Ω–∞–π–º—ã–Ω –±–∞ –¥–µ–ø –∫–∞–ª–¥—ã–º –≥–æ–π,0
161,161.0,161.0,161.0,,,"–û–º–∏—Ä–∏–º–¥–µ —Ç–æ–π–¥–∞–Ω —Å–∞—Ä–∫—ã—Ç—Å—ã–∑ –∫–∞–π—Ç–∫–∞–Ω –∞–∫–µ-—à–µ—à–µ–Ω–∏ –∫–æ—Ä–¥–∏–º,üòÇ",0
162,162.0,162.0,162.0,,,"–ë–ê–õ–ê“¢–ê –î–Ü–ù–î–Ü ”®–ó–Ü“¢ “Æ–ô–†–ï–¢–ü–ï–°–ï“¢ , –ï–†–¢–ï“¢  –°–ê–£–°–ê“í–´“¢–î–´ –®–ê–ô–ù–ê–ô–°–´“£.",0
163,163.0,163.0,163.0,,,—Å–∏—Ä–∏—è–º–µ–Ω —Å–æ“ì—ã—Å“ì–∞–Ω—à–∞ –µ–ª—ñ“£–¥—ñ “õ–æ—Ä“ì–∞ –∞—Ä–∞–º–¥–∞—Ä,0
164,164.0,164.0,164.0,,,"–ö–µ—Ç—à—ñ –∫—ã—Ä—Ç–∫–∞–Ω –≤–∏–¥–µ–æ “ì–æ–π, –±–∞—Å–∫–∞—à–∞ —Ç—É—Å–∏—Ä–µ –∞–ª–º–∞–¥—ã–Ω–¥–∞—Ä–º–∞ ))) –∞–π ”ô–π—Ç–µ—É—ñ—Ä –±—É—Ä–º–∞–ª–∞–ø —Ç—É—Å–∏—Ä–µ—Å–∏–Ω–¥–µ—Ä",0
165,165.0,165.0,165.0,,,"–û—Å—ã–Ω–¥–∞–π –≤–∏–¥–∏–æ–ª–∞—Ä –∫”©–ø –±–æ–ª—Å–∞ –µ–∫–µ–Ω,<br>“ö–∞–π–¥–∞“ì—ã –∂–æ“õ –ê–º–µ—Ä–∏–∫–∞ –º–µ–Ω –®–µ—Ç –µ–ª–¥—ñ“£ —é—Ç—É–±—ã–Ω –¥–∞–º—ã—Ç“õ–∞–Ω—à–∞ –æ—Å—ã ”©–∑—ñ–º—ñ–∑–¥—ñ“£ “ö–∞–∑–∞“õ—Ç—ã“£ –¥…ô—Ä–µ–∂–µ—Å—ñ–Ω –∫”©—Ç–µ—Ä–µ–π—ñ–∫,<br>–î“±—Ä—ã—Å —Ç…ô—Ä–±–∏–µ –±…ô—Ä—ñ-–±…ô—Ä—ñ –∞—Ç–∞-–∞–Ω–∞“ì–∞ –±–∞–π–ª–∞–Ω—ã—Å—Ç—ã –æ–π–Ω–∞–π—ã“õ –±–∞—É—ã—Ä–ª–∞—Ä –°–∏—Ä–∏—è“ì–∞ –∫–µ—Ç—ñ–ø –∞–¥–∞—Å–ø–∞–π—ã“õ—à—ã,<br>”®–∑—ñ–º—ñ–∑–¥—ñ“£ –∞—Ç–∞-–±–∞–±–∞–º—ã–∑ –æ“õ—ã“ì–∞–Ω –ù–∞–º–∞–∑ –∂–æ–ª—ã–º–µ–Ω –∂“Ø—Ä–µ–π—ñ–∫—à—ñ!!!",0
166,166.0,166.0,166.0,,,–ê—Å—Å–∞–ª–∞—É–º–∞–≥–∞–ª–µ–π–∫—É–º. –ú–µ–Ω –∂–∞–∫—ã–Ω–¥–∞ –ê—Ä–∞–± –∞–º–∏—Ä–ª–∏–≥–∏–Ω–¥–µ –±–æ–ª–¥—ã–º. –û–ª –∂–∞–∫—Ç–∞ –±–∏–∑–¥–∏–∫–∏–ª–µ—Ä —Å–µ–∫–∏–ª–¥–∏ —Å–∞–∫–∞–ª–¥–∞—Ä—ã–Ω –∫—ã–ª—Ç–∏—Ç—ã–ø –∂—É—Ä–≥–µ–Ω –º—É—Å—ã–ª–º–∞–Ω –∂–æ–∫.  –ë–∏—Ä –∞–¥–∞–º –∂–æ–∫ –±–∞–ª–∞–≥—ã–Ω –∫–µ—Å–∏–ø –∂—É—Ä–≥–µ–Ω.,0
167,167.0,167.0,167.0,,,"–ï“¢ –ë–ò–†–ò–ù–®–ò ∆è–ö–ï –ú–ï–ù –ê–ù–ê–°–´ ”®–ó–î–ï–†–ò –ê–õ–õ–ê–ù–´“¢ –î–Ü–ù–ò–ù –ë–ò–õ–ò–ü –®–ê–†–ò“í–ê–¢–ü–ï–ù “∞–õ “ö–í–ó–î–ê–†–í–ù–ê –¢∆è–†–ë–ò–ï –ë–ï–†–ò–ü ”®–°–ò–†–°–ï –ë–ê–õ–î–ê–†–î–ê “ö–´–ó–î–ê–†–î–ê –ë–´–õ–´“ö“ö–ê–î–ê –ö–£–ù–ê–õ–ò –ò–°–¢–ï–†–ì–ï –ñ–ê–ú–ê–ù–î–´“ö–¢–ê–†“í–ê –ê–î–ê–°–´–ü ”®–ó–ì–ï–õ–ï–†–ì–ï –ï–†–ò–ü –ö–ï–¢–ü–ï–° –ï–î–ò. –ê–õ–õ–ê–ù–´“¢ –ò–°–õ–ê–ú –î–Ü–ù–ò –û–õ –•–ê“ö –î–Ü–ù –ú–ï–ô–Ü–†–Ü–ú–î–Ü–õ–Ü–ö –ü–ï–ù –¢–ï–ö –ë–ï–ô–ë–Ü–¢–®–ò–õ–ò–ö–ö–ï –®–ê“ö–´–†–ê–¢–´–ù –î–Ü–ù. –£–ê–•–ê–ë–ò–°–¢–¢–ï–† ”®–ó–ì–ï “∞–õ–¢–¢–ê–†–î–´“¢ –¢–ï–†–†–û–†–ò–°–¢–ï–†–ò “ö–ê–ó–ê“ö–¢–ê–†–î–´“¢ –î–Ü–ù–ò –ë–ò–õ–ò–ú–°–ò–ó–î–ò–ì–ò–ù –ê–¢–ê –ê–ù–ê–ù–´“¢ –ë–ê–õ–î–ê–†–´–ù “ö–ê–†–ê–£–°–´–ó “ö–ê–õ–î–´–†“í–ê–ù–´–ù –ü–ê–ô–î–ê–õ–ê–ù–´–ü –ñ–ê–°–¢–ê–†–î–´ –ê–î–ê–°–¢–´–†–´–ü ”®–ó –ú–£–î–î–ï–õ–ï–†–ò–ù–ï –ü–ê–ô–î–ê–õ–ê–ù–´–ü –ñ–ê–¢“ö–ê–ù –ò–°–õ–ê–ú –ê–¢–´–ù –ñ–ê–ú–´–õ“í–ê–ù “ö–û–ô –¢–ï–†–ò–°–ò–ù –ñ–ê–ú–´–õ“í–ê–ù “ö–ê–°“ö–´–†–î–ê–ô –ò–°–õ–ê–ú –î–ò–ù–ò–ù–ï  –ï–® “ö–ê–¢–´–°–´ –ñ–û“ö –ë–ê–† –ë–û–õ“í–ê–ù–´ –¢–ï–†–†–û–†–ò–°–¢–¢–ï–†–î–Ü“¢ –°–ê–Ø–°–ê–¢–´. –ê–õ –ë–ò–ó–î–ò“¢ –ñ–ê–°–¢–ê–†–´–ú–´–ó –ê“ö–ò“ö–ê–¢–¢–´ –ê–õ–õ–ê–ù–´“¢ –ò–°–õ–ê–ú –î–Ü–ù–ò–ù –Ü–ó–î–ï–ü –°–û–õ–ê–†–î–´“¢ “ö“∞–†–ë–ê–ù–´ –ë–û–õ–£–î–ê. –î–£–ù–ò–ï –ñ–£–ó–ò–ù–î–ï –ù–ï –ë–û–õ–°–ê–î–ê –ë–ê–†–ò –°–ê–Ø–°–ê–¢. –°–û–ù–î–´“ö–¢–ê–ù –ê–†–ë–ò–† –ê–¢–ê –ê–ù–ê “∞–õ “ö–´–ó–î–ê–†–´–ù–ê ”®–ó–ì–ï–î–ï–ù –£–ô–†–ï–ù–ì–ï–ù–®–ï ”®–ó–î–ï–†–ò –£–ô–†–ï–ù–ò–ü –ú–ï–®–ò–¢–¢–ï–ù –ò–°–õ–ê–ú –î–Ü–ù–ò–ù –ò–ú–ê–ú–î–ê–†–î–ê–ù “ö–ú–î–ë-–ù–´“¢ “∞–õ “ö–´–ó–î–ê–†–´–ù–´“¢ “ö“∞–õ–ê“í–´–ù–ê “ö“∞–ô–´–ü –°–ê–ù–ê–õ–ê–†–´–ù–ê –°–ò“¢–ò–†–ò–ü –û–¢–´–†–£–õ–ê–†–´ –ö–ï–†–ï–ö. –ò–°–õ–ê–ú –î–Ü–ù–ò–ù –ê–¢–ê –ê–ù–ê–°–´–ù–ê–ù –ë–ò–õ–ò–ü ”®–°–ö–ï–ù –ë–ê–õ–ê  –•–ê“ö–¢–´ –û–õ –ï–®“ö–ê–®–ê–ù ”®–ó–ì–ï–õ–ï–†–ì–ï –ï–†–ò–ü –°–ê–Ø–°–ê–¢–¢–´“¢ “ö“∞–†–ë–ê–ù–´ –¢–ï–†–†–û–†–ò–°–¢–¢–ï–†–î–ò“¢ “ö–û–õ –®–û“ö–ü–ê–†–´ –ë–û–õ–´–ü –ö–ï–¢–ü–ï–ô–î–ò!!! –ê–†–ë–ò–† –ê–¢–ê –ê–ù–ê ”®–ó –ë–ê–õ–ê–°–´–ù–ê –ñ–ê–£–ê–ü–¢–´ –ï–ö–ò –î–£–ù–ò–ï–î–ï–î–ï –ñ–ê“ö–°–´“í–ê –£–ô–†–ï–¢–°–ï –ñ–ê“ö–°–´–ù–´“¢ –£–õ–ì–ò–°–ò –ë–û–õ–ê –ê–õ–°–ê –ñ–ê“ö–°–´–õ–´“í–´–ù –ñ–ï–ú–ò–°–ò–ù –ö”®–†–ï–î–ò –ï–®–¢–ï“¢–ï –£–ô–†–ï–¢–ü–ï–°–ï –ñ–ê“ö–°–´ –£–õ–ì–ò –ë–û–õ–ê –ê–õ–ú–ê–°–ê –¢–ï–ö –ó–ê–†–´–ù –®–ï–ì–ï–î–ò. –ê–õ–õ–ê“∫ “ö–ê–°–ò–ï–¢–¢–ò “ö“∞–†–ê–ù–î–ê –ü–ï–ù–î–ï–õ–ï–†–ò–ù –¢–ï–ö –ñ–ê“ö–°–´–õ–´“ö“ö–ê –ë“∞–ô–´–†–´–ü “ö–ê–ù–î–ê–ô –ë“∞–ô–†–´“ö “ö–ê–ù–î–ê–ô –¢–´–ô–´–ú –ë–û–õ–°–ê–î–ê, –ñ–ê“ö–°–´–õ–´“ö“ö–ê –®–ê“ö–´–†–´–ü “ö–ê–ù–î–ê–ô –ê–ú–ê–õ –ë–û–õ–°–ê–î–ê –ë–ê–†–õ–´“ö –ñ–ê–ú–ê–ù–î–´“ö –ê–¢–ê–£–õ–´–î–ê–ù –¢–´–ô–´–ü “ö–û–†“í–ê–ü –ï–°–ö–ï–†–¢–ö–ï–ù. –ï–ì–ï–† –ê–ô–ï–õ –ê–î–ê–ú–î–ê–†“í–ê –ñ–ê–£–õ–´“ö –ö–ò–£–ì–ï –ë–£–ô–´–†–°–ê –ê–õ–õ–ê“∫ “ö“∞–†–ê–ù–î–ê –ë–ê–†–õ–´“ö –ö”®–†–°–ï“ö–´–ó–ê–†–õ–´“ö–¢–ê–ù –ó–ò–ù–ê–î–ê–ù “ö–û–†“í–ê–£ –£–®–ò–ù. –û–î–ê–ù “ö–û–†“ö–ê–¢–´–ù –ï–®–¢–ï“¢–ï –ñ–û“ö –ñ–ê–£–õ–´“ö –ñ–ê–ü–°–ê –ê–†–´–ù –°–ê“ö–¢–ê–ü –ê–õ–õ–ê–ù–´“¢ –ë“∞–ô–†–´“í–´–ù –û–†–´–ù–î–ê–ü –ñ–£–†  –ê–ô–ï–õ –ó–ê–¢–´. –ï–†–õ–ï–† –°–ê“ö–ê–õ “ö–û–ô–°–ê –ï–†–ö–ï–ö –ï–ö–ï–ù–ò–ù –ê–ô–ï–õ–î–ï–ù –ê–ô–´–†–ú–ê–®–´–õ–´“í–´ –ë–ê–† –ï–ö–ï–ù–ò–ù –ë–ò–õ–î–ò–†–ò–ü –ñ–£–† –ê–†–ò–ù–ï –ü–ê–†–´–ó –ï–ú–ï–° –ê–ú–ê–õ –ë–ò–†–ê“ö –°–ê“ö–ê–õ –ï–† –ê–î–ê–ú–ù–´“¢ –ï–†–ö–ï–ö –ï–ö–ï–ù–ò–ù –ö”®–†–°–ï–¢–ï–î–ò. –ê–ô–ï–õ –ê–î–ê–ú –ï–†–ö–ï–ö–ö–ï –ê–õ –ï–† –ö–ò–°–ò –ê–ô–ï–õ –ê–î–ê–ú“í–ê –£“ö–°–ê–ú–ê–£–´ –ö–ï–†–ï–ö –ò–°–õ–ê–ú –î–ò–ù–ò–ù–î–ï –ë–ê–†–õ–´“ö –ê–î–ê–ú–ó–ê–¢“ö–ê –¢–ò–Ü–°–¢–ò –ê–ô–¢–´–õ“í–ê–ù “ö“∞–†–ê–ù–î–ê –ê–õ–õ–ê“∫ –õ–ê“í–´–ù–ï–¢–¢–ï–ì–ï–ù “ö–ê–†“í–´–° –ë–û–õ–°–´–ù –î–ï–ì–ï–ù –ï–†–ö–ï–ö–ö–ï –£“ö–°–ê–ü –ñ–£–†–ì–ï–ù –ê–ô–ï–õ–ì–ï. –ê–ô–ï–õ –ö–ò–°–ò–ù–ò“¢ –ï–† –ö–ò–°–ò–ì–ï –£“ö–°–ê–ü –ñ–£–†–ì–ï–ù–ì–ï. –ë“∞–õ –ñ–ï–†–î–ï –ñ–£–†–ò–° –¢–£–†–ò–°–´ –ö–ò–Ü–ú–Ü –¢–£–† –ö–ï–õ–ë–ï–¢–ò –ò–° “ö–´–ô–ú–´–õ–´ –ë–ê–†–õ–´“í–´ –ö–ò–†–ï–î.<br>–ò–°–õ–ê–ú –î–Ü–ù–ò–ù–ï –ú“∞–°–´–õ–ú–ê–ù–î–ê–†“í–ê –ñ–ê–õ–ê –ñ–ê–£–´–ü “ö–ê–†–ê–õ–ê–ü –ë–û–°“ö–ê ”®–ó–î–ï–†–ò“¢–ï –ö–£–ù–ê –ê–†–¢–ü–ê“¢–î–ê–† –ê–õ–õ–ê“∫ “ö“∞–î–ò–†–ï–¢–¢–ò –ë–ê–†–ò–ù –ö”®–†–£–®–ò –ë–ò–õ–£–®–Ü –ñ∆è–ù–ï –ï–°–¢–£–®–ò. –û–°–´ –ñ–ê–õ“í–ê–ù ”®–ú–ò–†–î–ï–î–ï –ê–•–ò–†–ï–¢–¢–ï –ï–®–ö–ò–ú –ï–®–ö–ò–ú –£–®–ò–ù –ñ–ê–£–ê–ü –ë–ï–†–ú–ï–ô–î–ò –°–û–ù–´ “∞–ú–´–¢–ü–ê“í–ê–ù–´–ú–´–ó –ñ”®–ù.",0
168,168.0,168.0,168.0,,,ŸÖ€áÿ≥ŸÑŸÖÿßŸÜÿØÿßÿ±ÿ∫ÿß €ï⁄≠ ŸÇÿß€ãŸâŸæÿ™Ÿâ ÿ™ŸàŸæ ŸÜÿßŸÖÿßÿ≤ ŸàŸÇŸâŸÖÿßÿ≥ÿßŸÖÿØÿß ÿ¨€áÿ±€ï⁄ØŸâŸÖ ÿ™ÿßÿ≤ÿß ÿØ€ïŸäÿ™ŸâŸÜ ŸÖ€áÿ±ÿ¨Ÿä ÿ™Ÿàÿ®Ÿâÿå ŸÖ€áÿ±ÿ¨ŸäŸÑÿßÿ± ŸÇŸâÿ®ŸÑÿßÿ∫ÿß ŸÇÿßÿ±ÿßÿ∫ÿßŸÜ Ÿäÿß⁄æ€áÿØÿ™ÿßŸÜÿØÿß ÿ®€ïÿ™€ïÿ±ÿå,0
169,169.0,169.0,169.0,,,–ê–ª–ª–∞ –æ–∑–∏ —Å–∞–∫—Ç–∞—Å—ã–Ω —Å—ñ–¥—ñ–∫ —ñ—Ä—ñ“£ –∏—Ç—Ç–µ—Ä–¥–µ–Ω –º–∞–ª“ì“±–Ω –∏—Ç—Ç–µ—Ä –∫–∞–Ω—à–∞–º–∞ –∂–∞–∑—ã–∫—Å—ã–∑ –∂–∞—Å—Ç–∞—Ä–¥—ã “õ“±—Ä—Ç—ã–ø ”©–º—ñ—Ä–ª–µ—Ä—ñ–Ω —Å—ã–Ω–¥—ã—Ä—ã–ø –º—Ä–∞–∑–∏ –±–∞—Å–∫–∞ –µ–ª–¥–µ –æ—Ç—ã—Ä–ø –∞–ª—ã–ø —ñ—Ä—ñ—Ç—ñ–ø —à—ñ—Ä—ñ—Ç—ñ–ø,0
170,170.0,170.0,170.0,,,"–í–∞—Ö–∞–±–∏—Ç—Ç–µ—Ä —Å–∞–ª–∞—Ñ–∏—Ç—Ç–µ—Ä–¥“£–Ω –∞—É—ã–∑–¥–∞—Ä—ã–Ω–∞ –∞“ì—ã–∑—ã–ø,–∫”©—Ç—Ç–µ—Ä—ñ–Ω–µ –∞“ì–∞—à  —Ç—ã“ì—É –∫–µ—Ä–µ–∫.",0
171,171.0,171.0,171.0,,,8 –∞–∑ –æ–Ω–¥–∞–π–ª–∞—Ä–≥–∞ 35 –∂—ã–ª –±–µ—Ä—É –∫–µ—Ä–µ–∫ –±–æ–ª–º–∞—Å–∞ –º–∞–Ω–≥–∏ –±–∞–∫–∏ –±–∞—Å –±–æ—Å—Ç–∞–Ω–¥—ã“ì—ã–Ω–∞ –∞–π—ã—Ä—É –∫–µ—Ä–µ–∫ —Ç–∏–ø–∞ —Ç–∞–∫—É–∞ —Å—ã–º–∞–∫—Ç–∞—Ä,0
172,172.0,172.0,172.0,,,"–ë–∞—Å—ã –∂–æ“õ –∞—è“ì—ã –∂–æ“õ ,–Ω–µ “õ–æ–π—ã–ª—ã–º,–º–∞“ì—ã–Ω–∞—Å—ã –±–∞—Ä –±—ñ—Ä–∞“õ –¥“±—Ä—ã—Å –∂–µ—Ç–∫—ñ–∑–µ –∞–ª–º–∞–¥—ã“£—ã–∑–¥–∞—Ä",0
173,173.0,173.0,173.0,,,–°–∞“õ–∞–ª–¥—ã–ª–∞—Ä –º–µ–Ω —Ö–∏–¥–∂–∞–ø —Ç–∞“ì—ã–ª–∞—Ä  –∞–¥–∞—Å“õ–∞–Ω–¥–∞ —Å–∞“õ–∞–ª—Å—ã–∑–¥–∞—Ä –º–µ–Ω –∂–∞–ª–∞“£–±–∞—Å—Ç–∞—Ä —Ç—É—Ä–∞ –∂–æ–ª–¥–∞–º–∞ –∞—É–∑—É–±–∏–ª–ª–∞ “õ–æ“ì–∞–º “õ–∞—à–∞–Ω —Ä–µ—Ç—Ç–µ–ª–µ–¥—ñ –µ–∫–µ–Ω,0
174,174.0,174.0,174.0,,,"–Ω–µ —É–≤–ª–µ–∫–∞–π—Ç–µ—Å—å –ø–∞—Ü–∞–Ω—ã , —ç—Ç–æ –Ω–µ –∏–≥—Ä—É—à–∫–∏",0
175,175.0,175.0,175.0,,,–ê–ª–ª–∞ —Å–∞–∫—Ç–∞—Å—ã–Ω! –∂—É–º–∞–∫—Ç—ã–Ω –∫–∏–ª—Ç–∏ –∞–Ω–∞–Ω—ã–Ω –∞—è–≥—ã–Ω—ã–Ω –∞—Å—Ç—ã–Ω–¥–∞ –∂—É–º–∞–∫—Ç—ã –µ—à–∫–∞–π–¥–∞–Ω –∏–∑–¥–µ–º–µ–Ω–¥–µ–ø –¥–µ–≥–µ–Ω–≥–æ–π. –∫–∞–Ω—à–∞–ª—ã–∫—Ç—ã –∞–∫–µ —à–µ—à–µ–≥–µ –∞—É—ã—Ä. —Å–æ–Ω–¥–∞–π –±–æ–ª—Å—ã–Ω –¥–µ–ø —Ç–∞—Ä–±–∏–µ –±–µ—Ä–≥–µ–Ω –∂–æ–∫–≥–æ–π –∞–∫–µ —à–µ—à–µ. —Å–∞–Ω–∞—Å—ã–Ω–∞ –±–µ—Ä–º–µ—Å–µ –∞–∫–µ —à–µ—à–µ–Ω–∏–Ω –∂–∞–∑—ã–≥—ã –Ω–µ. –∫–∞–∑–∞–∫—Ç–∞—Ä –æ–π–ª–∞–Ω–∞–π—ã–∫.,0
176,176.0,176.0,176.0,,,–∫–∞–∑–∞–∫ –∂–∞—Å—Ç–∞—Ä—ã .))) –∫–∞–∑–∞–∫ –µ–ªi–Ωi–Ω –±–æ–ª–∞—à–∞–≥—ã –µ–∫–µ–Ωi–ºi–∑–¥i –µ—Å—Ç–µ–Ω —à—ã–≥–∞—Ä–º–∞–π—ã–∫—à—ã.–∞—Ç–∞ –∞–Ω–∞–º—ã–∑–¥—ã –æ–π–ª–∞–π—ã–∫.,0
177,177.0,177.0,177.0,,,–¥“±—Ä—ã—Å –æ—Å—ã–Ω–¥–∞–π–¥—ã“£ –∞–ª–¥—ã–Ω –∞–ª—É –∫–µ—Ä–µ–∫,0
178,178.0,178.0,,,,–°–∏—Ä–∏—è–¥–∞ –±–æ–ª—ã–ø –∂–∞—Ç“õ–∞–Ω —Å–æ“ì—ã—Å –¥“±—Ä—ã—Å —Å–æ“ì—ã—Å –∫–∞–ø—ñ—Ä–ª–µ—Ä–≥–µ —Ç–∞“ì—É—Ç–∞—Ä“ì–∞ “õ–∞—Ä—Å—ã —Å–æ“ì—ã—Å –±–æ–ª—ã–ø –∂–∞—Ç—ã—Ä “õ–∞–π –µ–ª ”©–∑—ñ–Ω—ñ –º“±—Å—ã–ª–º–∞–Ω –µ–ª–º—ñ–∑ –¥–µ—Å –±—ñ—Ä–∞“õ –æ–ª –µ–ª–¥–µ —à–∞—Ä–∏“ì–∞—Ç –∑–∞“£—ã–º–µ–Ω –±–∞—Å“õ–∞—Ä–º–∞—Å–∞ –æ–ª –µ–ª–¥—ñ –±–∞—Å“õ–∞—Ä—ã–ø –∂–∞—Ç“õ–∞–Ω–¥–∞—Ä —Ç–∞“ì—É—Ç –º“Ø—à—Ä—ñ–∫ –µ—Å–µ–ø—Ç–µ–ª–µ–¥—ñ,0
179,179.0,179.0,,,,–ë—ñ—Ä–µ—É–≥–µ–¥—ñ–Ω –∫”©–Ω—ñ–ª—ñ–Ω–µ  –∫“Ø–ª–∫—ñ –±—ñ–ª–µ—É—ñ–Ω–µ –º“±“£ “±—è–ª–∞—Ç–∞—Ç—ã–Ω –∫–æ—Ä—ñ–Ω—ñ—Å . –ê–ª–ª–∞—Ö –∞–¥–∞—Å—Ç—ã—Ä–º–∞—Å—ã–Ω –±”ô—Ä—ñ–º—ñ–∑–¥–µ –±–∞–ª–∞ –±–∞—Ä –∂–∞–º–∞–Ω –∂–∞–∑–±–∞–Ω—ã–∑–¥–∞—Ä,0
180,180.0,180.0,,,,8–∂—ã–ª –∫–æ—Ä—à–∏—Å–∏ —Å–æ–ª –±–∞—è–≥—ã —Ö–∞–ª–∞—Ç–ø–µ–Ω –∂—É—Ä))),0
181,181.0,181.0,,,,–û–∏ –∫–µ—à–∏—Ä–∏–Ω–∏–∑–¥–µ—Ä –∞–±–∞–∏–ª–∞–Ω—ã–∑–¥–∞—Ä,0
182,182.0,182.0,,,,–ê–±–∞–∏–ª–∞,0
183,183.0,183.0,,,,“ö–æ–π—ã“£—ã–∑–¥–∞—Ä –±“±–ª –∂–µ—Ä–¥–µ –∞—Ç–∞ –∞–Ω–∞–Ω—ã“£ —Ç“Ø–∫ –∫—ñ–Ω”ô—Å—ñ –∂–æ“õ –æ–ª –æ—Ä—Ç–∞“ì–∞ –±–∞–π–ª–∞–Ω—ã—Å—Ç—ã –æ–ª–∞–π –∞–Ω–∞—Å—ã–Ω—ã“£ –∫”©–∑—ñ–Ω—à–µ –∞–π—Ç—É“ì–∞ –±–æ–ª–º–∞–π–¥—ã –∞–Ω–∞ –∂“Ø—Ä–µ–≥—ñ –∫”©—Ç–µ—Ä–º–µ–π–¥—ñ –æ–Ω–¥–∞–π —Å”©–∑–¥—ñ –æ–Ω—ã“£ –æ—Ä–Ω—ã–Ω–∞ ”©–∑–¥–µ—Ä—ñ“£—ñ–∑–¥—ñ “õ–æ–π—ã–ø –∫”©—Ä—ñ“£—ñ–∑–¥–µ—Ä –æ–±–∞–ª “ì–æ–π –∫—ñ–º –±–æ–ª—Å–∞–¥–∞ –±–∞–ª–∞—Å—ã–Ω –∂–∞–º–∞–Ω–¥—ã“õ“õ–∞ “õ–∏—Å—ã–Ω,0
184,184.0,184.0,,,,–ê–ª–ª–∞ —Å–∞–∫—Ç–∞—Å–Ω,0
185,185.0,185.0,,,,”®–∑–¥–µ—Ä—ñ“£ –∂“±—Ä–µ–∫—Ç–µ—Ä—ñ“£ –Ω–µ–Ω—ñ“£ –∂–∞“õ—Å—ã –∂–∞–º–∞–Ω –µ–∫–µ–Ω—ñ–Ω –±—ñ–ª–µ–¥—ñ“ì–æ –Ω–µ –¥—ñ–Ω —Ç—É—Ä–∞–ª—ã –±–∞—Å—Ç–∞—Ä—ã“£–¥—ã “õ–∞—Ç—ã—Ä–∞—Å—ã“£–¥–∞—Ä —Ç—ã–Ω—ã—à ”©–º—ñ—Ä —Å“Ø—Ä—ñ“£–¥–µ—Ä—à–µ—ñ—à —Å–µ–º—ñ–∑–¥—ñ–∫—Ç—ñ —Ç–µ–∫ “õ–æ–π“ì–∞–Ω–∞ –∫”©—Ç–µ—Ä–≥–µ–Ω —Å–æ–Ω—ã “±–º—ã—Ç–ø–∞“£–¥–∞—Ä,0
186,186.0,186.0,,,,–º…ô–Ω—ñ –∂–æ“õ –º–∞“ì–∞–Ω–∞—Å—ã –∂–æ“õ.–¢“Ø—Å—ñ–Ω—ñ–∫—Å—ñ–∑,0
187,187.0,187.0,,,,–ï–º—à–µ–≥—ñ –∂–∞–±—ã“õ –∞–Ω–∞ —Ç–∞–±—ã–ª–º–∞–¥—ã–º–∞,0
188,188.0,188.0,,,,"”ò–∫–µ–Ω ”©–ª–µ–¥—ñ —Å–∞–∫–∞–ª ”©—Å—ñ—Ä–º–µ ,–∞–≥–∞–Ω ”©–ª–µ–¥—ñ –º—É—Ä—Ç ”©—Å—ñ—Ä–º–µ –¥–µ—É—à–µ–¥—ñ –±—É—Ä—ã–Ω–≥—ã –∞—Ç–∞–ª–∞—Ä   –æ—Å—ã–Ω–¥–∞–∏ –ø”ô–ª–µ–Ω—ñ–Ω –∞–ª–¥—ã–Ω –∞–ª–≥–∞–Ω –µ–∫–µ–Ω–≥–æ–π,”ô–¥–µ–ø –≥—É—Ä—ã–ø–∫–∞ —Å–∞–ª—Ç—Å–∞–Ω–∞–≥–∞ –∫–∞–ª–∫–∞–ª–∞–π –∫–µ—Ä–µ–∫ ”ô–∏—Ç–ø–µ—Å–µ  –∞–¥–∞—Å–∞–º—ã–∑ ,—Å–∞–ª—Ç –≥–∞—Å—ã—Ä–ª–∞—Ä –±–æ–π—ã —Å–∞—Ä–∞–ø—Ç–∞–ª–≥–∞–Ω –∫–æ–¥—ã–º—ã–∑ –≥–æ–π –æ—Å—ã–Ω—ã–Ω –∫–∞—à–∞–Ω –∫”ô–¥—ñ—Ä—ñ–Ω–µ –∂–µ—Ç–µ–º—ñ–∑.",0
189,189.0,189.0,,,,–ù–µ –±–∞—Å—ã –∂–æ–∫ –Ω–µ –∞—è–≥—ã –∂–æ–∫.—Ä–µ–∂–∏—Å–µ—Ä–ª–∞—Ä—ã–º—ã–∑–¥–∞ –±–∏—Ä —Ä–æ–ª–∏–∫—Ç–∏ —Ç—É—Å–∏–Ω–∏–∫—Ç–µ –µ—Ç–∏–ø —Ç—É—Å–∏—Ä–µ –∞–ª–º–∞–π–¥—ã –∞–ª –∫–∏–Ω–æ–ª–∞—Ä–¥—ã –∞–π—Ç–ø–∞–π–∞–∫ –∫–æ–π–∞–π—ã–∫,0
190,190.0,190.0,,,,–û–¥–∞–Ω–¥–∞ –±–∞–ª—ã–∫ –∞—É–ª–∞–ø –∂—É—Ä–º–∏—Å–∏–Ω–±–∞ —Ä–∞—Ö–∞—Ç–∫–æ —Å–æ–ª,0
191,191.0,191.0,,,,–ò–º–∞–Ω –∂“Ø—Ä–µ–∫—Ç–µ,0
192,192.0,192.0,,,,–ê—Ç–∞ –∞–Ω–∞—Å—ã –∫—ã–π—ã–Ω –±–æ–ª–¥—ã –∞–∫–µ —à–µ—à–µ –∂—ã–ª–º–∞—Å—ã–Ω,0
193,193.0,193.0,,,,–ë–∞—Ö–∞–±–∏—Å—Ç  –¥–µ–º–µ–Ω–¥–µ—Ä.,0
194,194.0,194.0,,,,–ê–π –∫–æ—Ç—Ç–∏ –∫—ã—Å—ã–ø –∂—É—Ä–≥–µ–Ω–≥–µ –Ω–µ –∂–µ—Ç—Å–∏–Ω,0
195,195.0,195.0,,,,–ñ–∞–∑—ã–∫—Å—ã–∑ –ê–Ω–∞ –±–∞–π–≥—É—Å –∫–∏–Ω–∞–ª–∞–¥—ã.,0
196,196.0,196.0,,,,—Ç—É–ø–æ–π,0
197,197.0,197.0,,,,“ö“±–¥–∞–π—ã–º –ê–ª–ª–∞–º –ñ–∞—Ä–∞—Ç“õ–∞–Ω –∏–µ–º —Å–∞“õ—Ç–∞–π –≥”©—Ä.,0
198,198.0,198.0,,,,–ê–Ω–∞ –æ—Ç–∏—Ä–∏–∫ —Å–∞–∫–∞–ª –Ω–µ –æ–ª –±–∏–∫–æ–Ω—Å–Ω–∏–∫,0
199,199.0,199.0,,,,–ê–∫—Ç—ë—Ä–ª–∞—Ä –µ–º–µ—Å –º—ã–Ω–∞–ª–∞—Ä –º–µ–Ω –∂–∞–∫—Å—ã –æ–π–Ω–∞–π–º—ã–Ω –±–∞ –¥–µ–ø –∫–∞–ª–¥—ã–º –≥–æ–π,0
200,200.0,200.0,,,,"–û–º–∏—Ä–∏–º–¥–µ —Ç–æ–π–¥–∞–Ω —Å–∞—Ä–∫—ã—Ç—Å—ã–∑ –∫–∞–π—Ç–∫–∞–Ω –∞–∫–µ-—à–µ—à–µ–Ω–∏ –∫–æ—Ä–¥–∏–º,üòÇ",0
201,201.0,201.0,,,,"–ë–ê–õ–ê“¢–ê –î–Ü–ù–î–Ü ”®–ó–Ü“¢ “Æ–ô–†–ï–¢–ü–ï–°–ï“¢ , –ï–†–¢–ï“¢  –°–ê–£–°–ê“í–´“¢–î–´ –®–ê–ô–ù–ê–ô–°–´“£.",0
202,202.0,202.0,,,,—Å–∏—Ä–∏—è–º–µ–Ω —Å–æ“ì—ã—Å“ì–∞–Ω—à–∞ –µ–ª—ñ“£–¥—ñ “õ–æ—Ä“ì–∞ –∞—Ä–∞–º–¥–∞—Ä,0
203,203.0,203.0,,,,"–ö–µ—Ç—à—ñ –∫—ã—Ä—Ç–∫–∞–Ω –≤–∏–¥–µ–æ “ì–æ–π, –±–∞—Å–∫–∞—à–∞ —Ç—É—Å–∏—Ä–µ –∞–ª–º–∞–¥—ã–Ω–¥–∞—Ä–º–∞ ))) –∞–π ”ô–π—Ç–µ—É—ñ—Ä –±—É—Ä–º–∞–ª–∞–ø —Ç—É—Å–∏—Ä–µ—Å–∏–Ω–¥–µ—Ä",0
204,204.0,204.0,,,,"–û—Å—ã–Ω–¥–∞–π –≤–∏–¥–∏–æ–ª–∞—Ä –∫”©–ø –±–æ–ª—Å–∞ –µ–∫–µ–Ω,<br>“ö–∞–π–¥–∞“ì—ã –∂–æ“õ –ê–º–µ—Ä–∏–∫–∞ –º–µ–Ω –®–µ—Ç –µ–ª–¥—ñ“£ —é—Ç—É–±—ã–Ω –¥–∞–º—ã—Ç“õ–∞–Ω—à–∞ –æ—Å—ã ”©–∑—ñ–º—ñ–∑–¥—ñ“£ “ö–∞–∑–∞“õ—Ç—ã“£ –¥…ô—Ä–µ–∂–µ—Å—ñ–Ω –∫”©—Ç–µ—Ä–µ–π—ñ–∫,<br>–î“±—Ä—ã—Å —Ç…ô—Ä–±–∏–µ –±…ô—Ä—ñ-–±…ô—Ä—ñ –∞—Ç–∞-–∞–Ω–∞“ì–∞ –±–∞–π–ª–∞–Ω—ã—Å—Ç—ã –æ–π–Ω–∞–π—ã“õ –±–∞—É—ã—Ä–ª–∞—Ä –°–∏—Ä–∏—è“ì–∞ –∫–µ—Ç—ñ–ø –∞–¥–∞—Å–ø–∞–π—ã“õ—à—ã,<br>”®–∑—ñ–º—ñ–∑–¥—ñ“£ –∞—Ç–∞-–±–∞–±–∞–º—ã–∑ –æ“õ—ã“ì–∞–Ω –ù–∞–º–∞–∑ –∂–æ–ª—ã–º–µ–Ω –∂“Ø—Ä–µ–π—ñ–∫—à—ñ!!!",0
205,205.0,205.0,,,,–ê—Å—Å–∞–ª–∞—É–º–∞–≥–∞–ª–µ–π–∫—É–º. –ú–µ–Ω –∂–∞–∫—ã–Ω–¥–∞ –ê—Ä–∞–± –∞–º–∏—Ä–ª–∏–≥–∏–Ω–¥–µ –±–æ–ª–¥—ã–º. –û–ª –∂–∞–∫—Ç–∞ –±–∏–∑–¥–∏–∫–∏–ª–µ—Ä —Å–µ–∫–∏–ª–¥–∏ —Å–∞–∫–∞–ª–¥–∞—Ä—ã–Ω –∫—ã–ª—Ç–∏—Ç—ã–ø –∂—É—Ä–≥–µ–Ω –º—É—Å—ã–ª–º–∞–Ω –∂–æ–∫.  –ë–∏—Ä –∞–¥–∞–º –∂–æ–∫ –±–∞–ª–∞–≥—ã–Ω –∫–µ—Å–∏–ø –∂—É—Ä–≥–µ–Ω.,0
206,206.0,206.0,,,,"–ï“¢ –ë–ò–†–ò–ù–®–ò ∆è–ö–ï –ú–ï–ù –ê–ù–ê–°–´ ”®–ó–î–ï–†–ò –ê–õ–õ–ê–ù–´“¢ –î–Ü–ù–ò–ù –ë–ò–õ–ò–ü –®–ê–†–ò“í–ê–¢–ü–ï–ù “∞–õ “ö–í–ó–î–ê–†–í–ù–ê –¢∆è–†–ë–ò–ï –ë–ï–†–ò–ü ”®–°–ò–†–°–ï –ë–ê–õ–î–ê–†–î–ê “ö–´–ó–î–ê–†–î–ê –ë–´–õ–´“ö“ö–ê–î–ê –ö–£–ù–ê–õ–ò –ò–°–¢–ï–†–ì–ï –ñ–ê–ú–ê–ù–î–´“ö–¢–ê–†“í–ê –ê–î–ê–°–´–ü ”®–ó–ì–ï–õ–ï–†–ì–ï –ï–†–ò–ü –ö–ï–¢–ü–ï–° –ï–î–ò. –ê–õ–õ–ê–ù–´“¢ –ò–°–õ–ê–ú –î–Ü–ù–ò –û–õ –•–ê“ö –î–Ü–ù –ú–ï–ô–Ü–†–Ü–ú–î–Ü–õ–Ü–ö –ü–ï–ù –¢–ï–ö –ë–ï–ô–ë–Ü–¢–®–ò–õ–ò–ö–ö–ï –®–ê“ö–´–†–ê–¢–´–ù –î–Ü–ù. –£–ê–•–ê–ë–ò–°–¢–¢–ï–† ”®–ó–ì–ï “∞–õ–¢–¢–ê–†–î–´“¢ –¢–ï–†–†–û–†–ò–°–¢–ï–†–ò “ö–ê–ó–ê“ö–¢–ê–†–î–´“¢ –î–Ü–ù–ò –ë–ò–õ–ò–ú–°–ò–ó–î–ò–ì–ò–ù –ê–¢–ê –ê–ù–ê–ù–´“¢ –ë–ê–õ–î–ê–†–´–ù “ö–ê–†–ê–£–°–´–ó “ö–ê–õ–î–´–†“í–ê–ù–´–ù –ü–ê–ô–î–ê–õ–ê–ù–´–ü –ñ–ê–°–¢–ê–†–î–´ –ê–î–ê–°–¢–´–†–´–ü ”®–ó –ú–£–î–î–ï–õ–ï–†–ò–ù–ï –ü–ê–ô–î–ê–õ–ê–ù–´–ü –ñ–ê–¢“ö–ê–ù –ò–°–õ–ê–ú –ê–¢–´–ù –ñ–ê–ú–´–õ“í–ê–ù “ö–û–ô –¢–ï–†–ò–°–ò–ù –ñ–ê–ú–´–õ“í–ê–ù “ö–ê–°“ö–´–†–î–ê–ô –ò–°–õ–ê–ú –î–ò–ù–ò–ù–ï  –ï–® “ö–ê–¢–´–°–´ –ñ–û“ö –ë–ê–† –ë–û–õ“í–ê–ù–´ –¢–ï–†–†–û–†–ò–°–¢–¢–ï–†–î–Ü“¢ –°–ê–Ø–°–ê–¢–´. –ê–õ –ë–ò–ó–î–ò“¢ –ñ–ê–°–¢–ê–†–´–ú–´–ó –ê“ö–ò“ö–ê–¢–¢–´ –ê–õ–õ–ê–ù–´“¢ –ò–°–õ–ê–ú –î–Ü–ù–ò–ù –Ü–ó–î–ï–ü –°–û–õ–ê–†–î–´“¢ “ö“∞–†–ë–ê–ù–´ –ë–û–õ–£–î–ê. –î–£–ù–ò–ï –ñ–£–ó–ò–ù–î–ï –ù–ï –ë–û–õ–°–ê–î–ê –ë–ê–†–ò –°–ê–Ø–°–ê–¢. –°–û–ù–î–´“ö–¢–ê–ù –ê–†–ë–ò–† –ê–¢–ê –ê–ù–ê “∞–õ “ö–´–ó–î–ê–†–´–ù–ê ”®–ó–ì–ï–î–ï–ù –£–ô–†–ï–ù–ì–ï–ù–®–ï ”®–ó–î–ï–†–ò –£–ô–†–ï–ù–ò–ü –ú–ï–®–ò–¢–¢–ï–ù –ò–°–õ–ê–ú –î–Ü–ù–ò–ù –ò–ú–ê–ú–î–ê–†–î–ê–ù “ö–ú–î–ë-–ù–´“¢ “∞–õ “ö–´–ó–î–ê–†–´–ù–´“¢ “ö“∞–õ–ê“í–´–ù–ê “ö“∞–ô–´–ü –°–ê–ù–ê–õ–ê–†–´–ù–ê –°–ò“¢–ò–†–ò–ü –û–¢–´–†–£–õ–ê–†–´ –ö–ï–†–ï–ö. –ò–°–õ–ê–ú –î–Ü–ù–ò–ù –ê–¢–ê –ê–ù–ê–°–´–ù–ê–ù –ë–ò–õ–ò–ü ”®–°–ö–ï–ù –ë–ê–õ–ê  –•–ê“ö–¢–´ –û–õ –ï–®“ö–ê–®–ê–ù ”®–ó–ì–ï–õ–ï–†–ì–ï –ï–†–ò–ü –°–ê–Ø–°–ê–¢–¢–´“¢ “ö“∞–†–ë–ê–ù–´ –¢–ï–†–†–û–†–ò–°–¢–¢–ï–†–î–ò“¢ “ö–û–õ –®–û“ö–ü–ê–†–´ –ë–û–õ–´–ü –ö–ï–¢–ü–ï–ô–î–ò!!! –ê–†–ë–ò–† –ê–¢–ê –ê–ù–ê ”®–ó –ë–ê–õ–ê–°–´–ù–ê –ñ–ê–£–ê–ü–¢–´ –ï–ö–ò –î–£–ù–ò–ï–î–ï–î–ï –ñ–ê“ö–°–´“í–ê –£–ô–†–ï–¢–°–ï –ñ–ê“ö–°–´–ù–´“¢ –£–õ–ì–ò–°–ò –ë–û–õ–ê –ê–õ–°–ê –ñ–ê“ö–°–´–õ–´“í–´–ù –ñ–ï–ú–ò–°–ò–ù –ö”®–†–ï–î–ò –ï–®–¢–ï“¢–ï –£–ô–†–ï–¢–ü–ï–°–ï –ñ–ê“ö–°–´ –£–õ–ì–ò –ë–û–õ–ê –ê–õ–ú–ê–°–ê –¢–ï–ö –ó–ê–†–´–ù –®–ï–ì–ï–î–ò. –ê–õ–õ–ê“∫ “ö–ê–°–ò–ï–¢–¢–ò “ö“∞–†–ê–ù–î–ê –ü–ï–ù–î–ï–õ–ï–†–ò–ù –¢–ï–ö –ñ–ê“ö–°–´–õ–´“ö“ö–ê –ë“∞–ô–´–†–´–ü “ö–ê–ù–î–ê–ô –ë“∞–ô–†–´“ö “ö–ê–ù–î–ê–ô –¢–´–ô–´–ú –ë–û–õ–°–ê–î–ê, –ñ–ê“ö–°–´–õ–´“ö“ö–ê –®–ê“ö–´–†–´–ü “ö–ê–ù–î–ê–ô –ê–ú–ê–õ –ë–û–õ–°–ê–î–ê –ë–ê–†–õ–´“ö –ñ–ê–ú–ê–ù–î–´“ö –ê–¢–ê–£–õ–´–î–ê–ù –¢–´–ô–´–ü “ö–û–†“í–ê–ü –ï–°–ö–ï–†–¢–ö–ï–ù. –ï–ì–ï–† –ê–ô–ï–õ –ê–î–ê–ú–î–ê–†“í–ê –ñ–ê–£–õ–´“ö –ö–ò–£–ì–ï –ë–£–ô–´–†–°–ê –ê–õ–õ–ê“∫ “ö“∞–†–ê–ù–î–ê –ë–ê–†–õ–´“ö –ö”®–†–°–ï“ö–´–ó–ê–†–õ–´“ö–¢–ê–ù –ó–ò–ù–ê–î–ê–ù “ö–û–†“í–ê–£ –£–®–ò–ù. –û–î–ê–ù “ö–û–†“ö–ê–¢–´–ù –ï–®–¢–ï“¢–ï –ñ–û“ö –ñ–ê–£–õ–´“ö –ñ–ê–ü–°–ê –ê–†–´–ù –°–ê“ö–¢–ê–ü –ê–õ–õ–ê–ù–´“¢ –ë“∞–ô–†–´“í–´–ù –û–†–´–ù–î–ê–ü –ñ–£–†  –ê–ô–ï–õ –ó–ê–¢–´. –ï–†–õ–ï–† –°–ê“ö–ê–õ “ö–û–ô–°–ê –ï–†–ö–ï–ö –ï–ö–ï–ù–ò–ù –ê–ô–ï–õ–î–ï–ù –ê–ô–´–†–ú–ê–®–´–õ–´“í–´ –ë–ê–† –ï–ö–ï–ù–ò–ù –ë–ò–õ–î–ò–†–ò–ü –ñ–£–† –ê–†–ò–ù–ï –ü–ê–†–´–ó –ï–ú–ï–° –ê–ú–ê–õ –ë–ò–†–ê“ö –°–ê“ö–ê–õ –ï–† –ê–î–ê–ú–ù–´“¢ –ï–†–ö–ï–ö –ï–ö–ï–ù–ò–ù –ö”®–†–°–ï–¢–ï–î–ò. –ê–ô–ï–õ –ê–î–ê–ú –ï–†–ö–ï–ö–ö–ï –ê–õ –ï–† –ö–ò–°–ò –ê–ô–ï–õ –ê–î–ê–ú“í–ê –£“ö–°–ê–ú–ê–£–´ –ö–ï–†–ï–ö –ò–°–õ–ê–ú –î–ò–ù–ò–ù–î–ï –ë–ê–†–õ–´“ö –ê–î–ê–ú–ó–ê–¢“ö–ê –¢–ò–Ü–°–¢–ò –ê–ô–¢–´–õ“í–ê–ù “ö“∞–†–ê–ù–î–ê –ê–õ–õ–ê“∫ –õ–ê“í–´–ù–ï–¢–¢–ï–ì–ï–ù “ö–ê–†“í–´–° –ë–û–õ–°–´–ù –î–ï–ì–ï–ù –ï–†–ö–ï–ö–ö–ï –£“ö–°–ê–ü –ñ–£–†–ì–ï–ù –ê–ô–ï–õ–ì–ï. –ê–ô–ï–õ –ö–ò–°–ò–ù–ò“¢ –ï–† –ö–ò–°–ò–ì–ï –£“ö–°–ê–ü –ñ–£–†–ì–ï–ù–ì–ï. –ë“∞–õ –ñ–ï–†–î–ï –ñ–£–†–ò–° –¢–£–†–ò–°–´ –ö–ò–Ü–ú–Ü –¢–£–† –ö–ï–õ–ë–ï–¢–ò –ò–° “ö–´–ô–ú–´–õ–´ –ë–ê–†–õ–´“í–´ –ö–ò–†–ï–î.<br>–ò–°–õ–ê–ú –î–Ü–ù–ò–ù–ï –ú“∞–°–´–õ–ú–ê–ù–î–ê–†“í–ê –ñ–ê–õ–ê –ñ–ê–£–´–ü “ö–ê–†–ê–õ–ê–ü –ë–û–°“ö–ê ”®–ó–î–ï–†–ò“¢–ï –ö–£–ù–ê –ê–†–¢–ü–ê“¢–î–ê–† –ê–õ–õ–ê“∫ “ö“∞–î–ò–†–ï–¢–¢–ò –ë–ê–†–ò–ù –ö”®–†–£–®–ò –ë–ò–õ–£–®–Ü –ñ∆è–ù–ï –ï–°–¢–£–®–ò. –û–°–´ –ñ–ê–õ“í–ê–ù ”®–ú–ò–†–î–ï–î–ï –ê–•–ò–†–ï–¢–¢–ï –ï–®–ö–ò–ú –ï–®–ö–ò–ú –£–®–ò–ù –ñ–ê–£–ê–ü –ë–ï–†–ú–ï–ô–î–ò –°–û–ù–´ “∞–ú–´–¢–ü–ê“í–ê–ù–´–ú–´–ó –ñ”®–ù.",0
207,207.0,207.0,,,,ŸÖ€áÿ≥ŸÑŸÖÿßŸÜÿØÿßÿ±ÿ∫ÿß €ï⁄≠ ŸÇÿß€ãŸâŸæÿ™Ÿâ ÿ™ŸàŸæ ŸÜÿßŸÖÿßÿ≤ ŸàŸÇŸâŸÖÿßÿ≥ÿßŸÖÿØÿß ÿ¨€áÿ±€ï⁄ØŸâŸÖ ÿ™ÿßÿ≤ÿß ÿØ€ïŸäÿ™ŸâŸÜ ŸÖ€áÿ±ÿ¨Ÿä ÿ™Ÿàÿ®Ÿâÿå ŸÖ€áÿ±ÿ¨ŸäŸÑÿßÿ± ŸÇŸâÿ®ŸÑÿßÿ∫ÿß ŸÇÿßÿ±ÿßÿ∫ÿßŸÜ Ÿäÿß⁄æ€áÿØÿ™ÿßŸÜÿØÿß ÿ®€ïÿ™€ïÿ±ÿå,0
208,208.0,208.0,,,,–ê–ª–ª–∞ –æ–∑–∏ —Å–∞–∫—Ç–∞—Å—ã–Ω —Å—ñ–¥—ñ–∫ —ñ—Ä—ñ“£ –∏—Ç—Ç–µ—Ä–¥–µ–Ω –º–∞–ª“ì“±–Ω –∏—Ç—Ç–µ—Ä –∫–∞–Ω—à–∞–º–∞ –∂–∞–∑—ã–∫—Å—ã–∑ –∂–∞—Å—Ç–∞—Ä–¥—ã “õ“±—Ä—Ç—ã–ø ”©–º—ñ—Ä–ª–µ—Ä—ñ–Ω —Å—ã–Ω–¥—ã—Ä—ã–ø –º—Ä–∞–∑–∏ –±–∞—Å–∫–∞ –µ–ª–¥–µ –æ—Ç—ã—Ä–ø –∞–ª—ã–ø —ñ—Ä—ñ—Ç—ñ–ø —à—ñ—Ä—ñ—Ç—ñ–ø,0
209,209.0,209.0,,,,"–í–∞—Ö–∞–±–∏—Ç—Ç–µ—Ä —Å–∞–ª–∞—Ñ–∏—Ç—Ç–µ—Ä–¥“£–Ω –∞—É—ã–∑–¥–∞—Ä—ã–Ω–∞ –∞“ì—ã–∑—ã–ø,–∫”©—Ç—Ç–µ—Ä—ñ–Ω–µ –∞“ì–∞—à  —Ç—ã“ì—É –∫–µ—Ä–µ–∫.",0
210,210.0,210.0,,,,8 –∞–∑ –æ–Ω–¥–∞–π–ª–∞—Ä–≥–∞ 35 –∂—ã–ª –±–µ—Ä—É –∫–µ—Ä–µ–∫ –±–æ–ª–º–∞—Å–∞ –º–∞–Ω–≥–∏ –±–∞–∫–∏ –±–∞—Å –±–æ—Å—Ç–∞–Ω–¥—ã“ì—ã–Ω–∞ –∞–π—ã—Ä—É –∫–µ—Ä–µ–∫ —Ç–∏–ø–∞ —Ç–∞–∫—É–∞ —Å—ã–º–∞–∫—Ç–∞—Ä,0
211,211.0,211.0,,,,"–ë–∞—Å—ã –∂–æ“õ –∞—è“ì—ã –∂–æ“õ ,–Ω–µ “õ–æ–π—ã–ª—ã–º,–º–∞“ì—ã–Ω–∞—Å—ã –±–∞—Ä –±—ñ—Ä–∞“õ –¥“±—Ä—ã—Å –∂–µ—Ç–∫—ñ–∑–µ –∞–ª–º–∞–¥—ã“£—ã–∑–¥–∞—Ä",0
212,212.0,212.0,,,,–°–∞“õ–∞–ª–¥—ã–ª–∞—Ä –º–µ–Ω —Ö–∏–¥–∂–∞–ø —Ç–∞“ì—ã–ª–∞—Ä  –∞–¥–∞—Å“õ–∞–Ω–¥–∞ —Å–∞“õ–∞–ª—Å—ã–∑–¥–∞—Ä –º–µ–Ω –∂–∞–ª–∞“£–±–∞—Å—Ç–∞—Ä —Ç—É—Ä–∞ –∂–æ–ª–¥–∞–º–∞ –∞—É–∑—É–±–∏–ª–ª–∞ “õ–æ“ì–∞–º “õ–∞—à–∞–Ω —Ä–µ—Ç—Ç–µ–ª–µ–¥—ñ –µ–∫–µ–Ω,0
213,213.0,213.0,,,,"–Ω–µ —É–≤–ª–µ–∫–∞–π—Ç–µ—Å—å –ø–∞—Ü–∞–Ω—ã , —ç—Ç–æ –Ω–µ –∏–≥—Ä—É—à–∫–∏",0
214,214.0,214.0,,,,–ê–ª–ª–∞ —Å–∞–∫—Ç–∞—Å—ã–Ω! –∂—É–º–∞–∫—Ç—ã–Ω –∫–∏–ª—Ç–∏ –∞–Ω–∞–Ω—ã–Ω –∞—è–≥—ã–Ω—ã–Ω –∞—Å—Ç—ã–Ω–¥–∞ –∂—É–º–∞–∫—Ç—ã –µ—à–∫–∞–π–¥–∞–Ω –∏–∑–¥–µ–º–µ–Ω–¥–µ–ø –¥–µ–≥–µ–Ω–≥–æ–π. –∫–∞–Ω—à–∞–ª—ã–∫—Ç—ã –∞–∫–µ —à–µ—à–µ–≥–µ –∞—É—ã—Ä. —Å–æ–Ω–¥–∞–π –±–æ–ª—Å—ã–Ω –¥–µ–ø —Ç–∞—Ä–±–∏–µ –±–µ—Ä–≥–µ–Ω –∂–æ–∫–≥–æ–π –∞–∫–µ —à–µ—à–µ. —Å–∞–Ω–∞—Å—ã–Ω–∞ –±–µ—Ä–º–µ—Å–µ –∞–∫–µ —à–µ—à–µ–Ω–∏–Ω –∂–∞–∑—ã–≥—ã –Ω–µ. –∫–∞–∑–∞–∫—Ç–∞—Ä –æ–π–ª–∞–Ω–∞–π—ã–∫.,0
215,215.0,215.0,,,,–∫–∞–∑–∞–∫ –∂–∞—Å—Ç–∞—Ä—ã .))) –∫–∞–∑–∞–∫ –µ–ªi–Ωi–Ω –±–æ–ª–∞—à–∞–≥—ã –µ–∫–µ–Ωi–ºi–∑–¥i –µ—Å—Ç–µ–Ω —à—ã–≥–∞—Ä–º–∞–π—ã–∫—à—ã.–∞—Ç–∞ –∞–Ω–∞–º—ã–∑–¥—ã –æ–π–ª–∞–π—ã–∫.,0
216,216.0,216.0,,,,–¥“±—Ä—ã—Å –æ—Å—ã–Ω–¥–∞–π–¥—ã“£ –∞–ª–¥—ã–Ω –∞–ª—É –∫–µ—Ä–µ–∫,0
217,217.0,,,,,–°–∏—Ä–∏—è–¥–∞ –±–æ–ª—ã–ø –∂–∞—Ç“õ–∞–Ω —Å–æ“ì—ã—Å –¥“±—Ä—ã—Å —Å–æ“ì—ã—Å –∫–∞–ø—ñ—Ä–ª–µ—Ä–≥–µ —Ç–∞“ì—É—Ç–∞—Ä“ì–∞ “õ–∞—Ä—Å—ã —Å–æ“ì—ã—Å –±–æ–ª—ã–ø –∂–∞—Ç—ã—Ä “õ–∞–π –µ–ª ”©–∑—ñ–Ω—ñ –º“±—Å—ã–ª–º–∞–Ω –µ–ª–º—ñ–∑ –¥–µ—Å –±—ñ—Ä–∞“õ –æ–ª –µ–ª–¥–µ —à–∞—Ä–∏“ì–∞—Ç –∑–∞“£—ã–º–µ–Ω –±–∞—Å“õ–∞—Ä–º–∞—Å–∞ –æ–ª –µ–ª–¥—ñ –±–∞—Å“õ–∞—Ä—ã–ø –∂–∞—Ç“õ–∞–Ω–¥–∞—Ä —Ç–∞“ì—É—Ç –º“Ø—à—Ä—ñ–∫ –µ—Å–µ–ø—Ç–µ–ª–µ–¥—ñ,0
218,218.0,,,,,–ë—ñ—Ä–µ—É–≥–µ–¥—ñ–Ω –∫”©–Ω—ñ–ª—ñ–Ω–µ  –∫“Ø–ª–∫—ñ –±—ñ–ª–µ—É—ñ–Ω–µ –º“±“£ “±—è–ª–∞—Ç–∞—Ç—ã–Ω –∫–æ—Ä—ñ–Ω—ñ—Å . –ê–ª–ª–∞—Ö –∞–¥–∞—Å—Ç—ã—Ä–º–∞—Å—ã–Ω –±”ô—Ä—ñ–º—ñ–∑–¥–µ –±–∞–ª–∞ –±–∞—Ä –∂–∞–º–∞–Ω –∂–∞–∑–±–∞–Ω—ã–∑–¥–∞—Ä,0
219,219.0,,,,,8–∂—ã–ª –∫–æ—Ä—à–∏—Å–∏ —Å–æ–ª –±–∞—è–≥—ã —Ö–∞–ª–∞—Ç–ø–µ–Ω –∂—É—Ä))),0
220,220.0,,,,,–û–∏ –∫–µ—à–∏—Ä–∏–Ω–∏–∑–¥–µ—Ä –∞–±–∞–∏–ª–∞–Ω—ã–∑–¥–∞—Ä,0
221,221.0,,,,,–ê–±–∞–∏–ª–∞,0
222,222.0,,,,,“ö–æ–π—ã“£—ã–∑–¥–∞—Ä –±“±–ª –∂–µ—Ä–¥–µ –∞—Ç–∞ –∞–Ω–∞–Ω—ã“£ —Ç“Ø–∫ –∫—ñ–Ω”ô—Å—ñ –∂–æ“õ –æ–ª –æ—Ä—Ç–∞“ì–∞ –±–∞–π–ª–∞–Ω—ã—Å—Ç—ã –æ–ª–∞–π –∞–Ω–∞—Å—ã–Ω—ã“£ –∫”©–∑—ñ–Ω—à–µ –∞–π—Ç—É“ì–∞ –±–æ–ª–º–∞–π–¥—ã –∞–Ω–∞ –∂“Ø—Ä–µ–≥—ñ –∫”©—Ç–µ—Ä–º–µ–π–¥—ñ –æ–Ω–¥–∞–π —Å”©–∑–¥—ñ –æ–Ω—ã“£ –æ—Ä–Ω—ã–Ω–∞ ”©–∑–¥–µ—Ä—ñ“£—ñ–∑–¥—ñ “õ–æ–π—ã–ø –∫”©—Ä—ñ“£—ñ–∑–¥–µ—Ä –æ–±–∞–ª “ì–æ–π –∫—ñ–º –±–æ–ª—Å–∞–¥–∞ –±–∞–ª–∞—Å—ã–Ω –∂–∞–º–∞–Ω–¥—ã“õ“õ–∞ “õ–∏—Å—ã–Ω,0
223,223.0,,,,,–ê–ª–ª–∞ —Å–∞–∫—Ç–∞—Å–Ω,0
224,224.0,,,,,”®–∑–¥–µ—Ä—ñ“£ –∂“±—Ä–µ–∫—Ç–µ—Ä—ñ“£ –Ω–µ–Ω—ñ“£ –∂–∞“õ—Å—ã –∂–∞–º–∞–Ω –µ–∫–µ–Ω—ñ–Ω –±—ñ–ª–µ–¥—ñ“ì–æ –Ω–µ –¥—ñ–Ω —Ç—É—Ä–∞–ª—ã –±–∞—Å—Ç–∞—Ä—ã“£–¥—ã “õ–∞—Ç—ã—Ä–∞—Å—ã“£–¥–∞—Ä —Ç—ã–Ω—ã—à ”©–º—ñ—Ä —Å“Ø—Ä—ñ“£–¥–µ—Ä—à–µ—ñ—à —Å–µ–º—ñ–∑–¥—ñ–∫—Ç—ñ —Ç–µ–∫ “õ–æ–π“ì–∞–Ω–∞ –∫”©—Ç–µ—Ä–≥–µ–Ω —Å–æ–Ω—ã “±–º—ã—Ç–ø–∞“£–¥–∞—Ä,0
225,225.0,,,,,–º…ô–Ω—ñ –∂–æ“õ –º–∞“ì–∞–Ω–∞—Å—ã –∂–æ“õ.–¢“Ø—Å—ñ–Ω—ñ–∫—Å—ñ–∑,0
226,226.0,,,,,–ï–º—à–µ–≥—ñ –∂–∞–±—ã“õ –∞–Ω–∞ —Ç–∞–±—ã–ª–º–∞–¥—ã–º–∞,0
227,227.0,,,,,"”ò–∫–µ–Ω ”©–ª–µ–¥—ñ —Å–∞–∫–∞–ª ”©—Å—ñ—Ä–º–µ ,–∞–≥–∞–Ω ”©–ª–µ–¥—ñ –º—É—Ä—Ç ”©—Å—ñ—Ä–º–µ –¥–µ—É—à–µ–¥—ñ –±—É—Ä—ã–Ω–≥—ã –∞—Ç–∞–ª–∞—Ä   –æ—Å—ã–Ω–¥–∞–∏ –ø”ô–ª–µ–Ω—ñ–Ω –∞–ª–¥—ã–Ω –∞–ª–≥–∞–Ω –µ–∫–µ–Ω–≥–æ–π,”ô–¥–µ–ø –≥—É—Ä—ã–ø–∫–∞ —Å–∞–ª—Ç—Å–∞–Ω–∞–≥–∞ –∫–∞–ª–∫–∞–ª–∞–π –∫–µ—Ä–µ–∫ ”ô–∏—Ç–ø–µ—Å–µ  –∞–¥–∞—Å–∞–º—ã–∑ ,—Å–∞–ª—Ç –≥–∞—Å—ã—Ä–ª–∞—Ä –±–æ–π—ã —Å–∞—Ä–∞–ø—Ç–∞–ª–≥–∞–Ω –∫–æ–¥—ã–º—ã–∑ –≥–æ–π –æ—Å—ã–Ω—ã–Ω –∫–∞—à–∞–Ω –∫”ô–¥—ñ—Ä—ñ–Ω–µ –∂–µ—Ç–µ–º—ñ–∑.",0
228,228.0,,,,,–ù–µ –±–∞—Å—ã –∂–æ–∫ –Ω–µ –∞—è–≥—ã –∂–æ–∫.—Ä–µ–∂–∏—Å–µ—Ä–ª–∞—Ä—ã–º—ã–∑–¥–∞ –±–∏—Ä —Ä–æ–ª–∏–∫—Ç–∏ —Ç—É—Å–∏–Ω–∏–∫—Ç–µ –µ—Ç–∏–ø —Ç—É—Å–∏—Ä–µ –∞–ª–º–∞–π–¥—ã –∞–ª –∫–∏–Ω–æ–ª–∞—Ä–¥—ã –∞–π—Ç–ø–∞–π–∞–∫ –∫–æ–π–∞–π—ã–∫,0
229,229.0,,,,,–û–¥–∞–Ω–¥–∞ –±–∞–ª—ã–∫ –∞—É–ª–∞–ø –∂—É—Ä–º–∏—Å–∏–Ω–±–∞ —Ä–∞—Ö–∞—Ç–∫–æ —Å–æ–ª,0
230,230.0,,,,,–ò–º–∞–Ω –∂“Ø—Ä–µ–∫—Ç–µ,0
231,231.0,,,,,–ê—Ç–∞ –∞–Ω–∞—Å—ã –∫—ã–π—ã–Ω –±–æ–ª–¥—ã –∞–∫–µ —à–µ—à–µ –∂—ã–ª–º–∞—Å—ã–Ω,0
232,232.0,,,,,–ë–∞—Ö–∞–±–∏—Å—Ç  –¥–µ–º–µ–Ω–¥–µ—Ä.,0
233,233.0,,,,,–ê–π –∫–æ—Ç—Ç–∏ –∫—ã—Å—ã–ø –∂—É—Ä–≥–µ–Ω–≥–µ –Ω–µ –∂–µ—Ç—Å–∏–Ω,0
234,234.0,,,,,–ñ–∞–∑—ã–∫—Å—ã–∑ –ê–Ω–∞ –±–∞–π–≥—É—Å –∫–∏–Ω–∞–ª–∞–¥—ã.,0
235,235.0,,,,,—Ç—É–ø–æ–π,0
236,236.0,,,,,“ö“±–¥–∞–π—ã–º –ê–ª–ª–∞–º –ñ–∞—Ä–∞—Ç“õ–∞–Ω –∏–µ–º —Å–∞“õ—Ç–∞–π –≥”©—Ä.,0
237,237.0,,,,,–ê–Ω–∞ –æ—Ç–∏—Ä–∏–∫ —Å–∞–∫–∞–ª –Ω–µ –æ–ª –±–∏–∫–æ–Ω—Å–Ω–∏–∫,0
238,238.0,,,,,–ê–∫—Ç—ë—Ä–ª–∞—Ä –µ–º–µ—Å –º—ã–Ω–∞–ª–∞—Ä –º–µ–Ω –∂–∞–∫—Å—ã –æ–π–Ω–∞–π–º—ã–Ω –±–∞ –¥–µ–ø –∫–∞–ª–¥—ã–º –≥–æ–π,0
239,239.0,,,,,"–û–º–∏—Ä–∏–º–¥–µ —Ç–æ–π–¥–∞–Ω —Å–∞—Ä–∫—ã—Ç—Å—ã–∑ –∫–∞–π—Ç–∫–∞–Ω –∞–∫–µ-—à–µ—à–µ–Ω–∏ –∫–æ—Ä–¥–∏–º,üòÇ",0
240,240.0,,,,,"–ë–ê–õ–ê“¢–ê –î–Ü–ù–î–Ü ”®–ó–Ü“¢ “Æ–ô–†–ï–¢–ü–ï–°–ï“¢ , –ï–†–¢–ï“¢  –°–ê–£–°–ê“í–´“¢–î–´ –®–ê–ô–ù–ê–ô–°–´“£.",0
241,241.0,,,,,—Å–∏—Ä–∏—è–º–µ–Ω —Å–æ“ì—ã—Å“ì–∞–Ω—à–∞ –µ–ª—ñ“£–¥—ñ “õ–æ—Ä“ì–∞ –∞—Ä–∞–º–¥–∞—Ä,0
242,242.0,,,,,"–ö–µ—Ç—à—ñ –∫—ã—Ä—Ç–∫–∞–Ω –≤–∏–¥–µ–æ “ì–æ–π, –±–∞—Å–∫–∞—à–∞ —Ç—É—Å–∏—Ä–µ –∞–ª–º–∞–¥—ã–Ω–¥–∞—Ä–º–∞ ))) –∞–π ”ô–π—Ç–µ—É—ñ—Ä –±—É—Ä–º–∞–ª–∞–ø —Ç—É—Å–∏—Ä–µ—Å–∏–Ω–¥–µ—Ä",0
243,243.0,,,,,"–û—Å—ã–Ω–¥–∞–π –≤–∏–¥–∏–æ–ª–∞—Ä –∫”©–ø –±–æ–ª—Å–∞ –µ–∫–µ–Ω,<br>“ö–∞–π–¥–∞“ì—ã –∂–æ“õ –ê–º–µ—Ä–∏–∫–∞ –º–µ–Ω –®–µ—Ç –µ–ª–¥—ñ“£ —é—Ç—É–±—ã–Ω –¥–∞–º—ã—Ç“õ–∞–Ω—à–∞ –æ—Å—ã ”©–∑—ñ–º—ñ–∑–¥—ñ“£ “ö–∞–∑–∞“õ—Ç—ã“£ –¥…ô—Ä–µ–∂–µ—Å—ñ–Ω –∫”©—Ç–µ—Ä–µ–π—ñ–∫,<br>–î“±—Ä—ã—Å —Ç…ô—Ä–±–∏–µ –±…ô—Ä—ñ-–±…ô—Ä—ñ –∞—Ç–∞-–∞–Ω–∞“ì–∞ –±–∞–π–ª–∞–Ω—ã—Å—Ç—ã –æ–π–Ω–∞–π—ã“õ –±–∞—É—ã—Ä–ª–∞—Ä –°–∏—Ä–∏—è“ì–∞ –∫–µ—Ç—ñ–ø –∞–¥–∞—Å–ø–∞–π—ã“õ—à—ã,<br>”®–∑—ñ–º—ñ–∑–¥—ñ“£ –∞—Ç–∞-–±–∞–±–∞–º—ã–∑ –æ“õ—ã“ì–∞–Ω –ù–∞–º–∞–∑ –∂–æ–ª—ã–º–µ–Ω –∂“Ø—Ä–µ–π—ñ–∫—à—ñ!!!",0
244,244.0,,,,,–ê—Å—Å–∞–ª–∞—É–º–∞–≥–∞–ª–µ–π–∫—É–º. –ú–µ–Ω –∂–∞–∫—ã–Ω–¥–∞ –ê—Ä–∞–± –∞–º–∏—Ä–ª–∏–≥–∏–Ω–¥–µ –±–æ–ª–¥—ã–º. –û–ª –∂–∞–∫—Ç–∞ –±–∏–∑–¥–∏–∫–∏–ª–µ—Ä —Å–µ–∫–∏–ª–¥–∏ —Å–∞–∫–∞–ª–¥–∞—Ä—ã–Ω –∫—ã–ª—Ç–∏—Ç—ã–ø –∂—É—Ä–≥–µ–Ω –º—É—Å—ã–ª–º–∞–Ω –∂–æ–∫.  –ë–∏—Ä –∞–¥–∞–º –∂–æ–∫ –±–∞–ª–∞–≥—ã–Ω –∫–µ—Å–∏–ø –∂—É—Ä–≥–µ–Ω.,0
245,245.0,,,,,"–ï“¢ –ë–ò–†–ò–ù–®–ò ∆è–ö–ï –ú–ï–ù –ê–ù–ê–°–´ ”®–ó–î–ï–†–ò –ê–õ–õ–ê–ù–´“¢ –î–Ü–ù–ò–ù –ë–ò–õ–ò–ü –®–ê–†–ò“í–ê–¢–ü–ï–ù “∞–õ “ö–í–ó–î–ê–†–í–ù–ê –¢∆è–†–ë–ò–ï –ë–ï–†–ò–ü ”®–°–ò–†–°–ï –ë–ê–õ–î–ê–†–î–ê “ö–´–ó–î–ê–†–î–ê –ë–´–õ–´“ö“ö–ê–î–ê –ö–£–ù–ê–õ–ò –ò–°–¢–ï–†–ì–ï –ñ–ê–ú–ê–ù–î–´“ö–¢–ê–†“í–ê –ê–î–ê–°–´–ü ”®–ó–ì–ï–õ–ï–†–ì–ï –ï–†–ò–ü –ö–ï–¢–ü–ï–° –ï–î–ò. –ê–õ–õ–ê–ù–´“¢ –ò–°–õ–ê–ú –î–Ü–ù–ò –û–õ –•–ê“ö –î–Ü–ù –ú–ï–ô–Ü–†–Ü–ú–î–Ü–õ–Ü–ö –ü–ï–ù –¢–ï–ö –ë–ï–ô–ë–Ü–¢–®–ò–õ–ò–ö–ö–ï –®–ê“ö–´–†–ê–¢–´–ù –î–Ü–ù. –£–ê–•–ê–ë–ò–°–¢–¢–ï–† ”®–ó–ì–ï “∞–õ–¢–¢–ê–†–î–´“¢ –¢–ï–†–†–û–†–ò–°–¢–ï–†–ò “ö–ê–ó–ê“ö–¢–ê–†–î–´“¢ –î–Ü–ù–ò –ë–ò–õ–ò–ú–°–ò–ó–î–ò–ì–ò–ù –ê–¢–ê –ê–ù–ê–ù–´“¢ –ë–ê–õ–î–ê–†–´–ù “ö–ê–†–ê–£–°–´–ó “ö–ê–õ–î–´–†“í–ê–ù–´–ù –ü–ê–ô–î–ê–õ–ê–ù–´–ü –ñ–ê–°–¢–ê–†–î–´ –ê–î–ê–°–¢–´–†–´–ü ”®–ó –ú–£–î–î–ï–õ–ï–†–ò–ù–ï –ü–ê–ô–î–ê–õ–ê–ù–´–ü –ñ–ê–¢“ö–ê–ù –ò–°–õ–ê–ú –ê–¢–´–ù –ñ–ê–ú–´–õ“í–ê–ù “ö–û–ô –¢–ï–†–ò–°–ò–ù –ñ–ê–ú–´–õ“í–ê–ù “ö–ê–°“ö–´–†–î–ê–ô –ò–°–õ–ê–ú –î–ò–ù–ò–ù–ï  –ï–® “ö–ê–¢–´–°–´ –ñ–û“ö –ë–ê–† –ë–û–õ“í–ê–ù–´ –¢–ï–†–†–û–†–ò–°–¢–¢–ï–†–î–Ü“¢ –°–ê–Ø–°–ê–¢–´. –ê–õ –ë–ò–ó–î–ò“¢ –ñ–ê–°–¢–ê–†–´–ú–´–ó –ê“ö–ò“ö–ê–¢–¢–´ –ê–õ–õ–ê–ù–´“¢ –ò–°–õ–ê–ú –î–Ü–ù–ò–ù –Ü–ó–î–ï–ü –°–û–õ–ê–†–î–´“¢ “ö“∞–†–ë–ê–ù–´ –ë–û–õ–£–î–ê. –î–£–ù–ò–ï –ñ–£–ó–ò–ù–î–ï –ù–ï –ë–û–õ–°–ê–î–ê –ë–ê–†–ò –°–ê–Ø–°–ê–¢. –°–û–ù–î–´“ö–¢–ê–ù –ê–†–ë–ò–† –ê–¢–ê –ê–ù–ê “∞–õ “ö–´–ó–î–ê–†–´–ù–ê ”®–ó–ì–ï–î–ï–ù –£–ô–†–ï–ù–ì–ï–ù–®–ï ”®–ó–î–ï–†–ò –£–ô–†–ï–ù–ò–ü –ú–ï–®–ò–¢–¢–ï–ù –ò–°–õ–ê–ú –î–Ü–ù–ò–ù –ò–ú–ê–ú–î–ê–†–î–ê–ù “ö–ú–î–ë-–ù–´“¢ “∞–õ “ö–´–ó–î–ê–†–´–ù–´“¢ “ö“∞–õ–ê“í–´–ù–ê “ö“∞–ô–´–ü –°–ê–ù–ê–õ–ê–†–´–ù–ê –°–ò“¢–ò–†–ò–ü –û–¢–´–†–£–õ–ê–†–´ –ö–ï–†–ï–ö. –ò–°–õ–ê–ú –î–Ü–ù–ò–ù –ê–¢–ê –ê–ù–ê–°–´–ù–ê–ù –ë–ò–õ–ò–ü ”®–°–ö–ï–ù –ë–ê–õ–ê  –•–ê“ö–¢–´ –û–õ –ï–®“ö–ê–®–ê–ù ”®–ó–ì–ï–õ–ï–†–ì–ï –ï–†–ò–ü –°–ê–Ø–°–ê–¢–¢–´“¢ “ö“∞–†–ë–ê–ù–´ –¢–ï–†–†–û–†–ò–°–¢–¢–ï–†–î–ò“¢ “ö–û–õ –®–û“ö–ü–ê–†–´ –ë–û–õ–´–ü –ö–ï–¢–ü–ï–ô–î–ò!!! –ê–†–ë–ò–† –ê–¢–ê –ê–ù–ê ”®–ó –ë–ê–õ–ê–°–´–ù–ê –ñ–ê–£–ê–ü–¢–´ –ï–ö–ò –î–£–ù–ò–ï–î–ï–î–ï –ñ–ê“ö–°–´“í–ê –£–ô–†–ï–¢–°–ï –ñ–ê“ö–°–´–ù–´“¢ –£–õ–ì–ò–°–ò –ë–û–õ–ê –ê–õ–°–ê –ñ–ê“ö–°–´–õ–´“í–´–ù –ñ–ï–ú–ò–°–ò–ù –ö”®–†–ï–î–ò –ï–®–¢–ï“¢–ï –£–ô–†–ï–¢–ü–ï–°–ï –ñ–ê“ö–°–´ –£–õ–ì–ò –ë–û–õ–ê –ê–õ–ú–ê–°–ê –¢–ï–ö –ó–ê–†–´–ù –®–ï–ì–ï–î–ò. –ê–õ–õ–ê“∫ “ö–ê–°–ò–ï–¢–¢–ò “ö“∞–†–ê–ù–î–ê –ü–ï–ù–î–ï–õ–ï–†–ò–ù –¢–ï–ö –ñ–ê“ö–°–´–õ–´“ö“ö–ê –ë“∞–ô–´–†–´–ü “ö–ê–ù–î–ê–ô –ë“∞–ô–†–´“ö “ö–ê–ù–î–ê–ô –¢–´–ô–´–ú –ë–û–õ–°–ê–î–ê, –ñ–ê“ö–°–´–õ–´“ö“ö–ê –®–ê“ö–´–†–´–ü “ö–ê–ù–î–ê–ô –ê–ú–ê–õ –ë–û–õ–°–ê–î–ê –ë–ê–†–õ–´“ö –ñ–ê–ú–ê–ù–î–´“ö –ê–¢–ê–£–õ–´–î–ê–ù –¢–´–ô–´–ü “ö–û–†“í–ê–ü –ï–°–ö–ï–†–¢–ö–ï–ù. –ï–ì–ï–† –ê–ô–ï–õ –ê–î–ê–ú–î–ê–†“í–ê –ñ–ê–£–õ–´“ö –ö–ò–£–ì–ï –ë–£–ô–´–†–°–ê –ê–õ–õ–ê“∫ “ö“∞–†–ê–ù–î–ê –ë–ê–†–õ–´“ö –ö”®–†–°–ï“ö–´–ó–ê–†–õ–´“ö–¢–ê–ù –ó–ò–ù–ê–î–ê–ù “ö–û–†“í–ê–£ –£–®–ò–ù. –û–î–ê–ù “ö–û–†“ö–ê–¢–´–ù –ï–®–¢–ï“¢–ï –ñ–û“ö –ñ–ê–£–õ–´“ö –ñ–ê–ü–°–ê –ê–†–´–ù –°–ê“ö–¢–ê–ü –ê–õ–õ–ê–ù–´“¢ –ë“∞–ô–†–´“í–´–ù –û–†–´–ù–î–ê–ü –ñ–£–†  –ê–ô–ï–õ –ó–ê–¢–´. –ï–†–õ–ï–† –°–ê“ö–ê–õ “ö–û–ô–°–ê –ï–†–ö–ï–ö –ï–ö–ï–ù–ò–ù –ê–ô–ï–õ–î–ï–ù –ê–ô–´–†–ú–ê–®–´–õ–´“í–´ –ë–ê–† –ï–ö–ï–ù–ò–ù –ë–ò–õ–î–ò–†–ò–ü –ñ–£–† –ê–†–ò–ù–ï –ü–ê–†–´–ó –ï–ú–ï–° –ê–ú–ê–õ –ë–ò–†–ê“ö –°–ê“ö–ê–õ –ï–† –ê–î–ê–ú–ù–´“¢ –ï–†–ö–ï–ö –ï–ö–ï–ù–ò–ù –ö”®–†–°–ï–¢–ï–î–ò. –ê–ô–ï–õ –ê–î–ê–ú –ï–†–ö–ï–ö–ö–ï –ê–õ –ï–† –ö–ò–°–ò –ê–ô–ï–õ –ê–î–ê–ú“í–ê –£“ö–°–ê–ú–ê–£–´ –ö–ï–†–ï–ö –ò–°–õ–ê–ú –î–ò–ù–ò–ù–î–ï –ë–ê–†–õ–´“ö –ê–î–ê–ú–ó–ê–¢“ö–ê –¢–ò–Ü–°–¢–ò –ê–ô–¢–´–õ“í–ê–ù “ö“∞–†–ê–ù–î–ê –ê–õ–õ–ê“∫ –õ–ê“í–´–ù–ï–¢–¢–ï–ì–ï–ù “ö–ê–†“í–´–° –ë–û–õ–°–´–ù –î–ï–ì–ï–ù –ï–†–ö–ï–ö–ö–ï –£“ö–°–ê–ü –ñ–£–†–ì–ï–ù –ê–ô–ï–õ–ì–ï. –ê–ô–ï–õ –ö–ò–°–ò–ù–ò“¢ –ï–† –ö–ò–°–ò–ì–ï –£“ö–°–ê–ü –ñ–£–†–ì–ï–ù–ì–ï. –ë“∞–õ –ñ–ï–†–î–ï –ñ–£–†–ò–° –¢–£–†–ò–°–´ –ö–ò–Ü–ú–Ü –¢–£–† –ö–ï–õ–ë–ï–¢–ò –ò–° “ö–´–ô–ú–´–õ–´ –ë–ê–†–õ–´“í–´ –ö–ò–†–ï–î.<br>–ò–°–õ–ê–ú –î–Ü–ù–ò–ù–ï –ú“∞–°–´–õ–ú–ê–ù–î–ê–†“í–ê –ñ–ê–õ–ê –ñ–ê–£–´–ü “ö–ê–†–ê–õ–ê–ü –ë–û–°“ö–ê ”®–ó–î–ï–†–ò“¢–ï –ö–£–ù–ê –ê–†–¢–ü–ê“¢–î–ê–† –ê–õ–õ–ê“∫ “ö“∞–î–ò–†–ï–¢–¢–ò –ë–ê–†–ò–ù –ö”®–†–£–®–ò –ë–ò–õ–£–®–Ü –ñ∆è–ù–ï –ï–°–¢–£–®–ò. –û–°–´ –ñ–ê–õ“í–ê–ù ”®–ú–ò–†–î–ï–î–ï –ê–•–ò–†–ï–¢–¢–ï –ï–®–ö–ò–ú –ï–®–ö–ò–ú –£–®–ò–ù –ñ–ê–£–ê–ü –ë–ï–†–ú–ï–ô–î–ò –°–û–ù–´ “∞–ú–´–¢–ü–ê“í–ê–ù–´–ú–´–ó –ñ”®–ù.",0
246,246.0,,,,,ŸÖ€áÿ≥ŸÑŸÖÿßŸÜÿØÿßÿ±ÿ∫ÿß €ï⁄≠ ŸÇÿß€ãŸâŸæÿ™Ÿâ ÿ™ŸàŸæ ŸÜÿßŸÖÿßÿ≤ ŸàŸÇŸâŸÖÿßÿ≥ÿßŸÖÿØÿß ÿ¨€áÿ±€ï⁄ØŸâŸÖ ÿ™ÿßÿ≤ÿß ÿØ€ïŸäÿ™ŸâŸÜ ŸÖ€áÿ±ÿ¨Ÿä ÿ™Ÿàÿ®Ÿâÿå ŸÖ€áÿ±ÿ¨ŸäŸÑÿßÿ± ŸÇŸâÿ®ŸÑÿßÿ∫ÿß ŸÇÿßÿ±ÿßÿ∫ÿßŸÜ Ÿäÿß⁄æ€áÿØÿ™ÿßŸÜÿØÿß ÿ®€ïÿ™€ïÿ±ÿå,0
247,247.0,,,,,–ê–ª–ª–∞ –æ–∑–∏ —Å–∞–∫—Ç–∞—Å—ã–Ω —Å—ñ–¥—ñ–∫ —ñ—Ä—ñ“£ –∏—Ç—Ç–µ—Ä–¥–µ–Ω –º–∞–ª“ì“±–Ω –∏—Ç—Ç–µ—Ä –∫–∞–Ω—à–∞–º–∞ –∂–∞–∑—ã–∫—Å—ã–∑ –∂–∞—Å—Ç–∞—Ä–¥—ã “õ“±—Ä—Ç—ã–ø ”©–º—ñ—Ä–ª–µ—Ä—ñ–Ω —Å—ã–Ω–¥—ã—Ä—ã–ø –º—Ä–∞–∑–∏ –±–∞—Å–∫–∞ –µ–ª–¥–µ –æ—Ç—ã—Ä–ø –∞–ª—ã–ø —ñ—Ä—ñ—Ç—ñ–ø —à—ñ—Ä—ñ—Ç—ñ–ø,0
248,248.0,,,,,"–í–∞—Ö–∞–±–∏—Ç—Ç–µ—Ä —Å–∞–ª–∞—Ñ–∏—Ç—Ç–µ—Ä–¥“£–Ω –∞—É—ã–∑–¥–∞—Ä—ã–Ω–∞ –∞“ì—ã–∑—ã–ø,–∫”©—Ç—Ç–µ—Ä—ñ–Ω–µ –∞“ì–∞—à  —Ç—ã“ì—É –∫–µ—Ä–µ–∫.",0
249,249.0,,,,,8 –∞–∑ –æ–Ω–¥–∞–π–ª–∞—Ä–≥–∞ 35 –∂—ã–ª –±–µ—Ä—É –∫–µ—Ä–µ–∫ –±–æ–ª–º–∞—Å–∞ –º–∞–Ω–≥–∏ –±–∞–∫–∏ –±–∞—Å –±–æ—Å—Ç–∞–Ω–¥—ã“ì—ã–Ω–∞ –∞–π—ã—Ä—É –∫–µ—Ä–µ–∫ —Ç–∏–ø–∞ —Ç–∞–∫—É–∞ —Å—ã–º–∞–∫—Ç–∞—Ä,0
250,250.0,,,,,"–ë–∞—Å—ã –∂–æ“õ –∞—è“ì—ã –∂–æ“õ ,–Ω–µ “õ–æ–π—ã–ª—ã–º,–º–∞“ì—ã–Ω–∞—Å—ã –±–∞—Ä –±—ñ—Ä–∞“õ –¥“±—Ä—ã—Å –∂–µ—Ç–∫—ñ–∑–µ –∞–ª–º–∞–¥—ã“£—ã–∑–¥–∞—Ä",0
251,251.0,,,,,–°–∞“õ–∞–ª–¥—ã–ª–∞—Ä –º–µ–Ω —Ö–∏–¥–∂–∞–ø —Ç–∞“ì—ã–ª–∞—Ä  –∞–¥–∞—Å“õ–∞–Ω–¥–∞ —Å–∞“õ–∞–ª—Å—ã–∑–¥–∞—Ä –º–µ–Ω –∂–∞–ª–∞“£–±–∞—Å—Ç–∞—Ä —Ç—É—Ä–∞ –∂–æ–ª–¥–∞–º–∞ –∞—É–∑—É–±–∏–ª–ª–∞ “õ–æ“ì–∞–º “õ–∞—à–∞–Ω —Ä–µ—Ç—Ç–µ–ª–µ–¥—ñ –µ–∫–µ–Ω,0
252,252.0,,,,,"–Ω–µ —É–≤–ª–µ–∫–∞–π—Ç–µ—Å—å –ø–∞—Ü–∞–Ω—ã , —ç—Ç–æ –Ω–µ –∏–≥—Ä—É—à–∫–∏",0
253,253.0,,,,,–ê–ª–ª–∞ —Å–∞–∫—Ç–∞—Å—ã–Ω! –∂—É–º–∞–∫—Ç—ã–Ω –∫–∏–ª—Ç–∏ –∞–Ω–∞–Ω—ã–Ω –∞—è–≥—ã–Ω—ã–Ω –∞—Å—Ç—ã–Ω–¥–∞ –∂—É–º–∞–∫—Ç—ã –µ—à–∫–∞–π–¥–∞–Ω –∏–∑–¥–µ–º–µ–Ω–¥–µ–ø –¥–µ–≥–µ–Ω–≥–æ–π. –∫–∞–Ω—à–∞–ª—ã–∫—Ç—ã –∞–∫–µ —à–µ—à–µ–≥–µ –∞—É—ã—Ä. —Å–æ–Ω–¥–∞–π –±–æ–ª—Å—ã–Ω –¥–µ–ø —Ç–∞—Ä–±–∏–µ –±–µ—Ä–≥–µ–Ω –∂–æ–∫–≥–æ–π –∞–∫–µ —à–µ—à–µ. —Å–∞–Ω–∞—Å—ã–Ω–∞ –±–µ—Ä–º–µ—Å–µ –∞–∫–µ —à–µ—à–µ–Ω–∏–Ω –∂–∞–∑—ã–≥—ã –Ω–µ. –∫–∞–∑–∞–∫—Ç–∞—Ä –æ–π–ª–∞–Ω–∞–π—ã–∫.,0
254,254.0,,,,,–∫–∞–∑–∞–∫ –∂–∞—Å—Ç–∞—Ä—ã .))) –∫–∞–∑–∞–∫ –µ–ªi–Ωi–Ω –±–æ–ª–∞—à–∞–≥—ã –µ–∫–µ–Ωi–ºi–∑–¥i –µ—Å—Ç–µ–Ω —à—ã–≥–∞—Ä–º–∞–π—ã–∫—à—ã.–∞—Ç–∞ –∞–Ω–∞–º—ã–∑–¥—ã –æ–π–ª–∞–π—ã–∫.,0
255,255.0,,,,,–¥“±—Ä—ã—Å –æ—Å—ã–Ω–¥–∞–π–¥—ã“£ –∞–ª–¥—ã–Ω –∞–ª—É –∫–µ—Ä–µ–∫,0
256,,,,,,–°–∏—Ä–∏—è–¥–∞ –±–æ–ª—ã–ø –∂–∞—Ç“õ–∞–Ω —Å–æ“ì—ã—Å –¥“±—Ä—ã—Å —Å–æ“ì—ã—Å –∫–∞–ø—ñ—Ä–ª–µ—Ä–≥–µ —Ç–∞“ì—É—Ç–∞—Ä“ì–∞ “õ–∞—Ä—Å—ã —Å–æ“ì—ã—Å –±–æ–ª—ã–ø –∂–∞—Ç—ã—Ä “õ–∞–π –µ–ª ”©–∑—ñ–Ω—ñ –º“±—Å—ã–ª–º–∞–Ω –µ–ª–º—ñ–∑ –¥–µ—Å –±—ñ—Ä–∞“õ –æ–ª –µ–ª–¥–µ —à–∞—Ä–∏“ì–∞—Ç –∑–∞“£—ã–º–µ–Ω –±–∞—Å“õ–∞—Ä–º–∞—Å–∞ –æ–ª –µ–ª–¥—ñ –±–∞—Å“õ–∞—Ä—ã–ø –∂–∞—Ç“õ–∞–Ω–¥–∞—Ä —Ç–∞“ì—É—Ç –º“Ø—à—Ä—ñ–∫ –µ—Å–µ–ø—Ç–µ–ª–µ–¥—ñ,0
257,,,,,,–ë—ñ—Ä–µ—É–≥–µ–¥—ñ–Ω –∫”©–Ω—ñ–ª—ñ–Ω–µ  –∫“Ø–ª–∫—ñ –±—ñ–ª–µ—É—ñ–Ω–µ –º“±“£ “±—è–ª–∞—Ç–∞—Ç—ã–Ω –∫–æ—Ä—ñ–Ω—ñ—Å . –ê–ª–ª–∞—Ö –∞–¥–∞—Å—Ç—ã—Ä–º–∞—Å—ã–Ω –±”ô—Ä—ñ–º—ñ–∑–¥–µ –±–∞–ª–∞ –±–∞—Ä –∂–∞–º–∞–Ω –∂–∞–∑–±–∞–Ω—ã–∑–¥–∞—Ä,0
258,,,,,,8–∂—ã–ª –∫–æ—Ä—à–∏—Å–∏ —Å–æ–ª –±–∞—è–≥—ã —Ö–∞–ª–∞—Ç–ø–µ–Ω –∂—É—Ä))),0
259,,,,,,–û–∏ –∫–µ—à–∏—Ä–∏–Ω–∏–∑–¥–µ—Ä –∞–±–∞–∏–ª–∞–Ω—ã–∑–¥–∞—Ä,0
260,,,,,,–ê–±–∞–∏–ª–∞,0
261,,,,,,“ö–æ–π—ã“£—ã–∑–¥–∞—Ä –±“±–ª –∂–µ—Ä–¥–µ –∞—Ç–∞ –∞–Ω–∞–Ω—ã“£ —Ç“Ø–∫ –∫—ñ–Ω”ô—Å—ñ –∂–æ“õ –æ–ª –æ—Ä—Ç–∞“ì–∞ –±–∞–π–ª–∞–Ω—ã—Å—Ç—ã –æ–ª–∞–π –∞–Ω–∞—Å—ã–Ω—ã“£ –∫”©–∑—ñ–Ω—à–µ –∞–π—Ç—É“ì–∞ –±–æ–ª–º–∞–π–¥—ã –∞–Ω–∞ –∂“Ø—Ä–µ–≥—ñ –∫”©—Ç–µ—Ä–º–µ–π–¥—ñ –æ–Ω–¥–∞–π —Å”©–∑–¥—ñ –æ–Ω—ã“£ –æ—Ä–Ω—ã–Ω–∞ ”©–∑–¥–µ—Ä—ñ“£—ñ–∑–¥—ñ “õ–æ–π—ã–ø –∫”©—Ä—ñ“£—ñ–∑–¥–µ—Ä –æ–±–∞–ª “ì–æ–π –∫—ñ–º –±–æ–ª—Å–∞–¥–∞ –±–∞–ª–∞—Å—ã–Ω –∂–∞–º–∞–Ω–¥—ã“õ“õ–∞ “õ–∏—Å—ã–Ω,0
262,,,,,,–ê–ª–ª–∞ —Å–∞–∫—Ç–∞—Å–Ω,0
263,,,,,,”®–∑–¥–µ—Ä—ñ“£ –∂“±—Ä–µ–∫—Ç–µ—Ä—ñ“£ –Ω–µ–Ω—ñ“£ –∂–∞“õ—Å—ã –∂–∞–º–∞–Ω –µ–∫–µ–Ω—ñ–Ω –±—ñ–ª–µ–¥—ñ“ì–æ –Ω–µ –¥—ñ–Ω —Ç—É—Ä–∞–ª—ã –±–∞—Å—Ç–∞—Ä—ã“£–¥—ã “õ–∞—Ç—ã—Ä–∞—Å—ã“£–¥–∞—Ä —Ç—ã–Ω—ã—à ”©–º—ñ—Ä —Å“Ø—Ä—ñ“£–¥–µ—Ä—à–µ—ñ—à —Å–µ–º—ñ–∑–¥—ñ–∫—Ç—ñ —Ç–µ–∫ “õ–æ–π“ì–∞–Ω–∞ –∫”©—Ç–µ—Ä–≥–µ–Ω —Å–æ–Ω—ã “±–º—ã—Ç–ø–∞“£–¥–∞—Ä,0
264,,,,,,–º…ô–Ω—ñ –∂–æ“õ –º–∞“ì–∞–Ω–∞—Å—ã –∂–æ“õ.–¢“Ø—Å—ñ–Ω—ñ–∫—Å—ñ–∑,0
265,,,,,,–ï–º—à–µ–≥—ñ –∂–∞–±—ã“õ –∞–Ω–∞ —Ç–∞–±—ã–ª–º–∞–¥—ã–º–∞,0
266,,,,,,"”ò–∫–µ–Ω ”©–ª–µ–¥—ñ —Å–∞–∫–∞–ª ”©—Å—ñ—Ä–º–µ ,–∞–≥–∞–Ω ”©–ª–µ–¥—ñ –º—É—Ä—Ç ”©—Å—ñ—Ä–º–µ –¥–µ—É—à–µ–¥—ñ –±—É—Ä—ã–Ω–≥—ã –∞—Ç–∞–ª–∞—Ä   –æ—Å—ã–Ω–¥–∞–∏ –ø”ô–ª–µ–Ω—ñ–Ω –∞–ª–¥—ã–Ω –∞–ª–≥–∞–Ω –µ–∫–µ–Ω–≥–æ–π,”ô–¥–µ–ø –≥—É—Ä—ã–ø–∫–∞ —Å–∞–ª—Ç—Å–∞–Ω–∞–≥–∞ –∫–∞–ª–∫–∞–ª–∞–π –∫–µ—Ä–µ–∫ ”ô–∏—Ç–ø–µ—Å–µ  –∞–¥–∞—Å–∞–º—ã–∑ ,—Å–∞–ª—Ç –≥–∞—Å—ã—Ä–ª–∞—Ä –±–æ–π—ã —Å–∞—Ä–∞–ø—Ç–∞–ª–≥–∞–Ω –∫–æ–¥—ã–º—ã–∑ –≥–æ–π –æ—Å—ã–Ω—ã–Ω –∫–∞—à–∞–Ω –∫”ô–¥—ñ—Ä—ñ–Ω–µ –∂–µ—Ç–µ–º—ñ–∑.",0
267,,,,,,–ù–µ –±–∞—Å—ã –∂–æ–∫ –Ω–µ –∞—è–≥—ã –∂–æ–∫.—Ä–µ–∂–∏—Å–µ—Ä–ª–∞—Ä—ã–º—ã–∑–¥–∞ –±–∏—Ä —Ä–æ–ª–∏–∫—Ç–∏ —Ç—É—Å–∏–Ω–∏–∫—Ç–µ –µ—Ç–∏–ø —Ç—É—Å–∏—Ä–µ –∞–ª–º–∞–π–¥—ã –∞–ª –∫–∏–Ω–æ–ª–∞—Ä–¥—ã –∞–π—Ç–ø–∞–π–∞–∫ –∫–æ–π–∞–π—ã–∫,0
268,,,,,,–û–¥–∞–Ω–¥–∞ –±–∞–ª—ã–∫ –∞—É–ª–∞–ø –∂—É—Ä–º–∏—Å–∏–Ω–±–∞ —Ä–∞—Ö–∞—Ç–∫–æ —Å–æ–ª,0
269,,,,,,–ò–º–∞–Ω –∂“Ø—Ä–µ–∫—Ç–µ,0
270,,,,,,–ê—Ç–∞ –∞–Ω–∞—Å—ã –∫—ã–π—ã–Ω –±–æ–ª–¥—ã –∞–∫–µ —à–µ—à–µ –∂—ã–ª–º–∞—Å—ã–Ω,0
271,,,,,,–ë–∞—Ö–∞–±–∏—Å—Ç  –¥–µ–º–µ–Ω–¥–µ—Ä.,0
272,,,,,,–ê–π –∫–æ—Ç—Ç–∏ –∫—ã—Å—ã–ø –∂—É—Ä–≥–µ–Ω–≥–µ –Ω–µ –∂–µ—Ç—Å–∏–Ω,0
273,,,,,,–ñ–∞–∑—ã–∫—Å—ã–∑ –ê–Ω–∞ –±–∞–π–≥—É—Å –∫–∏–Ω–∞–ª–∞–¥—ã.,0
274,,,,,,—Ç—É–ø–æ–π,0
275,,,,,,“ö“±–¥–∞–π—ã–º –ê–ª–ª–∞–º –ñ–∞—Ä–∞—Ç“õ–∞–Ω –∏–µ–º —Å–∞“õ—Ç–∞–π –≥”©—Ä.,0
276,,,,,,–ê–Ω–∞ –æ—Ç–∏—Ä–∏–∫ —Å–∞–∫–∞–ª –Ω–µ –æ–ª –±–∏–∫–æ–Ω—Å–Ω–∏–∫,0
277,,,,,,–ê–∫—Ç—ë—Ä–ª–∞—Ä –µ–º–µ—Å –º—ã–Ω–∞–ª–∞—Ä –º–µ–Ω –∂–∞–∫—Å—ã –æ–π–Ω–∞–π–º—ã–Ω –±–∞ –¥–µ–ø –∫–∞–ª–¥—ã–º –≥–æ–π,0
278,,,,,,"–û–º–∏—Ä–∏–º–¥–µ —Ç–æ–π–¥–∞–Ω —Å–∞—Ä–∫—ã—Ç—Å—ã–∑ –∫–∞–π—Ç–∫–∞–Ω –∞–∫–µ-—à–µ—à–µ–Ω–∏ –∫–æ—Ä–¥–∏–º,üòÇ",0
279,,,,,,"–ë–ê–õ–ê“¢–ê –î–Ü–ù–î–Ü ”®–ó–Ü“¢ “Æ–ô–†–ï–¢–ü–ï–°–ï“¢ , –ï–†–¢–ï“¢  –°–ê–£–°–ê“í–´“¢–î–´ –®–ê–ô–ù–ê–ô–°–´“£.",0
280,,,,,,—Å–∏—Ä–∏—è–º–µ–Ω —Å–æ“ì—ã—Å“ì–∞–Ω—à–∞ –µ–ª—ñ“£–¥—ñ “õ–æ—Ä“ì–∞ –∞—Ä–∞–º–¥–∞—Ä,0
281,,,,,,"–ö–µ—Ç—à—ñ –∫—ã—Ä—Ç–∫–∞–Ω –≤–∏–¥–µ–æ “ì–æ–π, –±–∞—Å–∫–∞—à–∞ —Ç—É—Å–∏—Ä–µ –∞–ª–º–∞–¥—ã–Ω–¥–∞—Ä–º–∞ ))) –∞–π ”ô–π—Ç–µ—É—ñ—Ä –±—É—Ä–º–∞–ª–∞–ø —Ç—É—Å–∏—Ä–µ—Å–∏–Ω–¥–µ—Ä",0
282,,,,,,"–û—Å—ã–Ω–¥–∞–π –≤–∏–¥–∏–æ–ª–∞—Ä –∫”©–ø –±–æ–ª—Å–∞ –µ–∫–µ–Ω,<br>“ö–∞–π–¥–∞“ì—ã –∂–æ“õ –ê–º–µ—Ä–∏–∫–∞ –º–µ–Ω –®–µ—Ç –µ–ª–¥—ñ“£ —é—Ç—É–±—ã–Ω –¥–∞–º—ã—Ç“õ–∞–Ω—à–∞ –æ—Å—ã ”©–∑—ñ–º—ñ–∑–¥—ñ“£ “ö–∞–∑–∞“õ—Ç—ã“£ –¥…ô—Ä–µ–∂–µ—Å—ñ–Ω –∫”©—Ç–µ—Ä–µ–π—ñ–∫,<br>–î“±—Ä—ã—Å —Ç…ô—Ä–±–∏–µ –±…ô—Ä—ñ-–±…ô—Ä—ñ –∞—Ç–∞-–∞–Ω–∞“ì–∞ –±–∞–π–ª–∞–Ω—ã—Å—Ç—ã –æ–π–Ω–∞–π—ã“õ –±–∞—É—ã—Ä–ª–∞—Ä –°–∏—Ä–∏—è“ì–∞ –∫–µ—Ç—ñ–ø –∞–¥–∞—Å–ø–∞–π—ã“õ—à—ã,<br>”®–∑—ñ–º—ñ–∑–¥—ñ“£ –∞—Ç–∞-–±–∞–±–∞–º—ã–∑ –æ“õ—ã“ì–∞–Ω –ù–∞–º–∞–∑ –∂–æ–ª—ã–º–µ–Ω –∂“Ø—Ä–µ–π—ñ–∫—à—ñ!!!",0
283,,,,,,–ê—Å—Å–∞–ª–∞—É–º–∞–≥–∞–ª–µ–π–∫—É–º. –ú–µ–Ω –∂–∞–∫—ã–Ω–¥–∞ –ê—Ä–∞–± –∞–º–∏—Ä–ª–∏–≥–∏–Ω–¥–µ –±–æ–ª–¥—ã–º. –û–ª –∂–∞–∫—Ç–∞ –±–∏–∑–¥–∏–∫–∏–ª–µ—Ä —Å–µ–∫–∏–ª–¥–∏ —Å–∞–∫–∞–ª–¥–∞—Ä—ã–Ω –∫—ã–ª—Ç–∏—Ç—ã–ø –∂—É—Ä–≥–µ–Ω –º—É—Å—ã–ª–º–∞–Ω –∂–æ–∫.  –ë–∏—Ä –∞–¥–∞–º –∂–æ–∫ –±–∞–ª–∞–≥—ã–Ω –∫–µ—Å–∏–ø –∂—É—Ä–≥–µ–Ω.,0
284,,,,,,"–ï“¢ –ë–ò–†–ò–ù–®–ò ∆è–ö–ï –ú–ï–ù –ê–ù–ê–°–´ ”®–ó–î–ï–†–ò –ê–õ–õ–ê–ù–´“¢ –î–Ü–ù–ò–ù –ë–ò–õ–ò–ü –®–ê–†–ò“í–ê–¢–ü–ï–ù “∞–õ “ö–í–ó–î–ê–†–í–ù–ê –¢∆è–†–ë–ò–ï –ë–ï–†–ò–ü ”®–°–ò–†–°–ï –ë–ê–õ–î–ê–†–î–ê “ö–´–ó–î–ê–†–î–ê –ë–´–õ–´“ö“ö–ê–î–ê –ö–£–ù–ê–õ–ò –ò–°–¢–ï–†–ì–ï –ñ–ê–ú–ê–ù–î–´“ö–¢–ê–†“í–ê –ê–î–ê–°–´–ü ”®–ó–ì–ï–õ–ï–†–ì–ï –ï–†–ò–ü –ö–ï–¢–ü–ï–° –ï–î–ò. –ê–õ–õ–ê–ù–´“¢ –ò–°–õ–ê–ú –î–Ü–ù–ò –û–õ –•–ê“ö –î–Ü–ù –ú–ï–ô–Ü–†–Ü–ú–î–Ü–õ–Ü–ö –ü–ï–ù –¢–ï–ö –ë–ï–ô–ë–Ü–¢–®–ò–õ–ò–ö–ö–ï –®–ê“ö–´–†–ê–¢–´–ù –î–Ü–ù. –£–ê–•–ê–ë–ò–°–¢–¢–ï–† ”®–ó–ì–ï “∞–õ–¢–¢–ê–†–î–´“¢ –¢–ï–†–†–û–†–ò–°–¢–ï–†–ò “ö–ê–ó–ê“ö–¢–ê–†–î–´“¢ –î–Ü–ù–ò –ë–ò–õ–ò–ú–°–ò–ó–î–ò–ì–ò–ù –ê–¢–ê –ê–ù–ê–ù–´“¢ –ë–ê–õ–î–ê–†–´–ù “ö–ê–†–ê–£–°–´–ó “ö–ê–õ–î–´–†“í–ê–ù–´–ù –ü–ê–ô–î–ê–õ–ê–ù–´–ü –ñ–ê–°–¢–ê–†–î–´ –ê–î–ê–°–¢–´–†–´–ü ”®–ó –ú–£–î–î–ï–õ–ï–†–ò–ù–ï –ü–ê–ô–î–ê–õ–ê–ù–´–ü –ñ–ê–¢“ö–ê–ù –ò–°–õ–ê–ú –ê–¢–´–ù –ñ–ê–ú–´–õ“í–ê–ù “ö–û–ô –¢–ï–†–ò–°–ò–ù –ñ–ê–ú–´–õ“í–ê–ù “ö–ê–°“ö–´–†–î–ê–ô –ò–°–õ–ê–ú –î–ò–ù–ò–ù–ï  –ï–® “ö–ê–¢–´–°–´ –ñ–û“ö –ë–ê–† –ë–û–õ“í–ê–ù–´ –¢–ï–†–†–û–†–ò–°–¢–¢–ï–†–î–Ü“¢ –°–ê–Ø–°–ê–¢–´. –ê–õ –ë–ò–ó–î–ò“¢ –ñ–ê–°–¢–ê–†–´–ú–´–ó –ê“ö–ò“ö–ê–¢–¢–´ –ê–õ–õ–ê–ù–´“¢ –ò–°–õ–ê–ú –î–Ü–ù–ò–ù –Ü–ó–î–ï–ü –°–û–õ–ê–†–î–´“¢ “ö“∞–†–ë–ê–ù–´ –ë–û–õ–£–î–ê. –î–£–ù–ò–ï –ñ–£–ó–ò–ù–î–ï –ù–ï –ë–û–õ–°–ê–î–ê –ë–ê–†–ò –°–ê–Ø–°–ê–¢. –°–û–ù–î–´“ö–¢–ê–ù –ê–†–ë–ò–† –ê–¢–ê –ê–ù–ê “∞–õ “ö–´–ó–î–ê–†–´–ù–ê ”®–ó–ì–ï–î–ï–ù –£–ô–†–ï–ù–ì–ï–ù–®–ï ”®–ó–î–ï–†–ò –£–ô–†–ï–ù–ò–ü –ú–ï–®–ò–¢–¢–ï–ù –ò–°–õ–ê–ú –î–Ü–ù–ò–ù –ò–ú–ê–ú–î–ê–†–î–ê–ù “ö–ú–î–ë-–ù–´“¢ “∞–õ “ö–´–ó–î–ê–†–´–ù–´“¢ “ö“∞–õ–ê“í–´–ù–ê “ö“∞–ô–´–ü –°–ê–ù–ê–õ–ê–†–´–ù–ê –°–ò“¢–ò–†–ò–ü –û–¢–´–†–£–õ–ê–†–´ –ö–ï–†–ï–ö. –ò–°–õ–ê–ú –î–Ü–ù–ò–ù –ê–¢–ê –ê–ù–ê–°–´–ù–ê–ù –ë–ò–õ–ò–ü ”®–°–ö–ï–ù –ë–ê–õ–ê  –•–ê“ö–¢–´ –û–õ –ï–®“ö–ê–®–ê–ù ”®–ó–ì–ï–õ–ï–†–ì–ï –ï–†–ò–ü –°–ê–Ø–°–ê–¢–¢–´“¢ “ö“∞–†–ë–ê–ù–´ –¢–ï–†–†–û–†–ò–°–¢–¢–ï–†–î–ò“¢ “ö–û–õ –®–û“ö–ü–ê–†–´ –ë–û–õ–´–ü –ö–ï–¢–ü–ï–ô–î–ò!!! –ê–†–ë–ò–† –ê–¢–ê –ê–ù–ê ”®–ó –ë–ê–õ–ê–°–´–ù–ê –ñ–ê–£–ê–ü–¢–´ –ï–ö–ò –î–£–ù–ò–ï–î–ï–î–ï –ñ–ê“ö–°–´“í–ê –£–ô–†–ï–¢–°–ï –ñ–ê“ö–°–´–ù–´“¢ –£–õ–ì–ò–°–ò –ë–û–õ–ê –ê–õ–°–ê –ñ–ê“ö–°–´–õ–´“í–´–ù –ñ–ï–ú–ò–°–ò–ù –ö”®–†–ï–î–ò –ï–®–¢–ï“¢–ï –£–ô–†–ï–¢–ü–ï–°–ï –ñ–ê“ö–°–´ –£–õ–ì–ò –ë–û–õ–ê –ê–õ–ú–ê–°–ê –¢–ï–ö –ó–ê–†–´–ù –®–ï–ì–ï–î–ò. –ê–õ–õ–ê“∫ “ö–ê–°–ò–ï–¢–¢–ò “ö“∞–†–ê–ù–î–ê –ü–ï–ù–î–ï–õ–ï–†–ò–ù –¢–ï–ö –ñ–ê“ö–°–´–õ–´“ö“ö–ê –ë“∞–ô–´–†–´–ü “ö–ê–ù–î–ê–ô –ë“∞–ô–†–´“ö “ö–ê–ù–î–ê–ô –¢–´–ô–´–ú –ë–û–õ–°–ê–î–ê, –ñ–ê“ö–°–´–õ–´“ö“ö–ê –®–ê“ö–´–†–´–ü “ö–ê–ù–î–ê–ô –ê–ú–ê–õ –ë–û–õ–°–ê–î–ê –ë–ê–†–õ–´“ö –ñ–ê–ú–ê–ù–î–´“ö –ê–¢–ê–£–õ–´–î–ê–ù –¢–´–ô–´–ü “ö–û–†“í–ê–ü –ï–°–ö–ï–†–¢–ö–ï–ù. –ï–ì–ï–† –ê–ô–ï–õ –ê–î–ê–ú–î–ê–†“í–ê –ñ–ê–£–õ–´“ö –ö–ò–£–ì–ï –ë–£–ô–´–†–°–ê –ê–õ–õ–ê“∫ “ö“∞–†–ê–ù–î–ê –ë–ê–†–õ–´“ö –ö”®–†–°–ï“ö–´–ó–ê–†–õ–´“ö–¢–ê–ù –ó–ò–ù–ê–î–ê–ù “ö–û–†“í–ê–£ –£–®–ò–ù. –û–î–ê–ù “ö–û–†“ö–ê–¢–´–ù –ï–®–¢–ï“¢–ï –ñ–û“ö –ñ–ê–£–õ–´“ö –ñ–ê–ü–°–ê –ê–†–´–ù –°–ê“ö–¢–ê–ü –ê–õ–õ–ê–ù–´“¢ –ë“∞–ô–†–´“í–´–ù –û–†–´–ù–î–ê–ü –ñ–£–†  –ê–ô–ï–õ –ó–ê–¢–´. –ï–†–õ–ï–† –°–ê“ö–ê–õ “ö–û–ô–°–ê –ï–†–ö–ï–ö –ï–ö–ï–ù–ò–ù –ê–ô–ï–õ–î–ï–ù –ê–ô–´–†–ú–ê–®–´–õ–´“í–´ –ë–ê–† –ï–ö–ï–ù–ò–ù –ë–ò–õ–î–ò–†–ò–ü –ñ–£–† –ê–†–ò–ù–ï –ü–ê–†–´–ó –ï–ú–ï–° –ê–ú–ê–õ –ë–ò–†–ê“ö –°–ê“ö–ê–õ –ï–† –ê–î–ê–ú–ù–´“¢ –ï–†–ö–ï–ö –ï–ö–ï–ù–ò–ù –ö”®–†–°–ï–¢–ï–î–ò. –ê–ô–ï–õ –ê–î–ê–ú –ï–†–ö–ï–ö–ö–ï –ê–õ –ï–† –ö–ò–°–ò –ê–ô–ï–õ –ê–î–ê–ú“í–ê –£“ö–°–ê–ú–ê–£–´ –ö–ï–†–ï–ö –ò–°–õ–ê–ú –î–ò–ù–ò–ù–î–ï –ë–ê–†–õ–´“ö –ê–î–ê–ú–ó–ê–¢“ö–ê –¢–ò–Ü–°–¢–ò –ê–ô–¢–´–õ“í–ê–ù “ö“∞–†–ê–ù–î–ê –ê–õ–õ–ê“∫ –õ–ê“í–´–ù–ï–¢–¢–ï–ì–ï–ù “ö–ê–†“í–´–° –ë–û–õ–°–´–ù –î–ï–ì–ï–ù –ï–†–ö–ï–ö–ö–ï –£“ö–°–ê–ü –ñ–£–†–ì–ï–ù –ê–ô–ï–õ–ì–ï. –ê–ô–ï–õ –ö–ò–°–ò–ù–ò“¢ –ï–† –ö–ò–°–ò–ì–ï –£“ö–°–ê–ü –ñ–£–†–ì–ï–ù–ì–ï. –ë“∞–õ –ñ–ï–†–î–ï –ñ–£–†–ò–° –¢–£–†–ò–°–´ –ö–ò–Ü–ú–Ü –¢–£–† –ö–ï–õ–ë–ï–¢–ò –ò–° “ö–´–ô–ú–´–õ–´ –ë–ê–†–õ–´“í–´ –ö–ò–†–ï–î.<br>–ò–°–õ–ê–ú –î–Ü–ù–ò–ù–ï –ú“∞–°–´–õ–ú–ê–ù–î–ê–†“í–ê –ñ–ê–õ–ê –ñ–ê–£–´–ü “ö–ê–†–ê–õ–ê–ü –ë–û–°“ö–ê ”®–ó–î–ï–†–ò“¢–ï –ö–£–ù–ê –ê–†–¢–ü–ê“¢–î–ê–† –ê–õ–õ–ê“∫ “ö“∞–î–ò–†–ï–¢–¢–ò –ë–ê–†–ò–ù –ö”®–†–£–®–ò –ë–ò–õ–£–®–Ü –ñ∆è–ù–ï –ï–°–¢–£–®–ò. –û–°–´ –ñ–ê–õ“í–ê–ù ”®–ú–ò–†–î–ï–î–ï –ê–•–ò–†–ï–¢–¢–ï –ï–®–ö–ò–ú –ï–®–ö–ò–ú –£–®–ò–ù –ñ–ê–£–ê–ü –ë–ï–†–ú–ï–ô–î–ò –°–û–ù–´ “∞–ú–´–¢–ü–ê“í–ê–ù–´–ú–´–ó –ñ”®–ù.",0
285,,,,,,ŸÖ€áÿ≥ŸÑŸÖÿßŸÜÿØÿßÿ±ÿ∫ÿß €ï⁄≠ ŸÇÿß€ãŸâŸæÿ™Ÿâ ÿ™ŸàŸæ ŸÜÿßŸÖÿßÿ≤ ŸàŸÇŸâŸÖÿßÿ≥ÿßŸÖÿØÿß ÿ¨€áÿ±€ï⁄ØŸâŸÖ ÿ™ÿßÿ≤ÿß ÿØ€ïŸäÿ™ŸâŸÜ ŸÖ€áÿ±ÿ¨Ÿä ÿ™Ÿàÿ®Ÿâÿå ŸÖ€áÿ±ÿ¨ŸäŸÑÿßÿ± ŸÇŸâÿ®ŸÑÿßÿ∫ÿß ŸÇÿßÿ±ÿßÿ∫ÿßŸÜ Ÿäÿß⁄æ€áÿØÿ™ÿßŸÜÿØÿß ÿ®€ïÿ™€ïÿ±ÿå,0
286,,,,,,–ê–ª–ª–∞ –æ–∑–∏ —Å–∞–∫—Ç–∞—Å—ã–Ω —Å—ñ–¥—ñ–∫ —ñ—Ä—ñ“£ –∏—Ç—Ç–µ—Ä–¥–µ–Ω –º–∞–ª“ì“±–Ω –∏—Ç—Ç–µ—Ä –∫–∞–Ω—à–∞–º–∞ –∂–∞–∑—ã–∫—Å—ã–∑ –∂–∞—Å—Ç–∞—Ä–¥—ã “õ“±—Ä—Ç—ã–ø ”©–º—ñ—Ä–ª–µ—Ä—ñ–Ω —Å—ã–Ω–¥—ã—Ä—ã–ø –º—Ä–∞–∑–∏ –±–∞—Å–∫–∞ –µ–ª–¥–µ –æ—Ç—ã—Ä–ø –∞–ª—ã–ø —ñ—Ä—ñ—Ç—ñ–ø —à—ñ—Ä—ñ—Ç—ñ–ø,0
287,,,,,,"–í–∞—Ö–∞–±–∏—Ç—Ç–µ—Ä —Å–∞–ª–∞—Ñ–∏—Ç—Ç–µ—Ä–¥“£–Ω –∞—É—ã–∑–¥–∞—Ä—ã–Ω–∞ –∞“ì—ã–∑—ã–ø,–∫”©—Ç—Ç–µ—Ä—ñ–Ω–µ –∞“ì–∞—à  —Ç—ã“ì—É –∫–µ—Ä–µ–∫.",0
288,,,,,,8 –∞–∑ –æ–Ω–¥–∞–π–ª–∞—Ä–≥–∞ 35 –∂—ã–ª –±–µ—Ä—É –∫–µ—Ä–µ–∫ –±–æ–ª–º–∞—Å–∞ –º–∞–Ω–≥–∏ –±–∞–∫–∏ –±–∞—Å –±–æ—Å—Ç–∞–Ω–¥—ã“ì—ã–Ω–∞ –∞–π—ã—Ä—É –∫–µ—Ä–µ–∫ —Ç–∏–ø–∞ —Ç–∞–∫—É–∞ —Å—ã–º–∞–∫—Ç–∞—Ä,0
289,,,,,,"–ë–∞—Å—ã –∂–æ“õ –∞—è“ì—ã –∂–æ“õ ,–Ω–µ “õ–æ–π—ã–ª—ã–º,–º–∞“ì—ã–Ω–∞—Å—ã –±–∞—Ä –±—ñ—Ä–∞“õ –¥“±—Ä—ã—Å –∂–µ—Ç–∫—ñ–∑–µ –∞–ª–º–∞–¥—ã“£—ã–∑–¥–∞—Ä",0
290,,,,,,–°–∞“õ–∞–ª–¥—ã–ª–∞—Ä –º–µ–Ω —Ö–∏–¥–∂–∞–ø —Ç–∞“ì—ã–ª–∞—Ä  –∞–¥–∞—Å“õ–∞–Ω–¥–∞ —Å–∞“õ–∞–ª—Å—ã–∑–¥–∞—Ä –º–µ–Ω –∂–∞–ª–∞“£–±–∞—Å—Ç–∞—Ä —Ç—É—Ä–∞ –∂–æ–ª–¥–∞–º–∞ –∞—É–∑—É–±–∏–ª–ª–∞ “õ–æ“ì–∞–º “õ–∞—à–∞–Ω —Ä–µ—Ç—Ç–µ–ª–µ–¥—ñ –µ–∫–µ–Ω,0
291,,,,,,"–Ω–µ —É–≤–ª–µ–∫–∞–π—Ç–µ—Å—å –ø–∞—Ü–∞–Ω—ã , —ç—Ç–æ –Ω–µ –∏–≥—Ä—É—à–∫–∏",0
292,,,,,,–ê–ª–ª–∞ —Å–∞–∫—Ç–∞—Å—ã–Ω! –∂—É–º–∞–∫—Ç—ã–Ω –∫–∏–ª—Ç–∏ –∞–Ω–∞–Ω—ã–Ω –∞—è–≥—ã–Ω—ã–Ω –∞—Å—Ç—ã–Ω–¥–∞ –∂—É–º–∞–∫—Ç—ã –µ—à–∫–∞–π–¥–∞–Ω –∏–∑–¥–µ–º–µ–Ω–¥–µ–ø –¥–µ–≥–µ–Ω–≥–æ–π. –∫–∞–Ω—à–∞–ª—ã–∫—Ç—ã –∞–∫–µ —à–µ—à–µ–≥–µ –∞—É—ã—Ä. —Å–æ–Ω–¥–∞–π –±–æ–ª—Å—ã–Ω –¥–µ–ø —Ç–∞—Ä–±–∏–µ –±–µ—Ä–≥–µ–Ω –∂–æ–∫–≥–æ–π –∞–∫–µ —à–µ—à–µ. —Å–∞–Ω–∞—Å—ã–Ω–∞ –±–µ—Ä–º–µ—Å–µ –∞–∫–µ —à–µ—à–µ–Ω–∏–Ω –∂–∞–∑—ã–≥—ã –Ω–µ. –∫–∞–∑–∞–∫—Ç–∞—Ä –æ–π–ª–∞–Ω–∞–π—ã–∫.,0
293,,,,,,–∫–∞–∑–∞–∫ –∂–∞—Å—Ç–∞—Ä—ã .))) –∫–∞–∑–∞–∫ –µ–ªi–Ωi–Ω –±–æ–ª–∞—à–∞–≥—ã –µ–∫–µ–Ωi–ºi–∑–¥i –µ—Å—Ç–µ–Ω —à—ã–≥–∞—Ä–º–∞–π—ã–∫—à—ã.–∞—Ç–∞ –∞–Ω–∞–º—ã–∑–¥—ã –æ–π–ª–∞–π—ã–∫.,0
294,,,,,,–¥“±—Ä—ã—Å –æ—Å—ã–Ω–¥–∞–π–¥—ã“£ –∞–ª–¥—ã–Ω –∞–ª—É –∫–µ—Ä–µ–∫,0
