,Unnamed: 0,Unnamed: 0.1,text,mark
0,0.0,0.0,–°–∏—Ä–∏—è–¥–∞ –±–æ–ª—ã–ø –∂–∞—Ç“õ–∞–Ω —Å–æ“ì—ã—Å –¥“±—Ä—ã—Å —Å–æ“ì—ã—Å –∫–∞–ø—ñ—Ä–ª–µ—Ä–≥–µ —Ç–∞“ì—É—Ç–∞—Ä“ì–∞ “õ–∞—Ä—Å—ã —Å–æ“ì—ã—Å –±–æ–ª—ã–ø –∂–∞—Ç—ã—Ä “õ–∞–π –µ–ª ”©–∑—ñ–Ω—ñ –º“±—Å—ã–ª–º–∞–Ω –µ–ª–º—ñ–∑ –¥–µ—Å –±—ñ—Ä–∞“õ –æ–ª –µ–ª–¥–µ —à–∞—Ä–∏“ì–∞—Ç –∑–∞“£—ã–º–µ–Ω –±–∞—Å“õ–∞—Ä–º–∞—Å–∞ –æ–ª –µ–ª–¥—ñ –±–∞—Å“õ–∞—Ä—ã–ø –∂–∞—Ç“õ–∞–Ω–¥–∞—Ä —Ç–∞“ì—É—Ç –º“Ø—à—Ä—ñ–∫ –µ—Å–µ–ø—Ç–µ–ª–µ–¥—ñ,0
1,1.0,1.0,–ë—ñ—Ä–µ—É–≥–µ–¥—ñ–Ω –∫”©–Ω—ñ–ª—ñ–Ω–µ  –∫“Ø–ª–∫—ñ –±—ñ–ª–µ—É—ñ–Ω–µ –º“±“£ “±—è–ª–∞—Ç–∞—Ç—ã–Ω –∫–æ—Ä—ñ–Ω—ñ—Å . –ê–ª–ª–∞—Ö –∞–¥–∞—Å—Ç—ã—Ä–º–∞—Å—ã–Ω –±”ô—Ä—ñ–º—ñ–∑–¥–µ –±–∞–ª–∞ –±–∞—Ä –∂–∞–º–∞–Ω –∂–∞–∑–±–∞–Ω—ã–∑–¥–∞—Ä,0
2,2.0,2.0,8–∂—ã–ª –∫–æ—Ä—à–∏—Å–∏ —Å–æ–ª –±–∞—è–≥—ã —Ö–∞–ª–∞—Ç–ø–µ–Ω –∂—É—Ä))),0
3,3.0,3.0,–û–∏ –∫–µ—à–∏—Ä–∏–Ω–∏–∑–¥–µ—Ä –∞–±–∞–∏–ª–∞–Ω—ã–∑–¥–∞—Ä,0
4,4.0,4.0,–ê–±–∞–∏–ª–∞,0
5,5.0,5.0,“ö–æ–π—ã“£—ã–∑–¥–∞—Ä –±“±–ª –∂–µ—Ä–¥–µ –∞—Ç–∞ –∞–Ω–∞–Ω—ã“£ —Ç“Ø–∫ –∫—ñ–Ω”ô—Å—ñ –∂–æ“õ –æ–ª –æ—Ä—Ç–∞“ì–∞ –±–∞–π–ª–∞–Ω—ã—Å—Ç—ã –æ–ª–∞–π –∞–Ω–∞—Å—ã–Ω—ã“£ –∫”©–∑—ñ–Ω—à–µ –∞–π—Ç—É“ì–∞ –±–æ–ª–º–∞–π–¥—ã –∞–Ω–∞ –∂“Ø—Ä–µ–≥—ñ –∫”©—Ç–µ—Ä–º–µ–π–¥—ñ –æ–Ω–¥–∞–π —Å”©–∑–¥—ñ –æ–Ω—ã“£ –æ—Ä–Ω—ã–Ω–∞ ”©–∑–¥–µ—Ä—ñ“£—ñ–∑–¥—ñ “õ–æ–π—ã–ø –∫”©—Ä—ñ“£—ñ–∑–¥–µ—Ä –æ–±–∞–ª “ì–æ–π –∫—ñ–º –±–æ–ª—Å–∞–¥–∞ –±–∞–ª–∞—Å—ã–Ω –∂–∞–º–∞–Ω–¥—ã“õ“õ–∞ “õ–∏—Å—ã–Ω,0
6,6.0,6.0,–ê–ª–ª–∞ —Å–∞–∫—Ç–∞—Å–Ω,0
7,7.0,7.0,”®–∑–¥–µ—Ä—ñ“£ –∂“±—Ä–µ–∫—Ç–µ—Ä—ñ“£ –Ω–µ–Ω—ñ“£ –∂–∞“õ—Å—ã –∂–∞–º–∞–Ω –µ–∫–µ–Ω—ñ–Ω –±—ñ–ª–µ–¥—ñ“ì–æ –Ω–µ –¥—ñ–Ω —Ç—É—Ä–∞–ª—ã –±–∞—Å—Ç–∞—Ä—ã“£–¥—ã “õ–∞—Ç—ã—Ä–∞—Å—ã“£–¥–∞—Ä —Ç—ã–Ω—ã—à ”©–º—ñ—Ä —Å“Ø—Ä—ñ“£–¥–µ—Ä—à–µ—ñ—à —Å–µ–º—ñ–∑–¥—ñ–∫—Ç—ñ —Ç–µ–∫ “õ–æ–π“ì–∞–Ω–∞ –∫”©—Ç–µ—Ä–≥–µ–Ω —Å–æ–Ω—ã “±–º—ã—Ç–ø–∞“£–¥–∞—Ä,0
8,8.0,8.0,–º…ô–Ω—ñ –∂–æ“õ –º–∞“ì–∞–Ω–∞—Å—ã –∂–æ“õ.–¢“Ø—Å—ñ–Ω—ñ–∫—Å—ñ–∑,0
9,9.0,9.0,–ï–º—à–µ–≥—ñ –∂–∞–±—ã“õ –∞–Ω–∞ —Ç–∞–±—ã–ª–º–∞–¥—ã–º–∞,0
10,10.0,10.0,"”ò–∫–µ–Ω ”©–ª–µ–¥—ñ —Å–∞–∫–∞–ª ”©—Å—ñ—Ä–º–µ ,–∞–≥–∞–Ω ”©–ª–µ–¥—ñ –º—É—Ä—Ç ”©—Å—ñ—Ä–º–µ –¥–µ—É—à–µ–¥—ñ –±—É—Ä—ã–Ω–≥—ã –∞—Ç–∞–ª–∞—Ä   –æ—Å—ã–Ω–¥–∞–∏ –ø”ô–ª–µ–Ω—ñ–Ω –∞–ª–¥—ã–Ω –∞–ª–≥–∞–Ω –µ–∫–µ–Ω–≥–æ–π,”ô–¥–µ–ø –≥—É—Ä—ã–ø–∫–∞ —Å–∞–ª—Ç—Å–∞–Ω–∞–≥–∞ –∫–∞–ª–∫–∞–ª–∞–π –∫–µ—Ä–µ–∫ ”ô–∏—Ç–ø–µ—Å–µ  –∞–¥–∞—Å–∞–º—ã–∑ ,—Å–∞–ª—Ç –≥–∞—Å—ã—Ä–ª–∞—Ä –±–æ–π—ã —Å–∞—Ä–∞–ø—Ç–∞–ª–≥–∞–Ω –∫–æ–¥—ã–º—ã–∑ –≥–æ–π –æ—Å—ã–Ω—ã–Ω –∫–∞—à–∞–Ω –∫”ô–¥—ñ—Ä—ñ–Ω–µ –∂–µ—Ç–µ–º—ñ–∑.",0
11,11.0,11.0,–ù–µ –±–∞—Å—ã –∂–æ–∫ –Ω–µ –∞—è–≥—ã –∂–æ–∫.—Ä–µ–∂–∏—Å–µ—Ä–ª–∞—Ä—ã–º—ã–∑–¥–∞ –±–∏—Ä —Ä–æ–ª–∏–∫—Ç–∏ —Ç—É—Å–∏–Ω–∏–∫—Ç–µ –µ—Ç–∏–ø —Ç—É—Å–∏—Ä–µ –∞–ª–º–∞–π–¥—ã –∞–ª –∫–∏–Ω–æ–ª–∞—Ä–¥—ã –∞–π—Ç–ø–∞–π–∞–∫ –∫–æ–π–∞–π—ã–∫,0
12,12.0,12.0,–û–¥–∞–Ω–¥–∞ –±–∞–ª—ã–∫ –∞—É–ª–∞–ø –∂—É—Ä–º–∏—Å–∏–Ω–±–∞ —Ä–∞—Ö–∞—Ç–∫–æ —Å–æ–ª,0
13,13.0,13.0,–ò–º–∞–Ω –∂“Ø—Ä–µ–∫—Ç–µ,0
14,14.0,14.0,–ê—Ç–∞ –∞–Ω–∞—Å—ã –∫—ã–π—ã–Ω –±–æ–ª–¥—ã –∞–∫–µ —à–µ—à–µ –∂—ã–ª–º–∞—Å—ã–Ω,0
15,15.0,15.0,–ë–∞—Ö–∞–±–∏—Å—Ç  –¥–µ–º–µ–Ω–¥–µ—Ä.,0
16,16.0,16.0,–ê–π –∫–æ—Ç—Ç–∏ –∫—ã—Å—ã–ø –∂—É—Ä–≥–µ–Ω–≥–µ –Ω–µ –∂–µ—Ç—Å–∏–Ω,0
17,17.0,17.0,–ñ–∞–∑—ã–∫—Å—ã–∑ –ê–Ω–∞ –±–∞–π–≥—É—Å –∫–∏–Ω–∞–ª–∞–¥—ã.,0
18,18.0,18.0,—Ç—É–ø–æ–π,0
19,19.0,19.0,“ö“±–¥–∞–π—ã–º –ê–ª–ª–∞–º –ñ–∞—Ä–∞—Ç“õ–∞–Ω –∏–µ–º —Å–∞“õ—Ç–∞–π –≥”©—Ä.,0
20,20.0,20.0,–ê–Ω–∞ –æ—Ç–∏—Ä–∏–∫ —Å–∞–∫–∞–ª –Ω–µ –æ–ª –±–∏–∫–æ–Ω—Å–Ω–∏–∫,0
21,21.0,21.0,–ê–∫—Ç—ë—Ä–ª–∞—Ä –µ–º–µ—Å –º—ã–Ω–∞–ª–∞—Ä –º–µ–Ω –∂–∞–∫—Å—ã –æ–π–Ω–∞–π–º—ã–Ω –±–∞ –¥–µ–ø –∫–∞–ª–¥—ã–º –≥–æ–π,0
22,22.0,22.0,"–û–º–∏—Ä–∏–º–¥–µ —Ç–æ–π–¥–∞–Ω —Å–∞—Ä–∫—ã—Ç—Å—ã–∑ –∫–∞–π—Ç–∫–∞–Ω –∞–∫–µ-—à–µ—à–µ–Ω–∏ –∫–æ—Ä–¥–∏–º,üòÇ",0
23,23.0,23.0,"–ë–ê–õ–ê“¢–ê –î–Ü–ù–î–Ü ”®–ó–Ü“¢ “Æ–ô–†–ï–¢–ü–ï–°–ï“¢ , –ï–†–¢–ï“¢  –°–ê–£–°–ê“í–´“¢–î–´ –®–ê–ô–ù–ê–ô–°–´“£.",0
24,24.0,24.0,—Å–∏—Ä–∏—è–º–µ–Ω —Å–æ“ì—ã—Å“ì–∞–Ω—à–∞ –µ–ª—ñ“£–¥—ñ “õ–æ—Ä“ì–∞ –∞—Ä–∞–º–¥–∞—Ä,0
25,25.0,25.0,"–ö–µ—Ç—à—ñ –∫—ã—Ä—Ç–∫–∞–Ω –≤–∏–¥–µ–æ “ì–æ–π, –±–∞—Å–∫–∞—à–∞ —Ç—É—Å–∏—Ä–µ –∞–ª–º–∞–¥—ã–Ω–¥–∞—Ä–º–∞ ))) –∞–π ”ô–π—Ç–µ—É—ñ—Ä –±—É—Ä–º–∞–ª–∞–ø —Ç—É—Å–∏—Ä–µ—Å–∏–Ω–¥–µ—Ä",0
26,26.0,26.0,"–û—Å—ã–Ω–¥–∞–π –≤–∏–¥–∏–æ–ª–∞—Ä –∫”©–ø –±–æ–ª—Å–∞ –µ–∫–µ–Ω,<br>“ö–∞–π–¥–∞“ì—ã –∂–æ“õ –ê–º–µ—Ä–∏–∫–∞ –º–µ–Ω –®–µ—Ç –µ–ª–¥—ñ“£ —é—Ç—É–±—ã–Ω –¥–∞–º—ã—Ç“õ–∞–Ω—à–∞ –æ—Å—ã ”©–∑—ñ–º—ñ–∑–¥—ñ“£ “ö–∞–∑–∞“õ—Ç—ã“£ –¥…ô—Ä–µ–∂–µ—Å—ñ–Ω –∫”©—Ç–µ—Ä–µ–π—ñ–∫,<br>–î“±—Ä—ã—Å —Ç…ô—Ä–±–∏–µ –±…ô—Ä—ñ-–±…ô—Ä—ñ –∞—Ç–∞-–∞–Ω–∞“ì–∞ –±–∞–π–ª–∞–Ω—ã—Å—Ç—ã –æ–π–Ω–∞–π—ã“õ –±–∞—É—ã—Ä–ª–∞—Ä –°–∏—Ä–∏—è“ì–∞ –∫–µ—Ç—ñ–ø –∞–¥–∞—Å–ø–∞–π—ã“õ—à—ã,<br>”®–∑—ñ–º—ñ–∑–¥—ñ“£ –∞—Ç–∞-–±–∞–±–∞–º—ã–∑ –æ“õ—ã“ì–∞–Ω –ù–∞–º–∞–∑ –∂–æ–ª—ã–º–µ–Ω –∂“Ø—Ä–µ–π—ñ–∫—à—ñ!!!",0
27,27.0,27.0,–ê—Å—Å–∞–ª–∞—É–º–∞–≥–∞–ª–µ–π–∫—É–º. –ú–µ–Ω –∂–∞–∫—ã–Ω–¥–∞ –ê—Ä–∞–± –∞–º–∏—Ä–ª–∏–≥–∏–Ω–¥–µ –±–æ–ª–¥—ã–º. –û–ª –∂–∞–∫—Ç–∞ –±–∏–∑–¥–∏–∫–∏–ª–µ—Ä —Å–µ–∫–∏–ª–¥–∏ —Å–∞–∫–∞–ª–¥–∞—Ä—ã–Ω –∫—ã–ª—Ç–∏—Ç—ã–ø –∂—É—Ä–≥–µ–Ω –º—É—Å—ã–ª–º–∞–Ω –∂–æ–∫.  –ë–∏—Ä –∞–¥–∞–º –∂–æ–∫ –±–∞–ª–∞–≥—ã–Ω –∫–µ—Å–∏–ø –∂—É—Ä–≥–µ–Ω.,0
28,28.0,28.0,"–ï“¢ –ë–ò–†–ò–ù–®–ò ∆è–ö–ï –ú–ï–ù –ê–ù–ê–°–´ ”®–ó–î–ï–†–ò –ê–õ–õ–ê–ù–´“¢ –î–Ü–ù–ò–ù –ë–ò–õ–ò–ü –®–ê–†–ò“í–ê–¢–ü–ï–ù “∞–õ “ö–í–ó–î–ê–†–í–ù–ê –¢∆è–†–ë–ò–ï –ë–ï–†–ò–ü ”®–°–ò–†–°–ï –ë–ê–õ–î–ê–†–î–ê “ö–´–ó–î–ê–†–î–ê –ë–´–õ–´“ö“ö–ê–î–ê –ö–£–ù–ê–õ–ò –ò–°–¢–ï–†–ì–ï –ñ–ê–ú–ê–ù–î–´“ö–¢–ê–†“í–ê –ê–î–ê–°–´–ü ”®–ó–ì–ï–õ–ï–†–ì–ï –ï–†–ò–ü –ö–ï–¢–ü–ï–° –ï–î–ò. –ê–õ–õ–ê–ù–´“¢ –ò–°–õ–ê–ú –î–Ü–ù–ò –û–õ –•–ê“ö –î–Ü–ù –ú–ï–ô–Ü–†–Ü–ú–î–Ü–õ–Ü–ö –ü–ï–ù –¢–ï–ö –ë–ï–ô–ë–Ü–¢–®–ò–õ–ò–ö–ö–ï –®–ê“ö–´–†–ê–¢–´–ù –î–Ü–ù. –£–ê–•–ê–ë–ò–°–¢–¢–ï–† ”®–ó–ì–ï “∞–õ–¢–¢–ê–†–î–´“¢ –¢–ï–†–†–û–†–ò–°–¢–ï–†–ò “ö–ê–ó–ê“ö–¢–ê–†–î–´“¢ –î–Ü–ù–ò –ë–ò–õ–ò–ú–°–ò–ó–î–ò–ì–ò–ù –ê–¢–ê –ê–ù–ê–ù–´“¢ –ë–ê–õ–î–ê–†–´–ù “ö–ê–†–ê–£–°–´–ó “ö–ê–õ–î–´–†“í–ê–ù–´–ù –ü–ê–ô–î–ê–õ–ê–ù–´–ü –ñ–ê–°–¢–ê–†–î–´ –ê–î–ê–°–¢–´–†–´–ü ”®–ó –ú–£–î–î–ï–õ–ï–†–ò–ù–ï –ü–ê–ô–î–ê–õ–ê–ù–´–ü –ñ–ê–¢“ö–ê–ù –ò–°–õ–ê–ú –ê–¢–´–ù –ñ–ê–ú–´–õ“í–ê–ù “ö–û–ô –¢–ï–†–ò–°–ò–ù –ñ–ê–ú–´–õ“í–ê–ù “ö–ê–°“ö–´–†–î–ê–ô –ò–°–õ–ê–ú –î–ò–ù–ò–ù–ï  –ï–® “ö–ê–¢–´–°–´ –ñ–û“ö –ë–ê–† –ë–û–õ“í–ê–ù–´ –¢–ï–†–†–û–†–ò–°–¢–¢–ï–†–î–Ü“¢ –°–ê–Ø–°–ê–¢–´. –ê–õ –ë–ò–ó–î–ò“¢ –ñ–ê–°–¢–ê–†–´–ú–´–ó –ê“ö–ò“ö–ê–¢–¢–´ –ê–õ–õ–ê–ù–´“¢ –ò–°–õ–ê–ú –î–Ü–ù–ò–ù –Ü–ó–î–ï–ü –°–û–õ–ê–†–î–´“¢ “ö“∞–†–ë–ê–ù–´ –ë–û–õ–£–î–ê. –î–£–ù–ò–ï –ñ–£–ó–ò–ù–î–ï –ù–ï –ë–û–õ–°–ê–î–ê –ë–ê–†–ò –°–ê–Ø–°–ê–¢. –°–û–ù–î–´“ö–¢–ê–ù –ê–†–ë–ò–† –ê–¢–ê –ê–ù–ê “∞–õ “ö–´–ó–î–ê–†–´–ù–ê ”®–ó–ì–ï–î–ï–ù –£–ô–†–ï–ù–ì–ï–ù–®–ï ”®–ó–î–ï–†–ò –£–ô–†–ï–ù–ò–ü –ú–ï–®–ò–¢–¢–ï–ù –ò–°–õ–ê–ú –î–Ü–ù–ò–ù –ò–ú–ê–ú–î–ê–†–î–ê–ù “ö–ú–î–ë-–ù–´“¢ “∞–õ “ö–´–ó–î–ê–†–´–ù–´“¢ “ö“∞–õ–ê“í–´–ù–ê “ö“∞–ô–´–ü –°–ê–ù–ê–õ–ê–†–´–ù–ê –°–ò“¢–ò–†–ò–ü –û–¢–´–†–£–õ–ê–†–´ –ö–ï–†–ï–ö. –ò–°–õ–ê–ú –î–Ü–ù–ò–ù –ê–¢–ê –ê–ù–ê–°–´–ù–ê–ù –ë–ò–õ–ò–ü ”®–°–ö–ï–ù –ë–ê–õ–ê  –•–ê“ö–¢–´ –û–õ –ï–®“ö–ê–®–ê–ù ”®–ó–ì–ï–õ–ï–†–ì–ï –ï–†–ò–ü –°–ê–Ø–°–ê–¢–¢–´“¢ “ö“∞–†–ë–ê–ù–´ –¢–ï–†–†–û–†–ò–°–¢–¢–ï–†–î–ò“¢ “ö–û–õ –®–û“ö–ü–ê–†–´ –ë–û–õ–´–ü –ö–ï–¢–ü–ï–ô–î–ò!!! –ê–†–ë–ò–† –ê–¢–ê –ê–ù–ê ”®–ó –ë–ê–õ–ê–°–´–ù–ê –ñ–ê–£–ê–ü–¢–´ –ï–ö–ò –î–£–ù–ò–ï–î–ï–î–ï –ñ–ê“ö–°–´“í–ê –£–ô–†–ï–¢–°–ï –ñ–ê“ö–°–´–ù–´“¢ –£–õ–ì–ò–°–ò –ë–û–õ–ê –ê–õ–°–ê –ñ–ê“ö–°–´–õ–´“í–´–ù –ñ–ï–ú–ò–°–ò–ù –ö”®–†–ï–î–ò –ï–®–¢–ï“¢–ï –£–ô–†–ï–¢–ü–ï–°–ï –ñ–ê“ö–°–´ –£–õ–ì–ò –ë–û–õ–ê –ê–õ–ú–ê–°–ê –¢–ï–ö –ó–ê–†–´–ù –®–ï–ì–ï–î–ò. –ê–õ–õ–ê“∫ “ö–ê–°–ò–ï–¢–¢–ò “ö“∞–†–ê–ù–î–ê –ü–ï–ù–î–ï–õ–ï–†–ò–ù –¢–ï–ö –ñ–ê“ö–°–´–õ–´“ö“ö–ê –ë“∞–ô–´–†–´–ü “ö–ê–ù–î–ê–ô –ë“∞–ô–†–´“ö “ö–ê–ù–î–ê–ô –¢–´–ô–´–ú –ë–û–õ–°–ê–î–ê, –ñ–ê“ö–°–´–õ–´“ö“ö–ê –®–ê“ö–´–†–´–ü “ö–ê–ù–î–ê–ô –ê–ú–ê–õ –ë–û–õ–°–ê–î–ê –ë–ê–†–õ–´“ö –ñ–ê–ú–ê–ù–î–´“ö –ê–¢–ê–£–õ–´–î–ê–ù –¢–´–ô–´–ü “ö–û–†“í–ê–ü –ï–°–ö–ï–†–¢–ö–ï–ù. –ï–ì–ï–† –ê–ô–ï–õ –ê–î–ê–ú–î–ê–†“í–ê –ñ–ê–£–õ–´“ö –ö–ò–£–ì–ï –ë–£–ô–´–†–°–ê –ê–õ–õ–ê“∫ “ö“∞–†–ê–ù–î–ê –ë–ê–†–õ–´“ö –ö”®–†–°–ï“ö–´–ó–ê–†–õ–´“ö–¢–ê–ù –ó–ò–ù–ê–î–ê–ù “ö–û–†“í–ê–£ –£–®–ò–ù. –û–î–ê–ù “ö–û–†“ö–ê–¢–´–ù –ï–®–¢–ï“¢–ï –ñ–û“ö –ñ–ê–£–õ–´“ö –ñ–ê–ü–°–ê –ê–†–´–ù –°–ê“ö–¢–ê–ü –ê–õ–õ–ê–ù–´“¢ –ë“∞–ô–†–´“í–´–ù –û–†–´–ù–î–ê–ü –ñ–£–†  –ê–ô–ï–õ –ó–ê–¢–´. –ï–†–õ–ï–† –°–ê“ö–ê–õ “ö–û–ô–°–ê –ï–†–ö–ï–ö –ï–ö–ï–ù–ò–ù –ê–ô–ï–õ–î–ï–ù –ê–ô–´–†–ú–ê–®–´–õ–´“í–´ –ë–ê–† –ï–ö–ï–ù–ò–ù –ë–ò–õ–î–ò–†–ò–ü –ñ–£–† –ê–†–ò–ù–ï –ü–ê–†–´–ó –ï–ú–ï–° –ê–ú–ê–õ –ë–ò–†–ê“ö –°–ê“ö–ê–õ –ï–† –ê–î–ê–ú–ù–´“¢ –ï–†–ö–ï–ö –ï–ö–ï–ù–ò–ù –ö”®–†–°–ï–¢–ï–î–ò. –ê–ô–ï–õ –ê–î–ê–ú –ï–†–ö–ï–ö–ö–ï –ê–õ –ï–† –ö–ò–°–ò –ê–ô–ï–õ –ê–î–ê–ú“í–ê –£“ö–°–ê–ú–ê–£–´ –ö–ï–†–ï–ö –ò–°–õ–ê–ú –î–ò–ù–ò–ù–î–ï –ë–ê–†–õ–´“ö –ê–î–ê–ú–ó–ê–¢“ö–ê –¢–ò–Ü–°–¢–ò –ê–ô–¢–´–õ“í–ê–ù “ö“∞–†–ê–ù–î–ê –ê–õ–õ–ê“∫ –õ–ê“í–´–ù–ï–¢–¢–ï–ì–ï–ù “ö–ê–†“í–´–° –ë–û–õ–°–´–ù –î–ï–ì–ï–ù –ï–†–ö–ï–ö–ö–ï –£“ö–°–ê–ü –ñ–£–†–ì–ï–ù –ê–ô–ï–õ–ì–ï. –ê–ô–ï–õ –ö–ò–°–ò–ù–ò“¢ –ï–† –ö–ò–°–ò–ì–ï –£“ö–°–ê–ü –ñ–£–†–ì–ï–ù–ì–ï. –ë“∞–õ –ñ–ï–†–î–ï –ñ–£–†–ò–° –¢–£–†–ò–°–´ –ö–ò–Ü–ú–Ü –¢–£–† –ö–ï–õ–ë–ï–¢–ò –ò–° “ö–´–ô–ú–´–õ–´ –ë–ê–†–õ–´“í–´ –ö–ò–†–ï–î.<br>–ò–°–õ–ê–ú –î–Ü–ù–ò–ù–ï –ú“∞–°–´–õ–ú–ê–ù–î–ê–†“í–ê –ñ–ê–õ–ê –ñ–ê–£–´–ü “ö–ê–†–ê–õ–ê–ü –ë–û–°“ö–ê ”®–ó–î–ï–†–ò“¢–ï –ö–£–ù–ê –ê–†–¢–ü–ê“¢–î–ê–† –ê–õ–õ–ê“∫ “ö“∞–î–ò–†–ï–¢–¢–ò –ë–ê–†–ò–ù –ö”®–†–£–®–ò –ë–ò–õ–£–®–Ü –ñ∆è–ù–ï –ï–°–¢–£–®–ò. –û–°–´ –ñ–ê–õ“í–ê–ù ”®–ú–ò–†–î–ï–î–ï –ê–•–ò–†–ï–¢–¢–ï –ï–®–ö–ò–ú –ï–®–ö–ò–ú –£–®–ò–ù –ñ–ê–£–ê–ü –ë–ï–†–ú–ï–ô–î–ò –°–û–ù–´ “∞–ú–´–¢–ü–ê“í–ê–ù–´–ú–´–ó –ñ”®–ù.",0
29,29.0,29.0,ŸÖ€áÿ≥ŸÑŸÖÿßŸÜÿØÿßÿ±ÿ∫ÿß €ï⁄≠ ŸÇÿß€ãŸâŸæÿ™Ÿâ ÿ™ŸàŸæ ŸÜÿßŸÖÿßÿ≤ ŸàŸÇŸâŸÖÿßÿ≥ÿßŸÖÿØÿß ÿ¨€áÿ±€ï⁄ØŸâŸÖ ÿ™ÿßÿ≤ÿß ÿØ€ïŸäÿ™ŸâŸÜ ŸÖ€áÿ±ÿ¨Ÿä ÿ™Ÿàÿ®Ÿâÿå ŸÖ€áÿ±ÿ¨ŸäŸÑÿßÿ± ŸÇŸâÿ®ŸÑÿßÿ∫ÿß ŸÇÿßÿ±ÿßÿ∫ÿßŸÜ Ÿäÿß⁄æ€áÿØÿ™ÿßŸÜÿØÿß ÿ®€ïÿ™€ïÿ±ÿå,0
30,30.0,30.0,–ê–ª–ª–∞ –æ–∑–∏ —Å–∞–∫—Ç–∞—Å—ã–Ω —Å—ñ–¥—ñ–∫ —ñ—Ä—ñ“£ –∏—Ç—Ç–µ—Ä–¥–µ–Ω –º–∞–ª“ì“±–Ω –∏—Ç—Ç–µ—Ä –∫–∞–Ω—à–∞–º–∞ –∂–∞–∑—ã–∫—Å—ã–∑ –∂–∞—Å—Ç–∞—Ä–¥—ã “õ“±—Ä—Ç—ã–ø ”©–º—ñ—Ä–ª–µ—Ä—ñ–Ω —Å—ã–Ω–¥—ã—Ä—ã–ø –º—Ä–∞–∑–∏ –±–∞—Å–∫–∞ –µ–ª–¥–µ –æ—Ç—ã—Ä–ø –∞–ª—ã–ø —ñ—Ä—ñ—Ç—ñ–ø —à—ñ—Ä—ñ—Ç—ñ–ø,0
31,31.0,31.0,"–í–∞—Ö–∞–±–∏—Ç—Ç–µ—Ä —Å–∞–ª–∞—Ñ–∏—Ç—Ç–µ—Ä–¥“£–Ω –∞—É—ã–∑–¥–∞—Ä—ã–Ω–∞ –∞“ì—ã–∑—ã–ø,–∫”©—Ç—Ç–µ—Ä—ñ–Ω–µ –∞“ì–∞—à  —Ç—ã“ì—É –∫–µ—Ä–µ–∫.",0
32,32.0,32.0,8 –∞–∑ –æ–Ω–¥–∞–π–ª–∞—Ä–≥–∞ 35 –∂—ã–ª –±–µ—Ä—É –∫–µ—Ä–µ–∫ –±–æ–ª–º–∞—Å–∞ –º–∞–Ω–≥–∏ –±–∞–∫–∏ –±–∞—Å –±–æ—Å—Ç–∞–Ω–¥—ã“ì—ã–Ω–∞ –∞–π—ã—Ä—É –∫–µ—Ä–µ–∫ —Ç–∏–ø–∞ —Ç–∞–∫—É–∞ —Å—ã–º–∞–∫—Ç–∞—Ä,0
33,33.0,33.0,"–ë–∞—Å—ã –∂–æ“õ –∞—è“ì—ã –∂–æ“õ ,–Ω–µ “õ–æ–π—ã–ª—ã–º,–º–∞“ì—ã–Ω–∞—Å—ã –±–∞—Ä –±—ñ—Ä–∞“õ –¥“±—Ä—ã—Å –∂–µ—Ç–∫—ñ–∑–µ –∞–ª–º–∞–¥—ã“£—ã–∑–¥–∞—Ä",0
34,34.0,34.0,–°–∞“õ–∞–ª–¥—ã–ª–∞—Ä –º–µ–Ω —Ö–∏–¥–∂–∞–ø —Ç–∞“ì—ã–ª–∞—Ä  –∞–¥–∞—Å“õ–∞–Ω–¥–∞ —Å–∞“õ–∞–ª—Å—ã–∑–¥–∞—Ä –º–µ–Ω –∂–∞–ª–∞“£–±–∞—Å—Ç–∞—Ä —Ç—É—Ä–∞ –∂–æ–ª–¥–∞–º–∞ –∞—É–∑—É–±–∏–ª–ª–∞ “õ–æ“ì–∞–º “õ–∞—à–∞–Ω —Ä–µ—Ç—Ç–µ–ª–µ–¥—ñ –µ–∫–µ–Ω,0
35,35.0,35.0,"–Ω–µ —É–≤–ª–µ–∫–∞–π—Ç–µ—Å—å –ø–∞—Ü–∞–Ω—ã , —ç—Ç–æ –Ω–µ –∏–≥—Ä—É—à–∫–∏",0
36,36.0,36.0,–ê–ª–ª–∞ —Å–∞–∫—Ç–∞—Å—ã–Ω! –∂—É–º–∞–∫—Ç—ã–Ω –∫–∏–ª—Ç–∏ –∞–Ω–∞–Ω—ã–Ω –∞—è–≥—ã–Ω—ã–Ω –∞—Å—Ç—ã–Ω–¥–∞ –∂—É–º–∞–∫—Ç—ã –µ—à–∫–∞–π–¥–∞–Ω –∏–∑–¥–µ–º–µ–Ω–¥–µ–ø –¥–µ–≥–µ–Ω–≥–æ–π. –∫–∞–Ω—à–∞–ª—ã–∫—Ç—ã –∞–∫–µ —à–µ—à–µ–≥–µ –∞—É—ã—Ä. —Å–æ–Ω–¥–∞–π –±–æ–ª—Å—ã–Ω –¥–µ–ø —Ç–∞—Ä–±–∏–µ –±–µ—Ä–≥–µ–Ω –∂–æ–∫–≥–æ–π –∞–∫–µ —à–µ—à–µ. —Å–∞–Ω–∞—Å—ã–Ω–∞ –±–µ—Ä–º–µ—Å–µ –∞–∫–µ —à–µ—à–µ–Ω–∏–Ω –∂–∞–∑—ã–≥—ã –Ω–µ. –∫–∞–∑–∞–∫—Ç–∞—Ä –æ–π–ª–∞–Ω–∞–π—ã–∫.,0
37,37.0,37.0,–∫–∞–∑–∞–∫ –∂–∞—Å—Ç–∞—Ä—ã .))) –∫–∞–∑–∞–∫ –µ–ªi–Ωi–Ω –±–æ–ª–∞—à–∞–≥—ã –µ–∫–µ–Ωi–ºi–∑–¥i –µ—Å—Ç–µ–Ω —à—ã–≥–∞—Ä–º–∞–π—ã–∫—à—ã.–∞—Ç–∞ –∞–Ω–∞–º—ã–∑–¥—ã –æ–π–ª–∞–π—ã–∫.,0
38,38.0,38.0,–¥“±—Ä—ã—Å –æ—Å—ã–Ω–¥–∞–π–¥—ã“£ –∞–ª–¥—ã–Ω –∞–ª—É –∫–µ—Ä–µ–∫,0
39,39.0,,–°–∏—Ä–∏—è–¥–∞ –±–æ–ª—ã–ø –∂–∞—Ç“õ–∞–Ω —Å–æ“ì—ã—Å –¥“±—Ä—ã—Å —Å–æ“ì—ã—Å –∫–∞–ø—ñ—Ä–ª–µ—Ä–≥–µ —Ç–∞“ì—É—Ç–∞—Ä“ì–∞ “õ–∞—Ä—Å—ã —Å–æ“ì—ã—Å –±–æ–ª—ã–ø –∂–∞—Ç—ã—Ä “õ–∞–π –µ–ª ”©–∑—ñ–Ω—ñ –º“±—Å—ã–ª–º–∞–Ω –µ–ª–º—ñ–∑ –¥–µ—Å –±—ñ—Ä–∞“õ –æ–ª –µ–ª–¥–µ —à–∞—Ä–∏“ì–∞—Ç –∑–∞“£—ã–º–µ–Ω –±–∞—Å“õ–∞—Ä–º–∞—Å–∞ –æ–ª –µ–ª–¥—ñ –±–∞—Å“õ–∞—Ä—ã–ø –∂–∞—Ç“õ–∞–Ω–¥–∞—Ä —Ç–∞“ì—É—Ç –º“Ø—à—Ä—ñ–∫ –µ—Å–µ–ø—Ç–µ–ª–µ–¥—ñ,0
40,40.0,,–ë—ñ—Ä–µ—É–≥–µ–¥—ñ–Ω –∫”©–Ω—ñ–ª—ñ–Ω–µ  –∫“Ø–ª–∫—ñ –±—ñ–ª–µ—É—ñ–Ω–µ –º“±“£ “±—è–ª–∞—Ç–∞—Ç—ã–Ω –∫–æ—Ä—ñ–Ω—ñ—Å . –ê–ª–ª–∞—Ö –∞–¥–∞—Å—Ç—ã—Ä–º–∞—Å—ã–Ω –±”ô—Ä—ñ–º—ñ–∑–¥–µ –±–∞–ª–∞ –±–∞—Ä –∂–∞–º–∞–Ω –∂–∞–∑–±–∞–Ω—ã–∑–¥–∞—Ä,0
41,41.0,,8–∂—ã–ª –∫–æ—Ä—à–∏—Å–∏ —Å–æ–ª –±–∞—è–≥—ã —Ö–∞–ª–∞—Ç–ø–µ–Ω –∂—É—Ä))),0
42,42.0,,–û–∏ –∫–µ—à–∏—Ä–∏–Ω–∏–∑–¥–µ—Ä –∞–±–∞–∏–ª–∞–Ω—ã–∑–¥–∞—Ä,0
43,43.0,,–ê–±–∞–∏–ª–∞,0
44,44.0,,“ö–æ–π—ã“£—ã–∑–¥–∞—Ä –±“±–ª –∂–µ—Ä–¥–µ –∞—Ç–∞ –∞–Ω–∞–Ω—ã“£ —Ç“Ø–∫ –∫—ñ–Ω”ô—Å—ñ –∂–æ“õ –æ–ª –æ—Ä—Ç–∞“ì–∞ –±–∞–π–ª–∞–Ω—ã—Å—Ç—ã –æ–ª–∞–π –∞–Ω–∞—Å—ã–Ω—ã“£ –∫”©–∑—ñ–Ω—à–µ –∞–π—Ç—É“ì–∞ –±–æ–ª–º–∞–π–¥—ã –∞–Ω–∞ –∂“Ø—Ä–µ–≥—ñ –∫”©—Ç–µ—Ä–º–µ–π–¥—ñ –æ–Ω–¥–∞–π —Å”©–∑–¥—ñ –æ–Ω—ã“£ –æ—Ä–Ω—ã–Ω–∞ ”©–∑–¥–µ—Ä—ñ“£—ñ–∑–¥—ñ “õ–æ–π—ã–ø –∫”©—Ä—ñ“£—ñ–∑–¥–µ—Ä –æ–±–∞–ª “ì–æ–π –∫—ñ–º –±–æ–ª—Å–∞–¥–∞ –±–∞–ª–∞—Å—ã–Ω –∂–∞–º–∞–Ω–¥—ã“õ“õ–∞ “õ–∏—Å—ã–Ω,0
45,45.0,,–ê–ª–ª–∞ —Å–∞–∫—Ç–∞—Å–Ω,0
46,46.0,,”®–∑–¥–µ—Ä—ñ“£ –∂“±—Ä–µ–∫—Ç–µ—Ä—ñ“£ –Ω–µ–Ω—ñ“£ –∂–∞“õ—Å—ã –∂–∞–º–∞–Ω –µ–∫–µ–Ω—ñ–Ω –±—ñ–ª–µ–¥—ñ“ì–æ –Ω–µ –¥—ñ–Ω —Ç—É—Ä–∞–ª—ã –±–∞—Å—Ç–∞—Ä—ã“£–¥—ã “õ–∞—Ç—ã—Ä–∞—Å—ã“£–¥–∞—Ä —Ç—ã–Ω—ã—à ”©–º—ñ—Ä —Å“Ø—Ä—ñ“£–¥–µ—Ä—à–µ—ñ—à —Å–µ–º—ñ–∑–¥—ñ–∫—Ç—ñ —Ç–µ–∫ “õ–æ–π“ì–∞–Ω–∞ –∫”©—Ç–µ—Ä–≥–µ–Ω —Å–æ–Ω—ã “±–º—ã—Ç–ø–∞“£–¥–∞—Ä,0
47,47.0,,–º…ô–Ω—ñ –∂–æ“õ –º–∞“ì–∞–Ω–∞—Å—ã –∂–æ“õ.–¢“Ø—Å—ñ–Ω—ñ–∫—Å—ñ–∑,0
48,48.0,,–ï–º—à–µ–≥—ñ –∂–∞–±—ã“õ –∞–Ω–∞ —Ç–∞–±—ã–ª–º–∞–¥—ã–º–∞,0
49,49.0,,"”ò–∫–µ–Ω ”©–ª–µ–¥—ñ —Å–∞–∫–∞–ª ”©—Å—ñ—Ä–º–µ ,–∞–≥–∞–Ω ”©–ª–µ–¥—ñ –º—É—Ä—Ç ”©—Å—ñ—Ä–º–µ –¥–µ—É—à–µ–¥—ñ –±—É—Ä—ã–Ω–≥—ã –∞—Ç–∞–ª–∞—Ä   –æ—Å—ã–Ω–¥–∞–∏ –ø”ô–ª–µ–Ω—ñ–Ω –∞–ª–¥—ã–Ω –∞–ª–≥–∞–Ω –µ–∫–µ–Ω–≥–æ–π,”ô–¥–µ–ø –≥—É—Ä—ã–ø–∫–∞ —Å–∞–ª—Ç—Å–∞–Ω–∞–≥–∞ –∫–∞–ª–∫–∞–ª–∞–π –∫–µ—Ä–µ–∫ ”ô–∏—Ç–ø–µ—Å–µ  –∞–¥–∞—Å–∞–º—ã–∑ ,—Å–∞–ª—Ç –≥–∞—Å—ã—Ä–ª–∞—Ä –±–æ–π—ã —Å–∞—Ä–∞–ø—Ç–∞–ª–≥–∞–Ω –∫–æ–¥—ã–º—ã–∑ –≥–æ–π –æ—Å—ã–Ω—ã–Ω –∫–∞—à–∞–Ω –∫”ô–¥—ñ—Ä—ñ–Ω–µ –∂–µ—Ç–µ–º—ñ–∑.",0
50,50.0,,–ù–µ –±–∞—Å—ã –∂–æ–∫ –Ω–µ –∞—è–≥—ã –∂–æ–∫.—Ä–µ–∂–∏—Å–µ—Ä–ª–∞—Ä—ã–º—ã–∑–¥–∞ –±–∏—Ä —Ä–æ–ª–∏–∫—Ç–∏ —Ç—É—Å–∏–Ω–∏–∫—Ç–µ –µ—Ç–∏–ø —Ç—É—Å–∏—Ä–µ –∞–ª–º–∞–π–¥—ã –∞–ª –∫–∏–Ω–æ–ª–∞—Ä–¥—ã –∞–π—Ç–ø–∞–π–∞–∫ –∫–æ–π–∞–π—ã–∫,0
51,51.0,,–û–¥–∞–Ω–¥–∞ –±–∞–ª—ã–∫ –∞—É–ª–∞–ø –∂—É—Ä–º–∏—Å–∏–Ω–±–∞ —Ä–∞—Ö–∞—Ç–∫–æ —Å–æ–ª,0
52,52.0,,–ò–º–∞–Ω –∂“Ø—Ä–µ–∫—Ç–µ,0
53,53.0,,–ê—Ç–∞ –∞–Ω–∞—Å—ã –∫—ã–π—ã–Ω –±–æ–ª–¥—ã –∞–∫–µ —à–µ—à–µ –∂—ã–ª–º–∞—Å—ã–Ω,0
54,54.0,,–ë–∞—Ö–∞–±–∏—Å—Ç  –¥–µ–º–µ–Ω–¥–µ—Ä.,0
55,55.0,,–ê–π –∫–æ—Ç—Ç–∏ –∫—ã—Å—ã–ø –∂—É—Ä–≥–µ–Ω–≥–µ –Ω–µ –∂–µ—Ç—Å–∏–Ω,0
56,56.0,,–ñ–∞–∑—ã–∫—Å—ã–∑ –ê–Ω–∞ –±–∞–π–≥—É—Å –∫–∏–Ω–∞–ª–∞–¥—ã.,0
57,57.0,,—Ç—É–ø–æ–π,0
58,58.0,,“ö“±–¥–∞–π—ã–º –ê–ª–ª–∞–º –ñ–∞—Ä–∞—Ç“õ–∞–Ω –∏–µ–º —Å–∞“õ—Ç–∞–π –≥”©—Ä.,0
59,59.0,,–ê–Ω–∞ –æ—Ç–∏—Ä–∏–∫ —Å–∞–∫–∞–ª –Ω–µ –æ–ª –±–∏–∫–æ–Ω—Å–Ω–∏–∫,0
60,60.0,,–ê–∫—Ç—ë—Ä–ª–∞—Ä –µ–º–µ—Å –º—ã–Ω–∞–ª–∞—Ä –º–µ–Ω –∂–∞–∫—Å—ã –æ–π–Ω–∞–π–º—ã–Ω –±–∞ –¥–µ–ø –∫–∞–ª–¥—ã–º –≥–æ–π,0
61,61.0,,"–û–º–∏—Ä–∏–º–¥–µ —Ç–æ–π–¥–∞–Ω —Å–∞—Ä–∫—ã—Ç—Å—ã–∑ –∫–∞–π—Ç–∫–∞–Ω –∞–∫–µ-—à–µ—à–µ–Ω–∏ –∫–æ—Ä–¥–∏–º,üòÇ",0
62,62.0,,"–ë–ê–õ–ê“¢–ê –î–Ü–ù–î–Ü ”®–ó–Ü“¢ “Æ–ô–†–ï–¢–ü–ï–°–ï“¢ , –ï–†–¢–ï“¢  –°–ê–£–°–ê“í–´“¢–î–´ –®–ê–ô–ù–ê–ô–°–´“£.",0
63,63.0,,—Å–∏—Ä–∏—è–º–µ–Ω —Å–æ“ì—ã—Å“ì–∞–Ω—à–∞ –µ–ª—ñ“£–¥—ñ “õ–æ—Ä“ì–∞ –∞—Ä–∞–º–¥–∞—Ä,0
64,64.0,,"–ö–µ—Ç—à—ñ –∫—ã—Ä—Ç–∫–∞–Ω –≤–∏–¥–µ–æ “ì–æ–π, –±–∞—Å–∫–∞—à–∞ —Ç—É—Å–∏—Ä–µ –∞–ª–º–∞–¥—ã–Ω–¥–∞—Ä–º–∞ ))) –∞–π ”ô–π—Ç–µ—É—ñ—Ä –±—É—Ä–º–∞–ª–∞–ø —Ç—É—Å–∏—Ä–µ—Å–∏–Ω–¥–µ—Ä",0
65,65.0,,"–û—Å—ã–Ω–¥–∞–π –≤–∏–¥–∏–æ–ª–∞—Ä –∫”©–ø –±–æ–ª—Å–∞ –µ–∫–µ–Ω,<br>“ö–∞–π–¥–∞“ì—ã –∂–æ“õ –ê–º–µ—Ä–∏–∫–∞ –º–µ–Ω –®–µ—Ç –µ–ª–¥—ñ“£ —é—Ç—É–±—ã–Ω –¥–∞–º—ã—Ç“õ–∞–Ω—à–∞ –æ—Å—ã ”©–∑—ñ–º—ñ–∑–¥—ñ“£ “ö–∞–∑–∞“õ—Ç—ã“£ –¥…ô—Ä–µ–∂–µ—Å—ñ–Ω –∫”©—Ç–µ—Ä–µ–π—ñ–∫,<br>–î“±—Ä—ã—Å —Ç…ô—Ä–±–∏–µ –±…ô—Ä—ñ-–±…ô—Ä—ñ –∞—Ç–∞-–∞–Ω–∞“ì–∞ –±–∞–π–ª–∞–Ω—ã—Å—Ç—ã –æ–π–Ω–∞–π—ã“õ –±–∞—É—ã—Ä–ª–∞—Ä –°–∏—Ä–∏—è“ì–∞ –∫–µ—Ç—ñ–ø –∞–¥–∞—Å–ø–∞–π—ã“õ—à—ã,<br>”®–∑—ñ–º—ñ–∑–¥—ñ“£ –∞—Ç–∞-–±–∞–±–∞–º—ã–∑ –æ“õ—ã“ì–∞–Ω –ù–∞–º–∞–∑ –∂–æ–ª—ã–º–µ–Ω –∂“Ø—Ä–µ–π—ñ–∫—à—ñ!!!",0
66,66.0,,–ê—Å—Å–∞–ª–∞—É–º–∞–≥–∞–ª–µ–π–∫—É–º. –ú–µ–Ω –∂–∞–∫—ã–Ω–¥–∞ –ê—Ä–∞–± –∞–º–∏—Ä–ª–∏–≥–∏–Ω–¥–µ –±–æ–ª–¥—ã–º. –û–ª –∂–∞–∫—Ç–∞ –±–∏–∑–¥–∏–∫–∏–ª–µ—Ä —Å–µ–∫–∏–ª–¥–∏ —Å–∞–∫–∞–ª–¥–∞—Ä—ã–Ω –∫—ã–ª—Ç–∏—Ç—ã–ø –∂—É—Ä–≥–µ–Ω –º—É—Å—ã–ª–º–∞–Ω –∂–æ–∫.  –ë–∏—Ä –∞–¥–∞–º –∂–æ–∫ –±–∞–ª–∞–≥—ã–Ω –∫–µ—Å–∏–ø –∂—É—Ä–≥–µ–Ω.,0
67,67.0,,"–ï“¢ –ë–ò–†–ò–ù–®–ò ∆è–ö–ï –ú–ï–ù –ê–ù–ê–°–´ ”®–ó–î–ï–†–ò –ê–õ–õ–ê–ù–´“¢ –î–Ü–ù–ò–ù –ë–ò–õ–ò–ü –®–ê–†–ò“í–ê–¢–ü–ï–ù “∞–õ “ö–í–ó–î–ê–†–í–ù–ê –¢∆è–†–ë–ò–ï –ë–ï–†–ò–ü ”®–°–ò–†–°–ï –ë–ê–õ–î–ê–†–î–ê “ö–´–ó–î–ê–†–î–ê –ë–´–õ–´“ö“ö–ê–î–ê –ö–£–ù–ê–õ–ò –ò–°–¢–ï–†–ì–ï –ñ–ê–ú–ê–ù–î–´“ö–¢–ê–†“í–ê –ê–î–ê–°–´–ü ”®–ó–ì–ï–õ–ï–†–ì–ï –ï–†–ò–ü –ö–ï–¢–ü–ï–° –ï–î–ò. –ê–õ–õ–ê–ù–´“¢ –ò–°–õ–ê–ú –î–Ü–ù–ò –û–õ –•–ê“ö –î–Ü–ù –ú–ï–ô–Ü–†–Ü–ú–î–Ü–õ–Ü–ö –ü–ï–ù –¢–ï–ö –ë–ï–ô–ë–Ü–¢–®–ò–õ–ò–ö–ö–ï –®–ê“ö–´–†–ê–¢–´–ù –î–Ü–ù. –£–ê–•–ê–ë–ò–°–¢–¢–ï–† ”®–ó–ì–ï “∞–õ–¢–¢–ê–†–î–´“¢ –¢–ï–†–†–û–†–ò–°–¢–ï–†–ò “ö–ê–ó–ê“ö–¢–ê–†–î–´“¢ –î–Ü–ù–ò –ë–ò–õ–ò–ú–°–ò–ó–î–ò–ì–ò–ù –ê–¢–ê –ê–ù–ê–ù–´“¢ –ë–ê–õ–î–ê–†–´–ù “ö–ê–†–ê–£–°–´–ó “ö–ê–õ–î–´–†“í–ê–ù–´–ù –ü–ê–ô–î–ê–õ–ê–ù–´–ü –ñ–ê–°–¢–ê–†–î–´ –ê–î–ê–°–¢–´–†–´–ü ”®–ó –ú–£–î–î–ï–õ–ï–†–ò–ù–ï –ü–ê–ô–î–ê–õ–ê–ù–´–ü –ñ–ê–¢“ö–ê–ù –ò–°–õ–ê–ú –ê–¢–´–ù –ñ–ê–ú–´–õ“í–ê–ù “ö–û–ô –¢–ï–†–ò–°–ò–ù –ñ–ê–ú–´–õ“í–ê–ù “ö–ê–°“ö–´–†–î–ê–ô –ò–°–õ–ê–ú –î–ò–ù–ò–ù–ï  –ï–® “ö–ê–¢–´–°–´ –ñ–û“ö –ë–ê–† –ë–û–õ“í–ê–ù–´ –¢–ï–†–†–û–†–ò–°–¢–¢–ï–†–î–Ü“¢ –°–ê–Ø–°–ê–¢–´. –ê–õ –ë–ò–ó–î–ò“¢ –ñ–ê–°–¢–ê–†–´–ú–´–ó –ê“ö–ò“ö–ê–¢–¢–´ –ê–õ–õ–ê–ù–´“¢ –ò–°–õ–ê–ú –î–Ü–ù–ò–ù –Ü–ó–î–ï–ü –°–û–õ–ê–†–î–´“¢ “ö“∞–†–ë–ê–ù–´ –ë–û–õ–£–î–ê. –î–£–ù–ò–ï –ñ–£–ó–ò–ù–î–ï –ù–ï –ë–û–õ–°–ê–î–ê –ë–ê–†–ò –°–ê–Ø–°–ê–¢. –°–û–ù–î–´“ö–¢–ê–ù –ê–†–ë–ò–† –ê–¢–ê –ê–ù–ê “∞–õ “ö–´–ó–î–ê–†–´–ù–ê ”®–ó–ì–ï–î–ï–ù –£–ô–†–ï–ù–ì–ï–ù–®–ï ”®–ó–î–ï–†–ò –£–ô–†–ï–ù–ò–ü –ú–ï–®–ò–¢–¢–ï–ù –ò–°–õ–ê–ú –î–Ü–ù–ò–ù –ò–ú–ê–ú–î–ê–†–î–ê–ù “ö–ú–î–ë-–ù–´“¢ “∞–õ “ö–´–ó–î–ê–†–´–ù–´“¢ “ö“∞–õ–ê“í–´–ù–ê “ö“∞–ô–´–ü –°–ê–ù–ê–õ–ê–†–´–ù–ê –°–ò“¢–ò–†–ò–ü –û–¢–´–†–£–õ–ê–†–´ –ö–ï–†–ï–ö. –ò–°–õ–ê–ú –î–Ü–ù–ò–ù –ê–¢–ê –ê–ù–ê–°–´–ù–ê–ù –ë–ò–õ–ò–ü ”®–°–ö–ï–ù –ë–ê–õ–ê  –•–ê“ö–¢–´ –û–õ –ï–®“ö–ê–®–ê–ù ”®–ó–ì–ï–õ–ï–†–ì–ï –ï–†–ò–ü –°–ê–Ø–°–ê–¢–¢–´“¢ “ö“∞–†–ë–ê–ù–´ –¢–ï–†–†–û–†–ò–°–¢–¢–ï–†–î–ò“¢ “ö–û–õ –®–û“ö–ü–ê–†–´ –ë–û–õ–´–ü –ö–ï–¢–ü–ï–ô–î–ò!!! –ê–†–ë–ò–† –ê–¢–ê –ê–ù–ê ”®–ó –ë–ê–õ–ê–°–´–ù–ê –ñ–ê–£–ê–ü–¢–´ –ï–ö–ò –î–£–ù–ò–ï–î–ï–î–ï –ñ–ê“ö–°–´“í–ê –£–ô–†–ï–¢–°–ï –ñ–ê“ö–°–´–ù–´“¢ –£–õ–ì–ò–°–ò –ë–û–õ–ê –ê–õ–°–ê –ñ–ê“ö–°–´–õ–´“í–´–ù –ñ–ï–ú–ò–°–ò–ù –ö”®–†–ï–î–ò –ï–®–¢–ï“¢–ï –£–ô–†–ï–¢–ü–ï–°–ï –ñ–ê“ö–°–´ –£–õ–ì–ò –ë–û–õ–ê –ê–õ–ú–ê–°–ê –¢–ï–ö –ó–ê–†–´–ù –®–ï–ì–ï–î–ò. –ê–õ–õ–ê“∫ “ö–ê–°–ò–ï–¢–¢–ò “ö“∞–†–ê–ù–î–ê –ü–ï–ù–î–ï–õ–ï–†–ò–ù –¢–ï–ö –ñ–ê“ö–°–´–õ–´“ö“ö–ê –ë“∞–ô–´–†–´–ü “ö–ê–ù–î–ê–ô –ë“∞–ô–†–´“ö “ö–ê–ù–î–ê–ô –¢–´–ô–´–ú –ë–û–õ–°–ê–î–ê, –ñ–ê“ö–°–´–õ–´“ö“ö–ê –®–ê“ö–´–†–´–ü “ö–ê–ù–î–ê–ô –ê–ú–ê–õ –ë–û–õ–°–ê–î–ê –ë–ê–†–õ–´“ö –ñ–ê–ú–ê–ù–î–´“ö –ê–¢–ê–£–õ–´–î–ê–ù –¢–´–ô–´–ü “ö–û–†“í–ê–ü –ï–°–ö–ï–†–¢–ö–ï–ù. –ï–ì–ï–† –ê–ô–ï–õ –ê–î–ê–ú–î–ê–†“í–ê –ñ–ê–£–õ–´“ö –ö–ò–£–ì–ï –ë–£–ô–´–†–°–ê –ê–õ–õ–ê“∫ “ö“∞–†–ê–ù–î–ê –ë–ê–†–õ–´“ö –ö”®–†–°–ï“ö–´–ó–ê–†–õ–´“ö–¢–ê–ù –ó–ò–ù–ê–î–ê–ù “ö–û–†“í–ê–£ –£–®–ò–ù. –û–î–ê–ù “ö–û–†“ö–ê–¢–´–ù –ï–®–¢–ï“¢–ï –ñ–û“ö –ñ–ê–£–õ–´“ö –ñ–ê–ü–°–ê –ê–†–´–ù –°–ê“ö–¢–ê–ü –ê–õ–õ–ê–ù–´“¢ –ë“∞–ô–†–´“í–´–ù –û–†–´–ù–î–ê–ü –ñ–£–†  –ê–ô–ï–õ –ó–ê–¢–´. –ï–†–õ–ï–† –°–ê“ö–ê–õ “ö–û–ô–°–ê –ï–†–ö–ï–ö –ï–ö–ï–ù–ò–ù –ê–ô–ï–õ–î–ï–ù –ê–ô–´–†–ú–ê–®–´–õ–´“í–´ –ë–ê–† –ï–ö–ï–ù–ò–ù –ë–ò–õ–î–ò–†–ò–ü –ñ–£–† –ê–†–ò–ù–ï –ü–ê–†–´–ó –ï–ú–ï–° –ê–ú–ê–õ –ë–ò–†–ê“ö –°–ê“ö–ê–õ –ï–† –ê–î–ê–ú–ù–´“¢ –ï–†–ö–ï–ö –ï–ö–ï–ù–ò–ù –ö”®–†–°–ï–¢–ï–î–ò. –ê–ô–ï–õ –ê–î–ê–ú –ï–†–ö–ï–ö–ö–ï –ê–õ –ï–† –ö–ò–°–ò –ê–ô–ï–õ –ê–î–ê–ú“í–ê –£“ö–°–ê–ú–ê–£–´ –ö–ï–†–ï–ö –ò–°–õ–ê–ú –î–ò–ù–ò–ù–î–ï –ë–ê–†–õ–´“ö –ê–î–ê–ú–ó–ê–¢“ö–ê –¢–ò–Ü–°–¢–ò –ê–ô–¢–´–õ“í–ê–ù “ö“∞–†–ê–ù–î–ê –ê–õ–õ–ê“∫ –õ–ê“í–´–ù–ï–¢–¢–ï–ì–ï–ù “ö–ê–†“í–´–° –ë–û–õ–°–´–ù –î–ï–ì–ï–ù –ï–†–ö–ï–ö–ö–ï –£“ö–°–ê–ü –ñ–£–†–ì–ï–ù –ê–ô–ï–õ–ì–ï. –ê–ô–ï–õ –ö–ò–°–ò–ù–ò“¢ –ï–† –ö–ò–°–ò–ì–ï –£“ö–°–ê–ü –ñ–£–†–ì–ï–ù–ì–ï. –ë“∞–õ –ñ–ï–†–î–ï –ñ–£–†–ò–° –¢–£–†–ò–°–´ –ö–ò–Ü–ú–Ü –¢–£–† –ö–ï–õ–ë–ï–¢–ò –ò–° “ö–´–ô–ú–´–õ–´ –ë–ê–†–õ–´“í–´ –ö–ò–†–ï–î.<br>–ò–°–õ–ê–ú –î–Ü–ù–ò–ù–ï –ú“∞–°–´–õ–ú–ê–ù–î–ê–†“í–ê –ñ–ê–õ–ê –ñ–ê–£–´–ü “ö–ê–†–ê–õ–ê–ü –ë–û–°“ö–ê ”®–ó–î–ï–†–ò“¢–ï –ö–£–ù–ê –ê–†–¢–ü–ê“¢–î–ê–† –ê–õ–õ–ê“∫ “ö“∞–î–ò–†–ï–¢–¢–ò –ë–ê–†–ò–ù –ö”®–†–£–®–ò –ë–ò–õ–£–®–Ü –ñ∆è–ù–ï –ï–°–¢–£–®–ò. –û–°–´ –ñ–ê–õ“í–ê–ù ”®–ú–ò–†–î–ï–î–ï –ê–•–ò–†–ï–¢–¢–ï –ï–®–ö–ò–ú –ï–®–ö–ò–ú –£–®–ò–ù –ñ–ê–£–ê–ü –ë–ï–†–ú–ï–ô–î–ò –°–û–ù–´ “∞–ú–´–¢–ü–ê“í–ê–ù–´–ú–´–ó –ñ”®–ù.",0
68,68.0,,ŸÖ€áÿ≥ŸÑŸÖÿßŸÜÿØÿßÿ±ÿ∫ÿß €ï⁄≠ ŸÇÿß€ãŸâŸæÿ™Ÿâ ÿ™ŸàŸæ ŸÜÿßŸÖÿßÿ≤ ŸàŸÇŸâŸÖÿßÿ≥ÿßŸÖÿØÿß ÿ¨€áÿ±€ï⁄ØŸâŸÖ ÿ™ÿßÿ≤ÿß ÿØ€ïŸäÿ™ŸâŸÜ ŸÖ€áÿ±ÿ¨Ÿä ÿ™Ÿàÿ®Ÿâÿå ŸÖ€áÿ±ÿ¨ŸäŸÑÿßÿ± ŸÇŸâÿ®ŸÑÿßÿ∫ÿß ŸÇÿßÿ±ÿßÿ∫ÿßŸÜ Ÿäÿß⁄æ€áÿØÿ™ÿßŸÜÿØÿß ÿ®€ïÿ™€ïÿ±ÿå,0
69,69.0,,–ê–ª–ª–∞ –æ–∑–∏ —Å–∞–∫—Ç–∞—Å—ã–Ω —Å—ñ–¥—ñ–∫ —ñ—Ä—ñ“£ –∏—Ç—Ç–µ—Ä–¥–µ–Ω –º–∞–ª“ì“±–Ω –∏—Ç—Ç–µ—Ä –∫–∞–Ω—à–∞–º–∞ –∂–∞–∑—ã–∫—Å—ã–∑ –∂–∞—Å—Ç–∞—Ä–¥—ã “õ“±—Ä—Ç—ã–ø ”©–º—ñ—Ä–ª–µ—Ä—ñ–Ω —Å—ã–Ω–¥—ã—Ä—ã–ø –º—Ä–∞–∑–∏ –±–∞—Å–∫–∞ –µ–ª–¥–µ –æ—Ç—ã—Ä–ø –∞–ª—ã–ø —ñ—Ä—ñ—Ç—ñ–ø —à—ñ—Ä—ñ—Ç—ñ–ø,0
70,70.0,,"–í–∞—Ö–∞–±–∏—Ç—Ç–µ—Ä —Å–∞–ª–∞—Ñ–∏—Ç—Ç–µ—Ä–¥“£–Ω –∞—É—ã–∑–¥–∞—Ä—ã–Ω–∞ –∞“ì—ã–∑—ã–ø,–∫”©—Ç—Ç–µ—Ä—ñ–Ω–µ –∞“ì–∞—à  —Ç—ã“ì—É –∫–µ—Ä–µ–∫.",0
71,71.0,,8 –∞–∑ –æ–Ω–¥–∞–π–ª–∞—Ä–≥–∞ 35 –∂—ã–ª –±–µ—Ä—É –∫–µ—Ä–µ–∫ –±–æ–ª–º–∞—Å–∞ –º–∞–Ω–≥–∏ –±–∞–∫–∏ –±–∞—Å –±–æ—Å—Ç–∞–Ω–¥—ã“ì—ã–Ω–∞ –∞–π—ã—Ä—É –∫–µ—Ä–µ–∫ —Ç–∏–ø–∞ —Ç–∞–∫—É–∞ —Å—ã–º–∞–∫—Ç–∞—Ä,0
72,72.0,,"–ë–∞—Å—ã –∂–æ“õ –∞—è“ì—ã –∂–æ“õ ,–Ω–µ “õ–æ–π—ã–ª—ã–º,–º–∞“ì—ã–Ω–∞—Å—ã –±–∞—Ä –±—ñ—Ä–∞“õ –¥“±—Ä—ã—Å –∂–µ—Ç–∫—ñ–∑–µ –∞–ª–º–∞–¥—ã“£—ã–∑–¥–∞—Ä",0
73,73.0,,–°–∞“õ–∞–ª–¥—ã–ª–∞—Ä –º–µ–Ω —Ö–∏–¥–∂–∞–ø —Ç–∞“ì—ã–ª–∞—Ä  –∞–¥–∞—Å“õ–∞–Ω–¥–∞ —Å–∞“õ–∞–ª—Å—ã–∑–¥–∞—Ä –º–µ–Ω –∂–∞–ª–∞“£–±–∞—Å—Ç–∞—Ä —Ç—É—Ä–∞ –∂–æ–ª–¥–∞–º–∞ –∞—É–∑—É–±–∏–ª–ª–∞ “õ–æ“ì–∞–º “õ–∞—à–∞–Ω —Ä–µ—Ç—Ç–µ–ª–µ–¥—ñ –µ–∫–µ–Ω,0
74,74.0,,"–Ω–µ —É–≤–ª–µ–∫–∞–π—Ç–µ—Å—å –ø–∞—Ü–∞–Ω—ã , —ç—Ç–æ –Ω–µ –∏–≥—Ä—É—à–∫–∏",0
75,75.0,,–ê–ª–ª–∞ —Å–∞–∫—Ç–∞—Å—ã–Ω! –∂—É–º–∞–∫—Ç—ã–Ω –∫–∏–ª—Ç–∏ –∞–Ω–∞–Ω—ã–Ω –∞—è–≥—ã–Ω—ã–Ω –∞—Å—Ç—ã–Ω–¥–∞ –∂—É–º–∞–∫—Ç—ã –µ—à–∫–∞–π–¥–∞–Ω –∏–∑–¥–µ–º–µ–Ω–¥–µ–ø –¥–µ–≥–µ–Ω–≥–æ–π. –∫–∞–Ω—à–∞–ª—ã–∫—Ç—ã –∞–∫–µ —à–µ—à–µ–≥–µ –∞—É—ã—Ä. —Å–æ–Ω–¥–∞–π –±–æ–ª—Å—ã–Ω –¥–µ–ø —Ç–∞—Ä–±–∏–µ –±–µ—Ä–≥–µ–Ω –∂–æ–∫–≥–æ–π –∞–∫–µ —à–µ—à–µ. —Å–∞–Ω–∞—Å—ã–Ω–∞ –±–µ—Ä–º–µ—Å–µ –∞–∫–µ —à–µ—à–µ–Ω–∏–Ω –∂–∞–∑—ã–≥—ã –Ω–µ. –∫–∞–∑–∞–∫—Ç–∞—Ä –æ–π–ª–∞–Ω–∞–π—ã–∫.,0
76,76.0,,–∫–∞–∑–∞–∫ –∂–∞—Å—Ç–∞—Ä—ã .))) –∫–∞–∑–∞–∫ –µ–ªi–Ωi–Ω –±–æ–ª–∞—à–∞–≥—ã –µ–∫–µ–Ωi–ºi–∑–¥i –µ—Å—Ç–µ–Ω —à—ã–≥–∞—Ä–º–∞–π—ã–∫—à—ã.–∞—Ç–∞ –∞–Ω–∞–º—ã–∑–¥—ã –æ–π–ª–∞–π—ã–∫.,0
77,77.0,,–¥“±—Ä—ã—Å –æ—Å—ã–Ω–¥–∞–π–¥—ã“£ –∞–ª–¥—ã–Ω –∞–ª—É –∫–µ—Ä–µ–∫,0
78,,,–°–∏—Ä–∏—è–¥–∞ –±–æ–ª—ã–ø –∂–∞—Ç“õ–∞–Ω —Å–æ“ì—ã—Å –¥“±—Ä—ã—Å —Å–æ“ì—ã—Å –∫–∞–ø—ñ—Ä–ª–µ—Ä–≥–µ —Ç–∞“ì—É—Ç–∞—Ä“ì–∞ “õ–∞—Ä—Å—ã —Å–æ“ì—ã—Å –±–æ–ª—ã–ø –∂–∞—Ç—ã—Ä “õ–∞–π –µ–ª ”©–∑—ñ–Ω—ñ –º“±—Å—ã–ª–º–∞–Ω –µ–ª–º—ñ–∑ –¥–µ—Å –±—ñ—Ä–∞“õ –æ–ª –µ–ª–¥–µ —à–∞—Ä–∏“ì–∞—Ç –∑–∞“£—ã–º–µ–Ω –±–∞—Å“õ–∞—Ä–º–∞—Å–∞ –æ–ª –µ–ª–¥—ñ –±–∞—Å“õ–∞—Ä—ã–ø –∂–∞—Ç“õ–∞–Ω–¥–∞—Ä —Ç–∞“ì—É—Ç –º“Ø—à—Ä—ñ–∫ –µ—Å–µ–ø—Ç–µ–ª–µ–¥—ñ,0
79,,,–ë—ñ—Ä–µ—É–≥–µ–¥—ñ–Ω –∫”©–Ω—ñ–ª—ñ–Ω–µ  –∫“Ø–ª–∫—ñ –±—ñ–ª–µ—É—ñ–Ω–µ –º“±“£ “±—è–ª–∞—Ç–∞—Ç—ã–Ω –∫–æ—Ä—ñ–Ω—ñ—Å . –ê–ª–ª–∞—Ö –∞–¥–∞—Å—Ç—ã—Ä–º–∞—Å—ã–Ω –±”ô—Ä—ñ–º—ñ–∑–¥–µ –±–∞–ª–∞ –±–∞—Ä –∂–∞–º–∞–Ω –∂–∞–∑–±–∞–Ω—ã–∑–¥–∞—Ä,0
80,,,8–∂—ã–ª –∫–æ—Ä—à–∏—Å–∏ —Å–æ–ª –±–∞—è–≥—ã —Ö–∞–ª–∞—Ç–ø–µ–Ω –∂—É—Ä))),0
81,,,–û–∏ –∫–µ—à–∏—Ä–∏–Ω–∏–∑–¥–µ—Ä –∞–±–∞–∏–ª–∞–Ω—ã–∑–¥–∞—Ä,0
82,,,–ê–±–∞–∏–ª–∞,0
83,,,“ö–æ–π—ã“£—ã–∑–¥–∞—Ä –±“±–ª –∂–µ—Ä–¥–µ –∞—Ç–∞ –∞–Ω–∞–Ω—ã“£ —Ç“Ø–∫ –∫—ñ–Ω”ô—Å—ñ –∂–æ“õ –æ–ª –æ—Ä—Ç–∞“ì–∞ –±–∞–π–ª–∞–Ω—ã—Å—Ç—ã –æ–ª–∞–π –∞–Ω–∞—Å—ã–Ω—ã“£ –∫”©–∑—ñ–Ω—à–µ –∞–π—Ç—É“ì–∞ –±–æ–ª–º–∞–π–¥—ã –∞–Ω–∞ –∂“Ø—Ä–µ–≥—ñ –∫”©—Ç–µ—Ä–º–µ–π–¥—ñ –æ–Ω–¥–∞–π —Å”©–∑–¥—ñ –æ–Ω—ã“£ –æ—Ä–Ω—ã–Ω–∞ ”©–∑–¥–µ—Ä—ñ“£—ñ–∑–¥—ñ “õ–æ–π—ã–ø –∫”©—Ä—ñ“£—ñ–∑–¥–µ—Ä –æ–±–∞–ª “ì–æ–π –∫—ñ–º –±–æ–ª—Å–∞–¥–∞ –±–∞–ª–∞—Å—ã–Ω –∂–∞–º–∞–Ω–¥—ã“õ“õ–∞ “õ–∏—Å—ã–Ω,0
84,,,–ê–ª–ª–∞ —Å–∞–∫—Ç–∞—Å–Ω,0
85,,,”®–∑–¥–µ—Ä—ñ“£ –∂“±—Ä–µ–∫—Ç–µ—Ä—ñ“£ –Ω–µ–Ω—ñ“£ –∂–∞“õ—Å—ã –∂–∞–º–∞–Ω –µ–∫–µ–Ω—ñ–Ω –±—ñ–ª–µ–¥—ñ“ì–æ –Ω–µ –¥—ñ–Ω —Ç—É—Ä–∞–ª—ã –±–∞—Å—Ç–∞—Ä—ã“£–¥—ã “õ–∞—Ç—ã—Ä–∞—Å—ã“£–¥–∞—Ä —Ç—ã–Ω—ã—à ”©–º—ñ—Ä —Å“Ø—Ä—ñ“£–¥–µ—Ä—à–µ—ñ—à —Å–µ–º—ñ–∑–¥—ñ–∫—Ç—ñ —Ç–µ–∫ “õ–æ–π“ì–∞–Ω–∞ –∫”©—Ç–µ—Ä–≥–µ–Ω —Å–æ–Ω—ã “±–º—ã—Ç–ø–∞“£–¥–∞—Ä,0
86,,,–º…ô–Ω—ñ –∂–æ“õ –º–∞“ì–∞–Ω–∞—Å—ã –∂–æ“õ.–¢“Ø—Å—ñ–Ω—ñ–∫—Å—ñ–∑,0
87,,,–ï–º—à–µ–≥—ñ –∂–∞–±—ã“õ –∞–Ω–∞ —Ç–∞–±—ã–ª–º–∞–¥—ã–º–∞,0
88,,,"”ò–∫–µ–Ω ”©–ª–µ–¥—ñ —Å–∞–∫–∞–ª ”©—Å—ñ—Ä–º–µ ,–∞–≥–∞–Ω ”©–ª–µ–¥—ñ –º—É—Ä—Ç ”©—Å—ñ—Ä–º–µ –¥–µ—É—à–µ–¥—ñ –±—É—Ä—ã–Ω–≥—ã –∞—Ç–∞–ª–∞—Ä   –æ—Å—ã–Ω–¥–∞–∏ –ø”ô–ª–µ–Ω—ñ–Ω –∞–ª–¥—ã–Ω –∞–ª–≥–∞–Ω –µ–∫–µ–Ω–≥–æ–π,”ô–¥–µ–ø –≥—É—Ä—ã–ø–∫–∞ —Å–∞–ª—Ç—Å–∞–Ω–∞–≥–∞ –∫–∞–ª–∫–∞–ª–∞–π –∫–µ—Ä–µ–∫ ”ô–∏—Ç–ø–µ—Å–µ  –∞–¥–∞—Å–∞–º—ã–∑ ,—Å–∞–ª—Ç –≥–∞—Å—ã—Ä–ª–∞—Ä –±–æ–π—ã —Å–∞—Ä–∞–ø—Ç–∞–ª–≥–∞–Ω –∫–æ–¥—ã–º—ã–∑ –≥–æ–π –æ—Å—ã–Ω—ã–Ω –∫–∞—à–∞–Ω –∫”ô–¥—ñ—Ä—ñ–Ω–µ –∂–µ—Ç–µ–º—ñ–∑.",0
89,,,–ù–µ –±–∞—Å—ã –∂–æ–∫ –Ω–µ –∞—è–≥—ã –∂–æ–∫.—Ä–µ–∂–∏—Å–µ—Ä–ª–∞—Ä—ã–º—ã–∑–¥–∞ –±–∏—Ä —Ä–æ–ª–∏–∫—Ç–∏ —Ç—É—Å–∏–Ω–∏–∫—Ç–µ –µ—Ç–∏–ø —Ç—É—Å–∏—Ä–µ –∞–ª–º–∞–π–¥—ã –∞–ª –∫–∏–Ω–æ–ª–∞—Ä–¥—ã –∞–π—Ç–ø–∞–π–∞–∫ –∫–æ–π–∞–π—ã–∫,0
90,,,–û–¥–∞–Ω–¥–∞ –±–∞–ª—ã–∫ –∞—É–ª–∞–ø –∂—É—Ä–º–∏—Å–∏–Ω–±–∞ —Ä–∞—Ö–∞—Ç–∫–æ —Å–æ–ª,0
91,,,–ò–º–∞–Ω –∂“Ø—Ä–µ–∫—Ç–µ,0
92,,,–ê—Ç–∞ –∞–Ω–∞—Å—ã –∫—ã–π—ã–Ω –±–æ–ª–¥—ã –∞–∫–µ —à–µ—à–µ –∂—ã–ª–º–∞—Å—ã–Ω,0
93,,,–ë–∞—Ö–∞–±–∏—Å—Ç  –¥–µ–º–µ–Ω–¥–µ—Ä.,0
94,,,–ê–π –∫–æ—Ç—Ç–∏ –∫—ã—Å—ã–ø –∂—É—Ä–≥–µ–Ω–≥–µ –Ω–µ –∂–µ—Ç—Å–∏–Ω,0
95,,,–ñ–∞–∑—ã–∫—Å—ã–∑ –ê–Ω–∞ –±–∞–π–≥—É—Å –∫–∏–Ω–∞–ª–∞–¥—ã.,0
96,,,—Ç—É–ø–æ–π,0
97,,,“ö“±–¥–∞–π—ã–º –ê–ª–ª–∞–º –ñ–∞—Ä–∞—Ç“õ–∞–Ω –∏–µ–º —Å–∞“õ—Ç–∞–π –≥”©—Ä.,0
98,,,–ê–Ω–∞ –æ—Ç–∏—Ä–∏–∫ —Å–∞–∫–∞–ª –Ω–µ –æ–ª –±–∏–∫–æ–Ω—Å–Ω–∏–∫,0
99,,,–ê–∫—Ç—ë—Ä–ª–∞—Ä –µ–º–µ—Å –º—ã–Ω–∞–ª–∞—Ä –º–µ–Ω –∂–∞–∫—Å—ã –æ–π–Ω–∞–π–º—ã–Ω –±–∞ –¥–µ–ø –∫–∞–ª–¥—ã–º –≥–æ–π,0
100,,,"–û–º–∏—Ä–∏–º–¥–µ —Ç–æ–π–¥–∞–Ω —Å–∞—Ä–∫—ã—Ç—Å—ã–∑ –∫–∞–π—Ç–∫–∞–Ω –∞–∫–µ-—à–µ—à–µ–Ω–∏ –∫–æ—Ä–¥–∏–º,üòÇ",0
101,,,"–ë–ê–õ–ê“¢–ê –î–Ü–ù–î–Ü ”®–ó–Ü“¢ “Æ–ô–†–ï–¢–ü–ï–°–ï“¢ , –ï–†–¢–ï“¢  –°–ê–£–°–ê“í–´“¢–î–´ –®–ê–ô–ù–ê–ô–°–´“£.",0
102,,,—Å–∏—Ä–∏—è–º–µ–Ω —Å–æ“ì—ã—Å“ì–∞–Ω—à–∞ –µ–ª—ñ“£–¥—ñ “õ–æ—Ä“ì–∞ –∞—Ä–∞–º–¥–∞—Ä,0
103,,,"–ö–µ—Ç—à—ñ –∫—ã—Ä—Ç–∫–∞–Ω –≤–∏–¥–µ–æ “ì–æ–π, –±–∞—Å–∫–∞—à–∞ —Ç—É—Å–∏—Ä–µ –∞–ª–º–∞–¥—ã–Ω–¥–∞—Ä–º–∞ ))) –∞–π ”ô–π—Ç–µ—É—ñ—Ä –±—É—Ä–º–∞–ª–∞–ø —Ç—É—Å–∏—Ä–µ—Å–∏–Ω–¥–µ—Ä",0
104,,,"–û—Å—ã–Ω–¥–∞–π –≤–∏–¥–∏–æ–ª–∞—Ä –∫”©–ø –±–æ–ª—Å–∞ –µ–∫–µ–Ω,<br>“ö–∞–π–¥–∞“ì—ã –∂–æ“õ –ê–º–µ—Ä–∏–∫–∞ –º–µ–Ω –®–µ—Ç –µ–ª–¥—ñ“£ —é—Ç—É–±—ã–Ω –¥–∞–º—ã—Ç“õ–∞–Ω—à–∞ –æ—Å—ã ”©–∑—ñ–º—ñ–∑–¥—ñ“£ “ö–∞–∑–∞“õ—Ç—ã“£ –¥…ô—Ä–µ–∂–µ—Å—ñ–Ω –∫”©—Ç–µ—Ä–µ–π—ñ–∫,<br>–î“±—Ä—ã—Å —Ç…ô—Ä–±–∏–µ –±…ô—Ä—ñ-–±…ô—Ä—ñ –∞—Ç–∞-–∞–Ω–∞“ì–∞ –±–∞–π–ª–∞–Ω—ã—Å—Ç—ã –æ–π–Ω–∞–π—ã“õ –±–∞—É—ã—Ä–ª–∞—Ä –°–∏—Ä–∏—è“ì–∞ –∫–µ—Ç—ñ–ø –∞–¥–∞—Å–ø–∞–π—ã“õ—à—ã,<br>”®–∑—ñ–º—ñ–∑–¥—ñ“£ –∞—Ç–∞-–±–∞–±–∞–º—ã–∑ –æ“õ—ã“ì–∞–Ω –ù–∞–º–∞–∑ –∂–æ–ª—ã–º–µ–Ω –∂“Ø—Ä–µ–π—ñ–∫—à—ñ!!!",0
105,,,–ê—Å—Å–∞–ª–∞—É–º–∞–≥–∞–ª–µ–π–∫—É–º. –ú–µ–Ω –∂–∞–∫—ã–Ω–¥–∞ –ê—Ä–∞–± –∞–º–∏—Ä–ª–∏–≥–∏–Ω–¥–µ –±–æ–ª–¥—ã–º. –û–ª –∂–∞–∫—Ç–∞ –±–∏–∑–¥–∏–∫–∏–ª–µ—Ä —Å–µ–∫–∏–ª–¥–∏ —Å–∞–∫–∞–ª–¥–∞—Ä—ã–Ω –∫—ã–ª—Ç–∏—Ç—ã–ø –∂—É—Ä–≥–µ–Ω –º—É—Å—ã–ª–º–∞–Ω –∂–æ–∫.  –ë–∏—Ä –∞–¥–∞–º –∂–æ–∫ –±–∞–ª–∞–≥—ã–Ω –∫–µ—Å–∏–ø –∂—É—Ä–≥–µ–Ω.,0
106,,,"–ï“¢ –ë–ò–†–ò–ù–®–ò ∆è–ö–ï –ú–ï–ù –ê–ù–ê–°–´ ”®–ó–î–ï–†–ò –ê–õ–õ–ê–ù–´“¢ –î–Ü–ù–ò–ù –ë–ò–õ–ò–ü –®–ê–†–ò“í–ê–¢–ü–ï–ù “∞–õ “ö–í–ó–î–ê–†–í–ù–ê –¢∆è–†–ë–ò–ï –ë–ï–†–ò–ü ”®–°–ò–†–°–ï –ë–ê–õ–î–ê–†–î–ê “ö–´–ó–î–ê–†–î–ê –ë–´–õ–´“ö“ö–ê–î–ê –ö–£–ù–ê–õ–ò –ò–°–¢–ï–†–ì–ï –ñ–ê–ú–ê–ù–î–´“ö–¢–ê–†“í–ê –ê–î–ê–°–´–ü ”®–ó–ì–ï–õ–ï–†–ì–ï –ï–†–ò–ü –ö–ï–¢–ü–ï–° –ï–î–ò. –ê–õ–õ–ê–ù–´“¢ –ò–°–õ–ê–ú –î–Ü–ù–ò –û–õ –•–ê“ö –î–Ü–ù –ú–ï–ô–Ü–†–Ü–ú–î–Ü–õ–Ü–ö –ü–ï–ù –¢–ï–ö –ë–ï–ô–ë–Ü–¢–®–ò–õ–ò–ö–ö–ï –®–ê“ö–´–†–ê–¢–´–ù –î–Ü–ù. –£–ê–•–ê–ë–ò–°–¢–¢–ï–† ”®–ó–ì–ï “∞–õ–¢–¢–ê–†–î–´“¢ –¢–ï–†–†–û–†–ò–°–¢–ï–†–ò “ö–ê–ó–ê“ö–¢–ê–†–î–´“¢ –î–Ü–ù–ò –ë–ò–õ–ò–ú–°–ò–ó–î–ò–ì–ò–ù –ê–¢–ê –ê–ù–ê–ù–´“¢ –ë–ê–õ–î–ê–†–´–ù “ö–ê–†–ê–£–°–´–ó “ö–ê–õ–î–´–†“í–ê–ù–´–ù –ü–ê–ô–î–ê–õ–ê–ù–´–ü –ñ–ê–°–¢–ê–†–î–´ –ê–î–ê–°–¢–´–†–´–ü ”®–ó –ú–£–î–î–ï–õ–ï–†–ò–ù–ï –ü–ê–ô–î–ê–õ–ê–ù–´–ü –ñ–ê–¢“ö–ê–ù –ò–°–õ–ê–ú –ê–¢–´–ù –ñ–ê–ú–´–õ“í–ê–ù “ö–û–ô –¢–ï–†–ò–°–ò–ù –ñ–ê–ú–´–õ“í–ê–ù “ö–ê–°“ö–´–†–î–ê–ô –ò–°–õ–ê–ú –î–ò–ù–ò–ù–ï  –ï–® “ö–ê–¢–´–°–´ –ñ–û“ö –ë–ê–† –ë–û–õ“í–ê–ù–´ –¢–ï–†–†–û–†–ò–°–¢–¢–ï–†–î–Ü“¢ –°–ê–Ø–°–ê–¢–´. –ê–õ –ë–ò–ó–î–ò“¢ –ñ–ê–°–¢–ê–†–´–ú–´–ó –ê“ö–ò“ö–ê–¢–¢–´ –ê–õ–õ–ê–ù–´“¢ –ò–°–õ–ê–ú –î–Ü–ù–ò–ù –Ü–ó–î–ï–ü –°–û–õ–ê–†–î–´“¢ “ö“∞–†–ë–ê–ù–´ –ë–û–õ–£–î–ê. –î–£–ù–ò–ï –ñ–£–ó–ò–ù–î–ï –ù–ï –ë–û–õ–°–ê–î–ê –ë–ê–†–ò –°–ê–Ø–°–ê–¢. –°–û–ù–î–´“ö–¢–ê–ù –ê–†–ë–ò–† –ê–¢–ê –ê–ù–ê “∞–õ “ö–´–ó–î–ê–†–´–ù–ê ”®–ó–ì–ï–î–ï–ù –£–ô–†–ï–ù–ì–ï–ù–®–ï ”®–ó–î–ï–†–ò –£–ô–†–ï–ù–ò–ü –ú–ï–®–ò–¢–¢–ï–ù –ò–°–õ–ê–ú –î–Ü–ù–ò–ù –ò–ú–ê–ú–î–ê–†–î–ê–ù “ö–ú–î–ë-–ù–´“¢ “∞–õ “ö–´–ó–î–ê–†–´–ù–´“¢ “ö“∞–õ–ê“í–´–ù–ê “ö“∞–ô–´–ü –°–ê–ù–ê–õ–ê–†–´–ù–ê –°–ò“¢–ò–†–ò–ü –û–¢–´–†–£–õ–ê–†–´ –ö–ï–†–ï–ö. –ò–°–õ–ê–ú –î–Ü–ù–ò–ù –ê–¢–ê –ê–ù–ê–°–´–ù–ê–ù –ë–ò–õ–ò–ü ”®–°–ö–ï–ù –ë–ê–õ–ê  –•–ê“ö–¢–´ –û–õ –ï–®“ö–ê–®–ê–ù ”®–ó–ì–ï–õ–ï–†–ì–ï –ï–†–ò–ü –°–ê–Ø–°–ê–¢–¢–´“¢ “ö“∞–†–ë–ê–ù–´ –¢–ï–†–†–û–†–ò–°–¢–¢–ï–†–î–ò“¢ “ö–û–õ –®–û“ö–ü–ê–†–´ –ë–û–õ–´–ü –ö–ï–¢–ü–ï–ô–î–ò!!! –ê–†–ë–ò–† –ê–¢–ê –ê–ù–ê ”®–ó –ë–ê–õ–ê–°–´–ù–ê –ñ–ê–£–ê–ü–¢–´ –ï–ö–ò –î–£–ù–ò–ï–î–ï–î–ï –ñ–ê“ö–°–´“í–ê –£–ô–†–ï–¢–°–ï –ñ–ê“ö–°–´–ù–´“¢ –£–õ–ì–ò–°–ò –ë–û–õ–ê –ê–õ–°–ê –ñ–ê“ö–°–´–õ–´“í–´–ù –ñ–ï–ú–ò–°–ò–ù –ö”®–†–ï–î–ò –ï–®–¢–ï“¢–ï –£–ô–†–ï–¢–ü–ï–°–ï –ñ–ê“ö–°–´ –£–õ–ì–ò –ë–û–õ–ê –ê–õ–ú–ê–°–ê –¢–ï–ö –ó–ê–†–´–ù –®–ï–ì–ï–î–ò. –ê–õ–õ–ê“∫ “ö–ê–°–ò–ï–¢–¢–ò “ö“∞–†–ê–ù–î–ê –ü–ï–ù–î–ï–õ–ï–†–ò–ù –¢–ï–ö –ñ–ê“ö–°–´–õ–´“ö“ö–ê –ë“∞–ô–´–†–´–ü “ö–ê–ù–î–ê–ô –ë“∞–ô–†–´“ö “ö–ê–ù–î–ê–ô –¢–´–ô–´–ú –ë–û–õ–°–ê–î–ê, –ñ–ê“ö–°–´–õ–´“ö“ö–ê –®–ê“ö–´–†–´–ü “ö–ê–ù–î–ê–ô –ê–ú–ê–õ –ë–û–õ–°–ê–î–ê –ë–ê–†–õ–´“ö –ñ–ê–ú–ê–ù–î–´“ö –ê–¢–ê–£–õ–´–î–ê–ù –¢–´–ô–´–ü “ö–û–†“í–ê–ü –ï–°–ö–ï–†–¢–ö–ï–ù. –ï–ì–ï–† –ê–ô–ï–õ –ê–î–ê–ú–î–ê–†“í–ê –ñ–ê–£–õ–´“ö –ö–ò–£–ì–ï –ë–£–ô–´–†–°–ê –ê–õ–õ–ê“∫ “ö“∞–†–ê–ù–î–ê –ë–ê–†–õ–´“ö –ö”®–†–°–ï“ö–´–ó–ê–†–õ–´“ö–¢–ê–ù –ó–ò–ù–ê–î–ê–ù “ö–û–†“í–ê–£ –£–®–ò–ù. –û–î–ê–ù “ö–û–†“ö–ê–¢–´–ù –ï–®–¢–ï“¢–ï –ñ–û“ö –ñ–ê–£–õ–´“ö –ñ–ê–ü–°–ê –ê–†–´–ù –°–ê“ö–¢–ê–ü –ê–õ–õ–ê–ù–´“¢ –ë“∞–ô–†–´“í–´–ù –û–†–´–ù–î–ê–ü –ñ–£–†  –ê–ô–ï–õ –ó–ê–¢–´. –ï–†–õ–ï–† –°–ê“ö–ê–õ “ö–û–ô–°–ê –ï–†–ö–ï–ö –ï–ö–ï–ù–ò–ù –ê–ô–ï–õ–î–ï–ù –ê–ô–´–†–ú–ê–®–´–õ–´“í–´ –ë–ê–† –ï–ö–ï–ù–ò–ù –ë–ò–õ–î–ò–†–ò–ü –ñ–£–† –ê–†–ò–ù–ï –ü–ê–†–´–ó –ï–ú–ï–° –ê–ú–ê–õ –ë–ò–†–ê“ö –°–ê“ö–ê–õ –ï–† –ê–î–ê–ú–ù–´“¢ –ï–†–ö–ï–ö –ï–ö–ï–ù–ò–ù –ö”®–†–°–ï–¢–ï–î–ò. –ê–ô–ï–õ –ê–î–ê–ú –ï–†–ö–ï–ö–ö–ï –ê–õ –ï–† –ö–ò–°–ò –ê–ô–ï–õ –ê–î–ê–ú“í–ê –£“ö–°–ê–ú–ê–£–´ –ö–ï–†–ï–ö –ò–°–õ–ê–ú –î–ò–ù–ò–ù–î–ï –ë–ê–†–õ–´“ö –ê–î–ê–ú–ó–ê–¢“ö–ê –¢–ò–Ü–°–¢–ò –ê–ô–¢–´–õ“í–ê–ù “ö“∞–†–ê–ù–î–ê –ê–õ–õ–ê“∫ –õ–ê“í–´–ù–ï–¢–¢–ï–ì–ï–ù “ö–ê–†“í–´–° –ë–û–õ–°–´–ù –î–ï–ì–ï–ù –ï–†–ö–ï–ö–ö–ï –£“ö–°–ê–ü –ñ–£–†–ì–ï–ù –ê–ô–ï–õ–ì–ï. –ê–ô–ï–õ –ö–ò–°–ò–ù–ò“¢ –ï–† –ö–ò–°–ò–ì–ï –£“ö–°–ê–ü –ñ–£–†–ì–ï–ù–ì–ï. –ë“∞–õ –ñ–ï–†–î–ï –ñ–£–†–ò–° –¢–£–†–ò–°–´ –ö–ò–Ü–ú–Ü –¢–£–† –ö–ï–õ–ë–ï–¢–ò –ò–° “ö–´–ô–ú–´–õ–´ –ë–ê–†–õ–´“í–´ –ö–ò–†–ï–î.<br>–ò–°–õ–ê–ú –î–Ü–ù–ò–ù–ï –ú“∞–°–´–õ–ú–ê–ù–î–ê–†“í–ê –ñ–ê–õ–ê –ñ–ê–£–´–ü “ö–ê–†–ê–õ–ê–ü –ë–û–°“ö–ê ”®–ó–î–ï–†–ò“¢–ï –ö–£–ù–ê –ê–†–¢–ü–ê“¢–î–ê–† –ê–õ–õ–ê“∫ “ö“∞–î–ò–†–ï–¢–¢–ò –ë–ê–†–ò–ù –ö”®–†–£–®–ò –ë–ò–õ–£–®–Ü –ñ∆è–ù–ï –ï–°–¢–£–®–ò. –û–°–´ –ñ–ê–õ“í–ê–ù ”®–ú–ò–†–î–ï–î–ï –ê–•–ò–†–ï–¢–¢–ï –ï–®–ö–ò–ú –ï–®–ö–ò–ú –£–®–ò–ù –ñ–ê–£–ê–ü –ë–ï–†–ú–ï–ô–î–ò –°–û–ù–´ “∞–ú–´–¢–ü–ê“í–ê–ù–´–ú–´–ó –ñ”®–ù.",0
107,,,ŸÖ€áÿ≥ŸÑŸÖÿßŸÜÿØÿßÿ±ÿ∫ÿß €ï⁄≠ ŸÇÿß€ãŸâŸæÿ™Ÿâ ÿ™ŸàŸæ ŸÜÿßŸÖÿßÿ≤ ŸàŸÇŸâŸÖÿßÿ≥ÿßŸÖÿØÿß ÿ¨€áÿ±€ï⁄ØŸâŸÖ ÿ™ÿßÿ≤ÿß ÿØ€ïŸäÿ™ŸâŸÜ ŸÖ€áÿ±ÿ¨Ÿä ÿ™Ÿàÿ®Ÿâÿå ŸÖ€áÿ±ÿ¨ŸäŸÑÿßÿ± ŸÇŸâÿ®ŸÑÿßÿ∫ÿß ŸÇÿßÿ±ÿßÿ∫ÿßŸÜ Ÿäÿß⁄æ€áÿØÿ™ÿßŸÜÿØÿß ÿ®€ïÿ™€ïÿ±ÿå,0
108,,,–ê–ª–ª–∞ –æ–∑–∏ —Å–∞–∫—Ç–∞—Å—ã–Ω —Å—ñ–¥—ñ–∫ —ñ—Ä—ñ“£ –∏—Ç—Ç–µ—Ä–¥–µ–Ω –º–∞–ª“ì“±–Ω –∏—Ç—Ç–µ—Ä –∫–∞–Ω—à–∞–º–∞ –∂–∞–∑—ã–∫—Å—ã–∑ –∂–∞—Å—Ç–∞—Ä–¥—ã “õ“±—Ä—Ç—ã–ø ”©–º—ñ—Ä–ª–µ—Ä—ñ–Ω —Å—ã–Ω–¥—ã—Ä—ã–ø –º—Ä–∞–∑–∏ –±–∞—Å–∫–∞ –µ–ª–¥–µ –æ—Ç—ã—Ä–ø –∞–ª—ã–ø —ñ—Ä—ñ—Ç—ñ–ø —à—ñ—Ä—ñ—Ç—ñ–ø,0
109,,,"–í–∞—Ö–∞–±–∏—Ç—Ç–µ—Ä —Å–∞–ª–∞—Ñ–∏—Ç—Ç–µ—Ä–¥“£–Ω –∞—É—ã–∑–¥–∞—Ä—ã–Ω–∞ –∞“ì—ã–∑—ã–ø,–∫”©—Ç—Ç–µ—Ä—ñ–Ω–µ –∞“ì–∞—à  —Ç—ã“ì—É –∫–µ—Ä–µ–∫.",0
110,,,8 –∞–∑ –æ–Ω–¥–∞–π–ª–∞—Ä–≥–∞ 35 –∂—ã–ª –±–µ—Ä—É –∫–µ—Ä–µ–∫ –±–æ–ª–º–∞—Å–∞ –º–∞–Ω–≥–∏ –±–∞–∫–∏ –±–∞—Å –±–æ—Å—Ç–∞–Ω–¥—ã“ì—ã–Ω–∞ –∞–π—ã—Ä—É –∫–µ—Ä–µ–∫ —Ç–∏–ø–∞ —Ç–∞–∫—É–∞ —Å—ã–º–∞–∫—Ç–∞—Ä,0
111,,,"–ë–∞—Å—ã –∂–æ“õ –∞—è“ì—ã –∂–æ“õ ,–Ω–µ “õ–æ–π—ã–ª—ã–º,–º–∞“ì—ã–Ω–∞—Å—ã –±–∞—Ä –±—ñ—Ä–∞“õ –¥“±—Ä—ã—Å –∂–µ—Ç–∫—ñ–∑–µ –∞–ª–º–∞–¥—ã“£—ã–∑–¥–∞—Ä",0
112,,,–°–∞“õ–∞–ª–¥—ã–ª–∞—Ä –º–µ–Ω —Ö–∏–¥–∂–∞–ø —Ç–∞“ì—ã–ª–∞—Ä  –∞–¥–∞—Å“õ–∞–Ω–¥–∞ —Å–∞“õ–∞–ª—Å—ã–∑–¥–∞—Ä –º–µ–Ω –∂–∞–ª–∞“£–±–∞—Å—Ç–∞—Ä —Ç—É—Ä–∞ –∂–æ–ª–¥–∞–º–∞ –∞—É–∑—É–±–∏–ª–ª–∞ “õ–æ“ì–∞–º “õ–∞—à–∞–Ω —Ä–µ—Ç—Ç–µ–ª–µ–¥—ñ –µ–∫–µ–Ω,0
113,,,"–Ω–µ —É–≤–ª–µ–∫–∞–π—Ç–µ—Å—å –ø–∞—Ü–∞–Ω—ã , —ç—Ç–æ –Ω–µ –∏–≥—Ä—É—à–∫–∏",0
114,,,–ê–ª–ª–∞ —Å–∞–∫—Ç–∞—Å—ã–Ω! –∂—É–º–∞–∫—Ç—ã–Ω –∫–∏–ª—Ç–∏ –∞–Ω–∞–Ω—ã–Ω –∞—è–≥—ã–Ω—ã–Ω –∞—Å—Ç—ã–Ω–¥–∞ –∂—É–º–∞–∫—Ç—ã –µ—à–∫–∞–π–¥–∞–Ω –∏–∑–¥–µ–º–µ–Ω–¥–µ–ø –¥–µ–≥–µ–Ω–≥–æ–π. –∫–∞–Ω—à–∞–ª—ã–∫—Ç—ã –∞–∫–µ —à–µ—à–µ–≥–µ –∞—É—ã—Ä. —Å–æ–Ω–¥–∞–π –±–æ–ª—Å—ã–Ω –¥–µ–ø —Ç–∞—Ä–±–∏–µ –±–µ—Ä–≥–µ–Ω –∂–æ–∫–≥–æ–π –∞–∫–µ —à–µ—à–µ. —Å–∞–Ω–∞—Å—ã–Ω–∞ –±–µ—Ä–º–µ—Å–µ –∞–∫–µ —à–µ—à–µ–Ω–∏–Ω –∂–∞–∑—ã–≥—ã –Ω–µ. –∫–∞–∑–∞–∫—Ç–∞—Ä –æ–π–ª–∞–Ω–∞–π—ã–∫.,0
115,,,–∫–∞–∑–∞–∫ –∂–∞—Å—Ç–∞—Ä—ã .))) –∫–∞–∑–∞–∫ –µ–ªi–Ωi–Ω –±–æ–ª–∞—à–∞–≥—ã –µ–∫–µ–Ωi–ºi–∑–¥i –µ—Å—Ç–µ–Ω —à—ã–≥–∞—Ä–º–∞–π—ã–∫—à—ã.–∞—Ç–∞ –∞–Ω–∞–º—ã–∑–¥—ã –æ–π–ª–∞–π—ã–∫.,0
116,,,–¥“±—Ä—ã—Å –æ—Å—ã–Ω–¥–∞–π–¥—ã“£ –∞–ª–¥—ã–Ω –∞–ª—É –∫–µ—Ä–µ–∫,0
