,text,mark
0,—Å–ø–∞—Å–∏–±–æ –±–ª–æ–∫–∏—Ä–æ–≤–∫–µ –∏–Ω—Å—Ç–∞–≥—Ä–∞–º–∞))),0
1,"–°–∞–Ω–∫—Ü–∏–∏ –∏ –±–ª–æ–∫–∏—Ä–æ–≤–∫–∏ –æ—Ç –†–ö–ù –∫–æ–º—É —Ç–æ –≤ –ø–ª—é—Å, –∫–æ–º—É —Ç–æ –≤ –º–∏–Ω—É—Å",0
2,"–ª—é–±–ª—é –≤–∫, –Ω–æ —ç—Ç–æ –Ω–µ –≤–∞—à–∞ –∑–∞—Å–ª—É–≥–∞",0
3,"–ü—É—à–∫–∞ üî•üî•üî• –°–ø–∞—Å–∏–±–æ, –ª—é–±–∏–º—ã–π –í–ö ‚ù§",0
4,"–ù—É —Ç–∞–∫, –±–ª–æ–∫–∏—Ä–æ–≤–∫–∞ –º–µ—Å—Å–µ–Ω–¥–∂–µ—Ä–æ–≤ –∏ —Ç.–¥ = –≤–∞—à–∞ –≤—ã–≥–æ–¥–∞.",0
5,–í–ö - –†–£–õ–ò–¢ !!!,0
6,–ö–ª–∏–ø—ã –∫—Ç–æ-—Ç–æ —Å–º–æ—Ç—Ä–∏—Ç?üòè,0
7,,0
8,–í–∫ - –ª—É—á—à–∏–µ üôèüèª‚ù§,0
9,–†–∞–∑–≤–µ —ç—Ç–æ –∑–∞—Å–ª—É–≥–∞ –≤–∫?,0
10,"–ß—Ç–æ –∑–Ω–∞—á–∏—Ç Q1?
–ö–≤–∞—Ä—Ç–∞–ª?

–í—ã —Ç–æ–∂–µ –∑–∞–º–µ—Ç–∏–ª–∏?! :)",0
11,"–ü—Ä–æ—Å–º–æ—Ç—Ä—ã –∫–ª–∏–ø–æ–≤ –≤—ã—Ä–æ—Å–ª–∏ —Ç–æ–ª—å–∫–æ –ø–æ—Ç–æ–º—É, —á—Ç–æ –≤ –º–æ–±–∏–ª—å–Ω–æ–º –ø—Ä–∏–ª–æ–∂–µ–Ω–∏–∏ —É –Ω–∏—Ö –∞–±—Å–æ–ª—é—Ç–Ω–æ –Ω–µ—É–¥–æ–±–Ω–æ–µ —Ä–∞—Å–ø–æ–ª–æ–∂–µ–Ω–∏–µ. –ü–æ–ø—Ä–æ–±—É–π—Ç–µ –¥–ª—è —ç–∫—Å–ø–µ—Ä–∏–º–µ–Ω—Ç–∞ –ø–µ—Ä–µ–¥–≤–∏–Ω—É—Ç—å –∫–Ω–æ–ø–∫—É —Å –∫–ª–∏–ø–∞–º–∏ –∫—É–¥–∞-–Ω–∏–±—É–¥—å –≤ –¥—Ä—É–≥–æ–µ –º–µ–Ω—é,- —è –±–µ–∑ –Ω–∞–≤—ã–∫–æ–≤ –∞–Ω–∞–ª–∏—Ç–∏–∫–∏ –∏ —Ä–µ–∞–ª—å–Ω–æ–π —Å—Ç–∞—Ç–∏—Å—Ç–∏–∫–∏ –≥–∞—Ä–∞–Ω—Ç–∏—Ä—É—é –ø–∞–¥–µ–Ω–∏–µ –ø—Ä–æ—Å–º–æ—Ç—Ä–æ–≤ –º–∏–Ω–∏–º—É–º –Ω–∞ 10%. –ü—Ä–æ —Ç–æ, —á—Ç–æ —ç—Ç–æ—Ç —Ä–∞–∫ –ø–æ—Å—Ç–∏—Ç—Å—è –Ω–µ–∫–æ—Ç–æ—Ä—ã–º–∏ –≥—Ä—É–ø–ø–∞–º–∏ –ø—Ä—è–º–æ –≤ –ª–µ–Ω—Ç—É, –ø–æ–∫–∞–∑—ã–≤–∞–µ—Ç—Å—è –≤ –≤–∏–¥–µ –ø–æ–¥–±–æ—Ä–∫–∏, –∞ —Ç–∞–∫–∂–µ —Å–æ–∑–¥–∞√´—Ç (—Å–æ–∑–¥–∞–≤–∞–ª –∫–∞–∫ –º–∏–Ω–∏–º—É–º) —É–≤–µ–¥–æ–º–ª–µ–Ω–∏—è, —É–ø–æ–º–∏–Ω–∞—Ç—å –Ω–µ –ø—Ä–∏—Ö–æ–¥–∏—Ç—Å—è. –ö—Å—Ç–∞—Ç–∏, –≥–æ—Å–ø–æ–¥–∞, –∞ —á—Ç–æ —Ç–∞–º —Å –ø–µ—Ä–µ–Ω–æ—Å–æ–º –∞–∫–∫–∞—É–Ω—Ç–æ–≤ –∏–∑ –ò–Ω—Å—Ç–∞–≥—Ä–∞–º–∞? –ì–æ–≤–∞—Ä–∏–≤–∞—é—Ç, —á—Ç–æ –¥–æ —Å–∏—Ö –ø–æ—Ä –Ω–µ —Ä–∞–±–æ—Ç–∞–µ—Ç.",0
12,–õ—é–±–∏–º—ã–π –í–ö —Å–ø–∞—Å–∏–±–æ —á—Ç–æ —Ç—ã —Å –Ω–∞–º–∏ –ª—é–±–∏–º—ã–π —Å–∞–π—Ç‚ù§,0
13,"–ù–æ–≤—ã—Ö –ø–∞–±–ª–∏–∫–æ–≤ +68% 
–û—Ö–≤–∞—Ç—ã —É–ø–∞–ª–∏ –≤ —Ä–∞–∑—ã! –£–∂–∞—Å –∫–∞–∫–æ–π-—Ç–æ. –í –ø–∞–±–ª–∏–∫–µ –≥–¥–µ 4000 –ø–æ–¥–ø–∏—Å—á–∏–∫–æ–≤ - –≤–∏–¥—è—Ç –∑–∞–ø–∏—Å—å –≤—Å–µ–≥–æ 50-70 —á–µ–ª–æ–≤–µ–∫ ü´£üò± –ö–∞–∫ —ç—Ç–æ –≤–æ–æ–±—â–µ –≤–æ–∑–º–æ–∂–Ω–æ? –ß—Ç–æ —Å –∞–ª–≥–æ—Ä–∏—Ç–º–∞–º–∏ –≤ –í–∫?",0
14,"–°–ø–∞—Å–∏–±–æ —Ä—É–∫–æ–≤–æ–¥—Å—Ç–≤—É —Å—Ç—Ä–∞–Ω—ã, –∫–æ—Ç–æ—Ä–æ–µ –æ–∑–∞–±–æ—á–µ–Ω–æ –ø—Ä–æ–±–ª–µ–º–æ–π –Ω–∞—Ü–∏–∑–º–∞ –≤ –¥—Ä—É–≥–∏—Ö –æ—Ç–¥–µ–ª—å–Ω–æ –≤–∑—è—Ç—ã—Ö —Å—Ç—Ä–∞–Ω–∞—Ö",0
15,"–∏ —Ç–æ, –º–∏—Å—Å–∫–ª–∏–∫–∏ –ø–æ –≤–∏–¥–µ–æ –∏ –∫–ª–∏–ø–∞–º",0
16,"–≠—Ñ—Ñ–µ–∫—Ç–∏–≤–Ω–æ—Å—Ç—å –Ω–µ –≤—ã—Ä–æ—Å–ª–∞, –∞ –≤ –ø—Ä–æ—Ü–µ–Ω—Ç–Ω–æ–º —Å–æ–æ—Ç–Ω–æ—à–µ–Ω–∏–∏ –ø–æ–ª—É—á–∞–µ—Ç—Å—è —á—Ç–æ –¥–∞–∂–µ —É–ø–∞–ª–∞.",0
17,–°–¥–µ–ª–∞–π—Ç–µ  –º—É–∑—ã–∫—É –±–µ—Å–ø–ª–∞—Ç–Ω–æ,0
18,–ù–µ—É–¥–∏–≤–∏—Ç–µ–ª—å–Ω–æ —Å —Å–∏—Ç—É–∞—Ü–∏–µ–π –≤ –º–∏—Ä–µ),0
19,,0
20,–¢–æ–ª—å–∫–æ –í–ö!!! üçí,0
21,"–í—ë –≤–æ–∑–≤—Ä–∞—â–∞—Ç—å—Å—è, –ø–æ–ª—É—á–∞–µ—Ç—Å—è —ç—Ñ—Ñ–µ–∫—Ç –±—É–º–µ—Ä–∞–Ω–≥–∞.",0
22,–í–ö –≤–∏—Å–Ω–µ—Ç,0
23,–ù–∞–∫–æ–Ω–µ—Ü-—Ç–æ –í–ö –≤—Å–µ—Ö –ø–æ–±–µ–¥–∏–ª!!! –û—Å—Ç–∞–ª–æ—Å—å —Ä–µ—à–∏—Ç—å –≤–æ–ø—Ä–æ—Å —Å –ø—Ä–æ–¥–≤–∏–∂–µ–Ω–∏–µ–º –∏ —Ä–µ–∫–æ–º–µ–Ω–¥–∞—Ü–∏—è–º–∏ –∏ –º—ã –≤–æ–æ–±—â–µ –Ω–∏ –≤ –∫–∞–∫—É—é —Å–æ—Ü—Å–µ—Ç—å –Ω–µ —É–π–¥–µ–º!!!,0
24,"–ö—Ç–æ —Ö–æ—á–µ—Ç –≤—ã—Ä–∞–±–æ—Ç–∞—Ç—å —Ä–µ–≥—É–ª—è—Ä–Ω–æ—Å—Ç—å –≤—ã–ø—É—Å–∫–∞ –ø–æ—Å—Ç–æ–≤, –∂–¥—É –≤–∞—Å. –¥–≤–∏–∂ –±–µ—Å–ø–ª–∞—Ç–Ω—ã–π - –Ω–∞ –≤—ã–ª–µ—Ç",0
25,–ü—Ä–∏–≤–µ—Ç,0
26,"–ë–µ–∑ –í–ö –±–µ–∑ –ò–Ω–¥–∏–∏,—Å–µ—Ä–∏–∞–ª–æ–≤ –∏ –º—É–∑—ã–∫–∏ –¥—ã—à–∞—Ç—å –Ω–µ –º–æ–≥—É. –ì–ª—é–∫–æ–≤ –ø—Ä–∞–≤–¥–∞ –º–Ω–æ–≥–æ.",0
27,"–ò–Ω—Å—Ç—É –Ω–∞—Ñ–∏–≥ —É–¥–∞–ª–∏–ª, –≤–∫ –≤—Å–µ–≥–¥–∞ –±—ã–ª–∞ –ª—é–±–∏–º–æ–π –ø–ª–∞—Ç—Ñ–æ—Ä–º–æ–π.",0
28,–ê —á–æ —Å –ø—Ä–æ—Å–ª—É—à–∏–≤–∞–Ω–∏—è–º–∏ –º—É–∑—ã–∫–∏ –∫—Å—Ç–∞? –ò–Ω—Ç–µ—Ä–µ—Å–Ω–æ —Å—Ç–∞–ª–æ!,0
29,–ö–æ–ª–∏—á–µ—Å—Ç–≤–æ —É–≥–æ–ª–æ–≤–Ω—ã—Ö –¥–µ–ª –∑–∞ –∫–∞—Ä—Ç–∏–Ω–∫–∏ –∏ —Ä–µ–ø–æ—Å—Ç—ã —Ç–æ–∂–µ –Ω–∞–≤–µ—Ä–Ω–æ–µ —Ä–µ–∫–æ—Ä–¥–Ω–æ–µ?,0
30,–¥–∞–≤–∞–π –±–µ—Å–ø–ª–∞—Ç–Ω—ã–π –º—É–∑–æ–Ωüòä–∞ —Ç–æ –≤–∞—à–∞ —Ä–µ–∫–ª–∞–º–∞ –±–µ—Å–∏—Ç.,0
31,–ö–ª–∏–ø—ã –ø–æ—Å—Ç–æ—è–Ω–Ω–æ –∑–∞–∫—Ä—ã–≤–∞–µ—Ç —Ä–µ–∫–ª–∞–º–∞. –ù–µ —Å–º–æ—Ç—Ä—é –∫–ª–∏–ø—ã. –ë–µ–∑ —Ä–µ–∫–ª–∞–º—ã –º–æ–∂–Ω–æ –æ–±–æ–π—Ç–∏—Å—å?,0
32,,0
33,,0
34,–Ø –≤–º–µ—Å—Ç–æ –≤–∞—à–µ–≥–æ –Ω–æ–≤–Ω–æ–ø—Ä–∏–ª–æ–∂–µ–Ω–∏—è –∏—Å–ø–æ–ª—å–∑—É—é vk mp3,0
35,"–•–∞—Ö, –∞ –≤—Å–µ–≥–æ –ª–∏—à—å –Ω–∞–¥–æ –±—ã–ª–æ –∑–∞–±–ª–æ–∫–∏—Ä–æ–≤–∞—Ç—å –≤—Å–µ –æ—Å—Ç–∞–ª—å–Ω—ã–µ —Å–æ—Ü.—Å–µ—Ç–∏",0
36,"–ø–æ—á–µ–º—É –∫–æ–≥–¥–∞ —è –≥–æ–ª–æ—Å–æ–≤–æ–µ –∑–∞–ø–∏—Å—ã–≤–∞—é —Å –Ω–æ—É—Ç–±—É–∫–∞, –±–æ–ª—å—à–µ 4 –º–∏–Ω—É—Ç,—Ç–æ –ø–æ—Ç–æ–º ""–æ—à–∏–±–∫–∞ –ø—Ä–∏ –∑–∞–≥—Ä—É–∑–∫–µ"",—á—ë —Å–æ–≤—Å–µ–º –æ—à–∞–ª–µ–ª–∏? –ê —Å —Ç–µ–ª–µ—Ñ–æ–Ω–∞ —Ö–æ—Ç—å 40 –º–∏–Ω—É—Ç –∑–∞–ø–∏—Å—ã–≤–∞–π, –æ—Ç–ø—Ä–∞–≤–∏—Ç—Å—è. –ß—ë –∑–∞ –¥–µ–ª–∞,–±–ª–∏–Ω,–≤–µ—á–Ω–æ –ø–µ—Ä–µ–∑–∞–ø–∏—Å—ã–≤–∞—Ç—å –Ω–∞–¥–æ.üò¨üôÑü§¨",0
37,,0
38,–°–ø–∞—Å–∏–±–æ –∑–∞ –≤–∞—à—É —Ä–∞–±–æ—Ç—É –∏ –∑–∞–±–æ—Ç—É,0
39,–ù–∞—à–∏ –ø–æ–∑–¥—Ä–∞–≤–ª–µ–Ω–∏—è ü•≥ —Ç–µ–ø–µ—Ä—å –∏—Å–ø–æ–ª—å–∑—É–π—Ç–µ —Å–∏—Ç—É–∞—Ü–∏—é ;) –º—ã –≤ –≤–∞—Å –≤–µ—Ä–∏–º,0
40,"–ò–∑-–∑–∞ –≤—Å–µ–≥–æ —ç—Ç–æ–≥–æ, –Ω–∞—á–∞–ª–∏—Å—å –≤—Å—è–∫–∏–µ –±–∞–≥–∏ –∏ –æ—à–∏–±–∫–∏, —Ç–æ–ª—å–∫–æ —Å–∞–π—Ç, –¥–∞ –ø—Ä–∏–ª–æ–∂–µ–Ω–∏–µ —Ç–æ—Ä–º–æ–∑–∏—Ç! –ù—É —Ç–∞–∫ –Ω–µ–ª—å–∑—è, —è –≤ –∂–∏–∑–Ω–∏ –≤ –í–ö, —è –Ω–µ –ø–∏—Å–∞–ª —Ç–∞–∫ –º–Ω–æ–≥–æ –æ–±—Ä–∞—â–µ–Ω–∏–π –≤ –ø–æ–¥–¥–µ—Ä–∂–∫—É!",0
41,"–ß—Ç–æ –≤—ã —Å–¥–µ–ª–∞–ª–∏, —á—Ç–æ–±—ã –≤–∞—à–∞ –∞—É–¥–∏—Ç–æ—Ä–∏—è –±–∏–ª–∞ –≤—Å–µ —Ä–µ–∫–æ—Ä–¥—ã?",0
42,"–ö–æ–º–∞–Ω–¥–∞ –í–ö–æ–Ω—Ç–∞–∫—Ç–µ.
–í—ã –º–æ–ª–æ–¥—Ü—ã –ø—Ä–æ–¥–æ–ª–∂–∞–π—Ç–µ —Ä–∞–±–æ—Ç–∞—Ç—å –∏ –ø—Ä–æ–¥–≤–∏–≥–∞—Ç—å –Ω–∞—à—É –ª—é–±–∏–º—É—é —Å–æ—Ç—Å–µ—Ç—å.",0
43,"–ê –∞–¥–º–∏–Ω—Å–∫–æ–µ –ø—Ä–∏–ª–æ–∂–µ–Ω–∏–µ –∫–∞–∫ –Ω–µ —Ä–∞–±–æ—Ç–∞–ª–æ, —Ç–∞–∫ –∏ –Ω–µ —Ä–∞–±–æ—Ç–∞–µ—Ç. –ü—Ä–∏—Ö–æ–¥–∏—Ç—Å—è –∑–∞—Ö–æ–¥–∏—Ç—å —á–µ—Ä–µ–∑ –±—Ä–∞—É–∑–µ—Ä, —á—Ç–æ –æ—á–µ–Ω—å –Ω–µ—É–¥–æ–±–Ω–æ.",0
44,–û—Å—Ç–∞–ª–æ—Å—å –Ω–∞–ª–∞–¥–∏—Ç—å —Ä–µ–∫–ª–∞–º—É –∫–æ—Ç–æ—Ä–∞—è –æ—Ç —ç—Ç–æ–≥–æ –ø—Ä–∏–ª–µ–≥–ª–∞ üòÇ,0
45,–∫–ª–æ—É–Ω—ã –≤—ã –∑–∞—á–µ–º –≤–∫ —à–∞—Ç–∞–µ—Ç–µ –∫—Ä–∏–≤–æ–π –ø–æ–¥–µ–ª–∫–æ–π –ø–æ–¥ –∑–∞–ø–∞–¥ –æ–ø—è—Ç—å,0
46,"—à–æ –∑–∞?
–ü–æ–∑–∂–µ –≤—ã–¥–∞–ª–æ 54—Ç—ã—Å. –ø–æ–¥–ø–∏—Å—á–∏–∫–æ–≤, –∞ –ø–æ—Å–ª–µ –≤—Å–µ –ø–æ–¥–ø–∏—Å—á–∏–∫–∏/—É—á–∞—Å—Ç–Ω–∏–∫–∏ –∏—Å—á–µ–∑–ª–∏ —Å –æ–¥–Ω–æ–∏–º—ë–Ω–Ω–æ–π —Å—Ç—Ä–æ–∫–æ–π.
–°–∫—Ä—ã–≤–∞–µ—Ç–µ –ø–æ–¥–ø–∏—Å—á–∏–∫–æ–≤?",0
47,"–ö–∞–∫ –≤—ã–∫–ª—é—á–∏—Ç—å –∫–ª–∏–ø—ã, –æ–Ω–∏ –º–Ω–µ –∏ –Ω–∞—Ö –Ω–µ –Ω—É–∂–Ω—ã. –¢–æ–ª—å–∫–æ –º–µ—Å—Ç–∞ –∑–∞–Ω–∏–º–∞–µ—Ç",0
48,"–ø–æ–∂–∞–ª—É–π—Å—Ç–∞, –¥–æ–±–∞–≤—å—Ç–µ –∏–Ω–¥–æ–Ω–µ–∑–∏–π—Å–∫–∏–π –∏ –∞–≤—Ç–æ–º–∞—Ç–∏—á–µ—Å–∫–∏–π –ø–µ—Ä–µ–≤–æ–¥ üôèüáÆüá©üá∑üá∫",0
49,–ì–¥–µ –Ω–æ–≤—ã–µ —Å–µ—Ä–≤–µ—Ä—ã –±—Ä–∞—Ç—å –±—É–¥–µ—Ç–µ?,0
50,–í–ö –∑–∞–π–º–∏ –∫–æ—Å–∞—Ä—å?,0
51,–û—Ö–≤–∞—Ç –ø–æ –º–æ–µ–π –∞—É–¥–∏—Ç–æ—Ä–∏–∏ –≤—ã—Ä–æ—Å —Å –Ω–∞—á–∞–ª–∞ –º–µ—Å—è—Ü–∞ –≤ 3—Ä–∞–∑–∞ü§ì,0
52,–ó–∞–±–∞–≤–Ω–æ,0
53,"–í–ö , –≤—ã —Ö–æ—Ç—å —Ñ–∏–ª—å—Ç—Ä—É–π–µ —Ä–µ–∫–ª–∞–º—É –≤ –ª–µ–Ω—Ç–µ –ø–æ —Ä–µ–≥–∏–æ–Ω–∞–º.",0
54,,0
55,–†—ã–Ω–æ–∫ –°–∞–¥–æ–≤–æ–¥,0
56,"–≠—Ç–æ –Ω–µ –≤–∞—à–∞ –∑–∞—Å–ª—É–≥–∞, —ç—Ç–æ –ø–æ—Ç–æ–º—É —á—Ç–æ –∏–Ω—Å—Ç–∞ –æ—Ç–≤–∞–ª–∏–ª–∞—Å—å",0
57,üáßüá∑üëç,0
58,–£ –º–µ–Ω—è —É –æ–¥–Ω–æ–≥–æ —Å–æ–æ–±—â–µ–Ω–∏—è –≤ –º–æ–±–∏–ª—å–Ω–æ–π –≤–µ—Ä—Å–∏–∏ –Ω–µ –ø—Ä–æ–≥—Ä—É–∂–∞—é—Ç—Å—è –≤–æ–æ–±—â–µ?,0
59,"–ò–∑ —Ä—É—Å—Å–∫–∏—Ö –ø–ª–∞—Ç—Ñ–æ—Ä–º, –ö –º–æ–µ–º—É —É–¥–∏–≤–ª–µ–Ω–∏—é —Å—Ç–∞–ª–∞ —Å–∞–º–∞—è –¥–æ—Å—Ç—É–ø–Ω–∞—è –¥–ª—è –Ω–µ–∑—Ä—è—á–∏—Ö, –ª—É—á—à–µ –≤—Å—è–∫–∏—Ö –Ø–Ω–¥–µ–∫—Å –¥–∑–µ–Ω.üëç –•–æ—Ç—è –≤—ã –∏ –¥–∑–µ–Ω –ø–æ–∫—É–ø–∞–µ—Ç–µ, –º–æ–∂–µ—Ç –±—ã—Ç—å –∏ –µ–≥–æ –¥–æ—Å—Ç—É–ø–Ω–æ—Å—Ç—å —Å–¥–µ–ª–∞–π—Ç–µ –Ω–æ—Ä–º–∞–ª—å–Ω—ã–π, —Ö–æ—Ç—è –Ω–∞–≤—Ä—è–¥ –ª–∏ —Å –í–ö —Ç–æ–∂–µ –¥–æ–ª–≥–æ –≤—Å—ë –±—ã–ª–æ.",0
60,"–•–≤–∞—Ç–∏—Ç —Ö–≤–∞–ª–∏—Ç—å, –∞ —Ç–æ —Ä–∞—Å—Ç–∞—â–∞—Ç—Å—è üòÅ",0
61,"–°–ø–∞—Å–∏–±–æ –Ω–µ –Ω–∞–º, –∞ –æ–ø–µ—Ä–∞—Ü–∏–∏ )",0
62,"–ö–∞–∫ —ç—Ç–æ –∞—É–¥–∏—Ç–æ—Ä–∏—è –≤–∫ –º–∏–ª–ª–∏–æ–Ω—ã ,–∞ –ø—Ä–æ—Å–º–æ—Ç—Ä—ã –≤–∏–¥–µ–æ –≤–∫ –º–∏–ª–ª–∏–∞—Ä–¥—ã? –í—ã –≤ —Å–≤–æ—ë–º —É–º–µ –≤–æ–æ–±—â–µ?—á—Ç–æ —ç—Ç–æ –∑–∞ –ø–æ–¥—Å—á—ë—Ç—ã —Ç–∞–∫–∏–µ –Ω–µ–ø–æ–Ω—è—Ç–Ω—ã–µ?–Ω–∞ –∫–æ–≥–æ —ç—Ç–æ —Ä–∞—Å—Å—á–∏—Ç–∞–Ω–æ?",0
63,–ó–∞–±–∞–≤–Ω–æ,0
64,–ó–∞–±–∞–≤–Ω–æ,0
65,–í–ö –æ–¥–∏–Ω –∏–∑ —Å–∞–º—ã—Ö –∫—Ä—É—Ç—ã—Ö –ø—Ä–∏–ª–æ–∂–µ–Ω–∏–π,0
66,"–ï—â—ë –±—ã –≤—ã –≤–æ–≤—Ä–µ–º—è –±–ª–æ–∫–∏—Ä–æ–≤–∞–ª–∏ –∞–Ω—Ç–∏—Ä–æ—Å—Å–∏–π—Å–∫–∏–π –∫–æ–Ω—Ç–µ–Ω—Ç.., –±–æ—Ç–æ–≤ –∏ –≤—Å—è–∫—É—é –Ω–µ—á–∏—Å—Ç—å.., –∞ —Ç–æ —Å–∫–ª–∞–¥—ã–≤–∞–µ—Ç—Å—è –≤–ø–µ—á–∞—Ç–ª–µ–Ω–∏–µ, —á—Ç–æ —ç—Ç–∞ –≤—Ä–∞–∂–¥–µ–±–Ω–∞—è —Å–æ—Ü—Å–µ—Ç—å. –ü–æ–∂–µ–ª–∞–Ω–∏–µ —Ç–∞–∫–æ–µ —É –º–µ–Ω—è –∫ –≤–∞–º, –∏–Ω–∞—á–µ —Å–æ–º–Ω–µ–Ω–∏—è –æ–±—É—Ä–µ–≤–∞—é—Ç, –∫—Ç–æ –≤—ã?!?",0
67,,0
68,–ü–æ—á–µ–º—É –ø—Ä–∏–ª–æ–∂–µ–Ω–∏–µ –∏–Ω—Ñ–æ–∞–ø–ø –Ω–µ –ø–æ–∫–∞–∑—ã–≤–∞–µ—Ç –∫–æ–º–µ–Ω—Ç–∞—Ä–∏–∏ –ø–æ–ª—å–∑–æ–≤–∞—Ç–µ–ª—è?,0
69,"–£–º–µ—Ä—å—Ç–µ –∞–ø–ø–µ—Ç–∏—Ç—ã –ø–æ —Ä–µ–∫–ª–∞–º–µ. –ü–µ—Ä–µ—Å—Ç–∞–ª —Å–º–æ—Ç—Ä–µ—Ç—å –≤–∏–¥–µ–æ –∏–∑-–∑–∞ –ø–æ—Å—Ç–æ—è–Ω–Ω–æ–π —Ä–µ–∫–ª–∞–º—ã. –ï—Å–ª–∏ —Ç–∞–∫ –∏ –¥–∞–ª—å—à–µ –ø–æ–π–¥–µ—Ç –ø—Ä–∏–¥–µ—Ç—Å—è –ø–æ–∫–∏–Ω—É—Ç—å –≤–∞—à–∏ —Å–µ—Ç–∏. –ñ–∞–¥–Ω–æ—Å—Ç—å - —ç—Ç–æ –≥—Ä–µ—Ö, –∞ –æ–Ω –≤–µ–¥–µ—Ç –∫ —Å–º–µ—Ä—Ç–∏! –ü–æ–º–Ω–∏—Ç–µ –æ–± —ç—Ç–æ–º –≤—Å–µ–≥–¥–∞.",0
70,,0
71,"VK, üçº –Ω–µ –Ω–∞–∫–æ—Ä–º–∏—à—å —Å—Ç–∞—Ç–∏—Å—Ç–∏–∫–æ–π, –°–ø–∞—Å–∏–±–æ ! ""–û–¥–∏–Ω, —É—á—ë–Ω–Ω—ã–π, —É–±–µ–∂–¥–∞–ª , —á—Ç–æ –µ–º—É, —É–ø–∞–ª–æ –Ω–∞ –≥–æ–ª–æ–≤—É ""–Ø–±–ª–æ–∫–æ"", —Ä–µ–∑—É–ª—å—Ç–∞—Ç!, –õ–Æ–î–ò —É–∑–Ω–∞–ª–∏ –≥—Ä–∞–≤–∏—Ç–∞—Ü–∏—é, BK , –≤ –ø–µ—Ä—ë–¥, —Å–ª–æ–∂–Ω—ã—Ö –æ–≥—Ä–∞–Ω–∏—á–µ–Ω–∏–π –∏ –∑–∞–ø—É—Å–∫–æ–≤ ( –≤ –ª–∏–º–∏—Ç,  –∏ –ø–ª–∞—Ç–Ω—ã—Ö —É—Å–ª—É–≥), . –í–ö,  –Ø, —Å —Ç–æ–±–æ–π. –ú–µ–Ω—è, –ø–æ–∫–∞!!! –£—Å—Ç—Ä–∞–∏–≤–∞–µ—Ç. –°–ø–∞—Å–∏–±–æ.",0
72,–ù–µ –≤–µ—Ä—é,0
73,"–°—Ç–∞—Ç–∏—Å—Ç–∏–∫—É –ø–æ—Å–∞–∂–µ–Ω–Ω—ã—Ö –≤ —Ç—é—Ä—å–º—É –ª—é–¥–µ–π, –∑–∞ –∫–æ–º–º–µ–Ω—Ç–∞—Ä–∏–∏ –≤ –í–ö –±—É–¥–µ—Ç–µ –≤—ã–∫–ª–∞–¥—ã–≤–∞—Ç—å?",0
74,Ok,0
75,"–ò—Ç–æ–≥–∏???? –ü—Ä–æ–ø–∞–¥–∞–µ—Ç –Ω–∞ —Å—Ç—Ä–∞–Ω–∏—Ü–µ –∑–∞–ø–∏—Å—å , –≤–æ—Ç —Ç–∞–∫–∏–µ –∏—Ç–æ–≥–∏. –£ –∫–æ–≥–æ —Ç–∞–∫–∂–µ, –æ—Ç–≤–µ—Ç—å—Ç–µ.",0
76,"–ù–∞—Ä–æ–¥, –Ω—É–∂–Ω–∞ –ø–æ–º–æ—â—å.
–í–∑–ª–æ–º–∞–ª–∏ –¥—Ä—É–≥–∞, –Ω–∞ —á—Ç–æ –º–æ–∂–Ω–æ —Å–∫–∞–∑–∞—Ç—å –ø–æ–ø–∞–ª –≤ –ª–æ–≤—É—à–∫—É –º–æ—à–µ–Ω–Ω–∏–∫–∞. –¢–µ–ø–µ—Ä—å —Å–ø–∏—Å—ã–≤–∞–µ—Ç –¥–∞–µ–Ω—å–≥–∏ —Å–æ —Å—á–µ—Ç–∞. –ú–æ–∂–µ—Ç –∫—Ç–æ –∑–Ω–∞–µ—Ç –≤—ã—Ö–æ–¥?",0
77,,0
78,"–î–∞, –ø–æ—Ö–≤–∞—Å—Ç–∞–µ–º—Å—è —Å—Ç–∞—Ç–æ–π, –ø–æ—Å–ª–µ —Ç–æ–≥–æ –∫–∞–∫ —Å–∏–ª–∞–º–∏ –≥–æ—Å—É–¥–∞—Ä—Å—Ç–≤–∞ –±—ã–ª–∏ –∑–∞–±–ª–æ—á–µ–Ω—ã –≤—Å–µ –Ω–æ—Ä–º–∞–ª—å–Ω—ã–µ –∫–æ–Ω–∫—É—Ä–µ–Ω—Ç—ã. –í–æ—Ç –µ—Å–ª–∏ –±—ã –≤ —É—Å–ª–æ–≤–∏—è—Ö —Ä–∞–±–æ—Ç—ã –¥—Ä—É–≥–∏—Ö —Å–æ—Ü —Å–µ—Ç–µ–π —Ç–∞–∫–∏–µ —Ü–∏—Ñ—Ä—ã –±—ã–ª–∏ —Ç–æ–≥–¥–∞ –¥–∞, –º–æ–ª–æ–¥—Ü—ã –Ω—É –∞ —Ç–∞–∫...",0
79,"–Ø –æ—á–µ–Ω—å —Ä–∞–¥ VK.
–ó–Ω–∞—é –∏ –≤–µ—Ä—é, —á—Ç–æ —Ç–∞–º –≤–Ω—É—Ç—Ä–∏ –ª—é–¥–∏ —Ä–∞–±–æ—Ç–∞—é—Ç.
–°–¥–µ–ª–∞–π—Ç–µ –õ–ò–ß–ù–£–Æ –ù–ê–ë–û–†–ù–£–Æ –õ–ï–ù–¢–£.
–°–î–ï–õ–ê–ô–¢–ï –û—Ç–∫–ª—é—á–∞–µ–º—ã–µ –Ω–∞—Ö—Ä–µ–Ω –ª–µ–Ω—Ç—ã.
–†–µ–∫–ª–∞–º—É –≤ –æ—Ç–¥–µ–ª—å–Ω—É—é –∫–æ–ª–µ—é. –ò –ø—É—Å—Ç—å –æ–Ω–∞ —Ç–∞–º –±—É–¥–µ—Ç —Ö–æ—Ç—å –≤ –¥–µ—Å—è—Ç—å —Å–ª–æ—ë–≤!",0
80,–í–ö –ö–†–£–¢! –í–ú–ï–°–¢–ï –ú–´ –°–¢–ê–ù–ï–ú –õ–£–ß–®–ï),0
81,–ó–∞–∏–ø–∞–ª–∞ –≤–∞—à–∞ —Ä–µ–∫–ª–∞–º–∞,0
82,üòä,0
83,"–õ–µ–Ω—Ç–∞ ""–ê–∫—Ç—É–∞–ª—å–Ω–æ–µ"" - –Ω–µ–≤–æ–æ–±—Ä–∞–∑–∏–º–∞—è –≥–∞–¥–æ—Å—Ç—å, —Ç–∞–º –∫—Ä—É—Ç–∞—è –∏ –ø–ª–æ—Ç–Ω–∞—è –ø–æ–¥–±–æ—Ä–∫–∞ —Ç–æ—à–Ω–æ—Ç–Ω–æ–≥–æ –¥–µ—Ä—å–º–∞. –ì–∞–ª–∫–∏–Ω, –ü—É–≥–∞—á—ë–≤–∞, –ì–æ—Ä–¥–æ–Ω, –ó–µ–ª–µ–Ω—Å–∫–∏–π .
–≠—Ç–æ –ª–µ–Ω—Ç–∞ –≤—Ä–∞–≥–æ–≤ –Ω–∞—Ä–æ–¥–∞.",0
84,–ï—â–µ –Ω–µ–º–Ω–æ–≥–æ —Å–∞–Ω–∫—Ü–∏–π –∏ –∫–∏—Ç–∞–π –ø–æ–¥—Å—è–¥–µ—Ç –Ω–∞ –≤–∫üòÅ,0
85,"–≠—Ö)) –º—ã —Å –≤–∞–º–∏, –ø–æ—Ç–æ–º—É —á—Ç–æ —Å–∞–º–∏ –∑–Ω–∞–µ—Ç–µ —á—Ç–æ - –∑–∞–±–ª–æ–∫–∏—Ä–æ–≤–∞–ª–∏ üõë 

–•–æ—Ç—è! –ü—Ä–∏–∑–Ω–∞—é—Å—å! –í–∫ –º–Ω–µ —Å—Ç–∞–ª –Ω—Ä–∞–≤–∏—Ç—Å—è. –Ø –ª–µ–≥–∫–æ –∞–¥–∞–ø—Ç–∏—Ä—É—é –∑–Ω–∞–Ω–∏—è –∏–∑ ¬´–∑–∞–ø—Ä–µ—â–µ–Ω–∫–∏¬ª –∏ —Ö–æ—Ä–æ—à–æ —Å–µ–±—è —á—É–≤—Å—Ç–≤—É—é –∑–¥–µ—Å—å",0
86,–ï—â—ë –±—ã —Ä–µ–∫–ª–∞–º—É —É–±—Ä–∞–ª–∏ —Å –≤–∏–¥–µ–æ –Ω–∞–≤—è–∑—á–∏–≤—É—éüëéüëéüëéüëé,0
87,VK –∞ –∫—É–¥–∞ –ø—Ä–æ–ø–∞–ª –∞—Ç–µ–∏–∑–º? –¢–µ–ø–µ—Ä—å —Å–∞–º–æ–º—É –ø–∏—Å–∞—Ç—å –Ω–∞–¥–æ? –£ VK —Ç–µ–ø–µ—Ä—å –Ω–µ—Ç –∞—Ç–µ–∏—Å—Ç–æ–≤?,0
88,–ë—ã–ª–∞ –±—ã –≤–æ–∑–º–æ–∂–Ω–æ—Å—Ç—å - —Å –≤–∞–º–∏ –±—ã –Ω–µ –±—ã–ª. –û—Å–æ–±–µ–Ω–Ω–æ –ø–æ—Å–ª–µ –∏—Å—Ç–æ—Ä–∏–∏ —Å –≥–∏—Ñ–∫–∞–º–∏ –Ω–∞ –∞–≤–∞—Ç–∞—Ä–∫–∞—Ö,0
89,–ü—Ä–æ—Å—Ç–∏—Ç–µ –Ω–æ –≤ –∫–æ–º–µ–Ω—Ç–∞—Ö –≤—Å–µ—Ö –≥—Ä—É–ø–ø –∫—É—á—è –±–æ—Ç–æ–≤ –ø—Ä–æ—Å—Ç–æ —Å–ø–∞–º—è—Ç....—à—Ç–æ –¥–µ–ª–∞—Ç—å –±—É–¥–µ—Ç–µ???,0
90,–£–±–µ—Ä–∏—Ç–µ –∫–∞–ø—á—É –ø—Ä–∏ –≤—Ö–æ–¥–µ –Ω–∞ –∞–∫–∫–∞—É–Ω—Ç.,0
91,–¢–µ–º –≤—Ä–µ–º–µ–Ω–µ–º —Ç–æ–ª—å–∫–æ –∫–ª–∏–ø —Ä–∞–º—à—Ç–∞–π–Ω–∞ –Ω–∞ –Æ—Ç—É–±–µ –∑–∞ –ø–µ—Ä–≤—ã–µ —Å—É—Ç–∫–∏ –º–∏–ª–ª–∏–∞—Ä–¥ –ø—Ä–æ—Å–º–æ—Ç—Ä–æ–≤,0
92,–£–±–µ—Ä–∏—Ç–µ –∫–∞–ø—á—É –ø—Ä–∏ –≤—Ö–æ–¥–µ –Ω–∞ –∞–∫–∫–∞—É–Ω—Ç!,0
93,"–£–±–µ—Ä–∏—Ç–µ —ç—Ç—É –æ—Ç–≤—Ä–∞—Ç–∏—Ç–µ–ª—å–Ω—É—é —Ä–µ–∫–ª–∞–º—É –∏–∑ –≤–∏–¥–µ–æ. –í–æ –ø–µ—Ä–≤—ã—Ö, –Ω–µ–≤–æ–∑–º–æ–∂–Ω–æ —Å–º–æ—Ç—Ä–µ—Ç—å, —Ä–µ–∫–ª–∞–º–∞ –¥–ª–∏–Ω–Ω–µ–µ —Å–∞–º–æ–≥–æ –∫–ª–∏–ø–∞, –≤–æ –≤—Ç–æ—Ä—ã—Ö, –≤—Å—Ç–∞–≤–ª—è–µ—Ç–µ —Ä–µ–∫–ª–∞–º—É –≤ –º–æ–∏ –ª–∏—á–Ω—ã–µ –≤–∏–¥–µ–æ. –ö–∞–∫ —Ç–∞–∫ –º–æ–∂–Ω–æ, –±–µ–∑ –º–æ–µ–≥–æ –≤–µ–¥–æ–º–∞ –≤—Å—Ç–∞–≤–ª—è—Ç—å –≤ –º–æ–∏ –∂–µ –≤–∏–¥–µ–æ —Ä–µ–∫–ª–∞–º—É?",0
94,"–°–ü–ê–°–ò–ë–û!–ó–î–û–†–û–í–û,–ß–¢–û –î–ï–†–ñ–ò–¢–ï –ü–õ–ê–¢–§–û–†–ú–£!–†–ï–°–ü–ï–ö–¢!üôåüôåüôå",0
95,—É –º–µ–Ω—è –ø—Ä–æ—Ñ–∏–ª—å –≤ –∫–æ–Ω—Ç–∞–∫—Ç–µ –∑–∞–∫—Ä—ã—Ç —Ç.–∫. –≤—Å–µ –≤ –Ω–µ–º —Ä–æ–¥—Å—Ç–≤–µ–Ω–Ω–∏–∫–∏ –¥–ª—è —ç—Ç–æ–≥–æ —è –µ–≥–æ –∏ –æ—Ç–µ–∫—Ä—ã–ª–∞...–ê —Å–µ–π—á–∞—Å –ø–æ –í–∞—à–µ–π –º–∏–ª–æ—Å—Ç–∏ –≤ –Ω–µ–º –Ω–µ–Ω—É–∂–Ω—ã–µ –ª—é–¥–∏ –ø–æ—è–≤–ª—è—é—Ç—Å—è –∏ –∑–∞—á–µ–º –≤—ã—Å—Ç–∞–≤–ª—è–µ—Ç–µ –Ω–∞ –ø–æ–∫–∞–∑ –í–ò–ó–ò–¢–ö–£.. –£–ë–ï–†–ò–¢–ï –≠–¢–û –í–°–ï –° –ú–û–ï–ô –°–¢–†–ê–ù–ò–¶–´. –ü–†–ï–ñ–î–ï –ß–ï–ú –ß–¢–û –¢–û –î–ï–õ–ê–¢–¨ –ù–ï –ú–ï–®–ê–õ–û –ë–´ –°–ü–†–û–°–ò–¢–¨ –ù–ê–î–û –û–ù–û –ú–ù–ï ?,0
96,–º–æ–ª–æ–¥—Ü—ã,0
97,"–ö–æ–≥–¥–∞ —É–∂–µ –≤–µ—Ä–Ω—É—Ç –æ–±—Ä–∞—Ç–Ω–æ —Ç–µ–º–∞—Ç–∏—á–µ—Å–∫–∏–µ —Ä–∞–∑–¥–µ–ª—ã –≤ —Ä–µ–∫–æ–º–µ–Ω–¥–∞—Ü–∏—è—Ö? –õ–µ–Ω—Ç–∞ ""–∞–∫—Ç—É–∞–ª—å–Ω–æ–µ"" –æ—Ç–≤—Ä–∞—Ç–∏—Ç–µ–ª—å–Ω–∞—è",0
98,"–í—ã —Ö–≤–∞—Å—Ç–∞–µ—Ç–µ—Å—å –≤–∫ –≤–∏–¥–µ–æ –∏ –∫–ª–∏–ø–∞–º–∏, –Ω–æ –ø—Ä–∏ —ç—Ç–æ–º –Ω–µ—Ç –¥–ª—è –Ω–∏—Ö –ø–æ–ª–Ω–æ—Ü–µ–Ω–Ω–æ–π ""—Ç–≤–æ—Ä—á–µ—Å–∫–æ–π —Å—Ç—É–¥–∏–∏""",0
99,"–í—ã –±—ã –≤–º–µ—Å—Ç–æ –ø—Ä–∏–≤–µ–¥–µ–Ω–∏—è —Ç–∞–∫–æ–π —Å—Ç–∞—Ç–∏—Å—Ç–∏–∫–∏ –∑–∞–Ω—è–ª–∏—Å—å –±—ã –æ–ø—Ç–∏–º–∏–∑–∞—Ü–∏–µ–π –ø—Ä–∏–ª–æ–∂–µ–Ω–∏—è –Ω–∞ —Ç–µ–ª–µ—Ñ–æ–Ω–µ. –í –∫–ª–∏–ø—ã —Ç—ã–∫–Ω–µ—à—å —Å–ª—É—á–∞–π–Ω–æ - –≤—Å—ë, –ª–∞–≥–∏ –∏ –ø–æ–ª—å–∑–æ–≤–∞—Ç—å—Å—è –Ω–µ–≤–æ–∑–º–æ–∂–Ω–æ",0
100,–°–ø–∞—Å–∏–±–æ –≤–∞–º),0
101,–•–æ—Ä–æ—à–µ–µ –ø—Ä–∏–ª–æ–∂–µ–Ω–∏–µ: –Ω–µ—Å–∫–æ–ª—å–∫–æ –ª–µ—Ç –∏–º —É–∂–µ –ø–æ–ª—å–∑—É—é—Å—å,0
102,–°–∫—Ä—ã—Ç—ã–µ –¥–∏–∞–ª–æ–≥–∏ –æ—Ç–∫—Ä—ã—Ç—ã –∫–æ–≥–¥–∞ –≤—ã—Ö–æ–¥–∏—à—å –∏–∑ –ø—Ä–∏–ª–æ–∂–µ–Ω–∏—è. –ü–æ–∫–∞ –Ω–µ —É–¥–∞–ª–∏—à—å –∏–∑ –¥–∏—Å–ø–µ—Ç—á–µ—Ä–∞ –∑–∞–¥–∞—á –Ω–µ –±–ª–æ–∫–∏—Ä—É–µ—Ç,0
103,"–ú—É–∑—ã–∫–∞ –Ω–µ —Ä–∞–±–æ—Ç–∞–µ—Ç, –Ω–µ–∫–æ—Ç–æ—Ä—ã–µ —Ç—Ä–µ–∫–∏, –∞ –ø–æ—Ç–æ–º –Ω–∏ –æ–¥–∏–Ω. –†–∞–∑–Ω—ã–µ –≤–µ—Ä—Å–∏–∏ –ø—Ä–æ–±–æ–≤–∞–ª, –∏ —á–µ—Ä–µ–∑ vpn —Ç–æ–∂–µ —Å–∞–º–æ–µ...",0
104,–£ –º–µ–Ω—è –¥—Ä—É–∑—å—è –∏ –∏—Ö –Ω–æ–≤–æ—Å—Ç–∏ —Å –ª–µ–Ω—Ç—ã –Ω–µ —Å–∫—Ä—ã–≤–∞—é—Ç—Å—è,0
105,"–†–µ–±—è—Ç, –∫–∞–∫ —Ä–µ—à–∏—Ç—å –ø—Ä–æ–±–ª–µ–º—É?",0
106,–ì–æ–ª–æ—Å–æ–≤—ã–µ –Ω–µ –∑–∞–ø–∏—Å—ã–≤–∞—é—Ç—Å—è(,0
107,–°–∫–∞–∂–∏—Ç–µ –ø–æ–∂–∞–ª—É–π—Å—Ç–∞ –∫–∞–∫ –Ω–∞–π—Ç–∏ —Å–∫—Ä—ã—Ç—ã–µ –¥–∏–∞–ª–æ–≥–∏?,0
108,"–ü–æ–ª—å–∑—É—é—Å—å –∏–º –æ–∫–æ–ª–æ 5 –ª–µ—Ç, –º–µ–Ω—è –≤—Å–µ —É—Å—Ç—Ä–∞–∏–≤–∞–µ—Ç))))",0
109,–£ –º–µ–Ω—è –≤–∏–¥–µ–æ –Ω–µ –∏–¥—ë—Ç,0
110,,0
111,–ö–æ–≥–¥–∞ –ø–µ—Ä–µ—à—ë–ª –Ω–∞ iOS –∏ —Å –≥—Ä—É—Å—Ç—å—é —á–∏—Ç–∞–µ—à—å –ù–æ–≤–æ—Å—Ç–∏  –æ–± –æ–±–Ω–æ–≤–ª–µ–Ω–∏–∏ –ö–µ–π—Ç–∞ (,0
112,–†–µ–∫–ª–∞–º–∞ –ø–æ –ø—Ä–µ–∂–Ω–µ–º—É –æ—Å—Ç–∞–ª–∞—Å—å ?,0
113,–ù–µ –ø–æ–∫–∞–∑—ã–≤–∞–µ—Ç –¥–∞—Ç—É —Ä–µ–≥–∏—Å—Ç—Ä–∞—Ü–∏–∏ –≤ VK –¥—Ä—É–≥–∏—Ö –ø–æ–ª—å–∑–æ–≤–∞—Ç–µ–ª–µ–π,0
114,"–°–ø–∏—Å–æ–∫ –¥–æ–±–∞–≤–ª–µ–Ω–Ω—ã—Ö –¥—Ä—É–∑–µ–π –ø–æ–∫–∞–∑—ã–≤–∞–µ—Ç —Å–ª–∏—Ç–Ω–æ. –¢–æ –µ—Å—Ç—å –µ—Å–ª–∏ —á–µ–ª–æ–≤–µ–∫ –¥–æ–±–∞–≤–∏–ª 5 –¥—Ä—É–∑–µ–π, —Ç–æ –ø–æ—Å–º–æ—Ç—Ä–µ—Ç—å –º–æ–∂–Ω–æ —Ç–æ–ª—å–∫–æ 1–≥–æ!!! –î–æ –ø–æ—Å–ª–µ–¥–Ω–µ–≥–æ –æ–±–Ω–æ–≤–ª–µ–Ω–∏—è —Ç–∞–∫–æ–≥–æ –Ω–µ –±—ã–ª–æ!!!",0
115,–ù–µ –ø—Ä–∏—Ö–æ–¥—è—Ç –æ–ø–æ–≤–µ—â–µ–Ω–∏—è —É–∂–µ –¥–∞–≤–Ω—ã–º –¥–∞–≤–Ω–æ (push up),0
116,–ü—Ä–∏–ª–æ–∂–µ–Ω–∏–µ –ø–æ—Å–ª–µ –æ–±–Ω–æ–≤–ª–µ–Ω–∏—è –æ—Ç–∫—Ä—ã–≤–∞–µ—Ç—Å—è —Ç–æ–ª—å–∫–æ —á–µ—Ä–µ–∑ –Ω–∞—Å—Ç—Ä–æ–π–∫–∏- –æ—Ç–∫—Ä—ã—Ç—å. –ü–æ—è–≤–ª—è–µ—Ç—Å—è –≤–æ—Ç —Ç–∞–∫–∞—è –µ—Ä—É–Ω–¥–∞,0
117,"—è –Ω–µ –∑–Ω–∞—é, –±—ã–ª–∞ –ª–∏ —Ç–∞–∫–∞—è –ø—Ä–æ–±–ª–µ–º–∞ –≤ –ø—Ä–æ—à–ª–æ–º, –Ω–æ –∫–æ–≥–¥–∞ —è —Å–º–æ—Ç—Ä—é –∏—Å—Ç–æ—Ä–∏—é –∏ –ø—ã—Ç–∞—é—Å—å –µ–µ –ø–µ—Ä–µ–º–æ—Ç–∞—Ç—å/–ø–æ—Å—Ç–∞–≤–∏—Ç—å –Ω–∞ –ø–∞—É–∑—É, —è –Ω–µ –º–æ–≥—É, –ø–æ—Ç–æ–º—É —á—Ç–æ —ç—Ç–∞ –ø–∞–Ω–µ–ª—å –ø–µ—Ä–µ–∫—Ä—ã–≤–∞–µ—Ç—Å—è —Å–µ–Ω—Å–æ—Ä–Ω–æ–π –ø–∞–Ω–µ–ª—å—é —Ç–µ–ª–µ—Ñ–æ–Ω–∞, –≥–¥–µ –æ–±—ã—á–Ω–æ –∫–Ω–æ–ø–∫–∏ ""–Ω–∞–∑–∞–¥"" ""–Ω–∞ –≥–ª–∞–≤–Ω—ã–π —ç–∫—Ä–∞–Ω"" –∏ —Ç–¥",0
118,–î–æ—Å—Ç–∞–ª–∏ —Å —á–∞—Å—Ç—ã–º–∏ –æ–±–Ω–æ–≤–ª–µ–Ω–∏—è–º–∏,0
119,"–ü–ª–æ—Ö–æ —Ä–∞–±–æ—Ç–∞—é—Ç –≤–∏–¥–µ–æ –ø–æ—Å–ª–µ –æ–±–Ω–æ–≤–ª–µ–Ω–∏—è
–ó–≤—É–∫ –∏–¥–µ—Ç, –∞ –∫–∞—Ä—Ç–∏–Ω–∫–∞ —Ç–æ—Ä–º–æ–∑–∏—Ç
–ü—Ä–æ–±–æ–≤–∞–ª —Å–æ –≤—Å—Ç—Ä–æ–µ–Ω–Ω—ã–º –ø–ª–µ–µ—Ä–æ–º –∏ –±–µ–∑, –≥–¥–µ –≥–∞–ª–æ—á–∫–∞ –≤ –Ω–∞—Å—Ç—Ä–æ–π–∫–∞—Ö",0
120,–í–û–ü–†–û–°: –Ω–∞ –æ—Ñ–∏—Ü–∏–∞–ª—å–Ω–æ–º —Å–∞–π—Ç–µ —ç—Ç–æ–π –æ–±–Ω–æ–≤—ã –Ω–µ—Ç! –ü–û–ß–ï–ú–£?,0
121,–í–æ–ø—Ä–æ—Å - –ø–ª–∞–Ω–∏—Ä—É–µ—Ç—Å—è —Ä–µ–∞–ª–∏–∑–∞—Ü–∏—è —Ñ—É–Ω–∫—Ü–∏–æ–Ω–∞–ª–∞ –ø–æ –ª–∞–π–∫–∞–º/—Ä–µ–∞–∫—Ü–∏—è–º –Ω–∞ —Å—Ç–æ—Ä–∏–∑?,0
122,,0
123,"–° –∫–∞–∂–¥—ã–º –æ–±–Ω–æ–≤–ª–µ–Ω–∏–µ–º —Å—Ç–∞–Ω–æ–≤–∏—Ç—Å—è –≤—Å—ë —Ö—É–∂–µ –∏ —Ö—É–∂–µ, –∏ –º–µ–¥–ª–µ–Ω–Ω–µ–π ... –ø–æ—ç—Ç–æ–º—É –ø–µ—Ä–µ—Å—Ç–∞–ª –æ–±–Ω–æ–≤–ª—è—Ç—å",0
124,"–ê —Ç–æ —á—Ç–æ –∫–æ–º–º–µ–Ω—Ç–∞—Ä–∏–∏ –ø–æ–¥ —Ä–µ–∫–ª–∞–º–Ω—ã–º–∏ –ø–æ—Å—Ç–∞–º–∏ –Ω–µ –æ—Ç–∫—Ä—ã–≤–∞—é—Ç—Å—è, —ç—Ç–æ —Ç–∞–∫ –∏ –∑–∞–¥—É–º–∞–Ω–æ? Upd. –î–æ–±–∞–≤–∏–ª —Å–∫—Ä–∏–Ω—à–æ—Ç. –ü—Ä–∏ –æ—Ç–∫—Ä—ã—Ç–∏–∏ –ø—Ä–æ—Å—Ç–æ –±–µ–ª—ã–π —ç–∫—Ä–∞–Ω",0
125,–Ω–µ –ø—Ä–∏—Ö–æ–¥—è—Ç —É–≤–µ–¥–æ–º–ª–µ–Ω–∏—è. —Ö–æ—Ç—å —É–±–µ–π. –≤—Å–µ –ø—Ä–æ–≤–µ—Ä–∏–ª.. –≤—Å–µ –≤–∫–ª—é—á–µ–Ω–æ,0
126,"–¢–µ–ø–µ—Ä—å –∫–æ–≥–¥–∞ –≤ –ª–µ–Ω—Ç–µ –ø–æ–∫–∞–∑—ã–≤–∞–µ—Ç—Å—è —Å–ø–∏—Å–æ–∫ –¥–æ–±–∞–≤–ª–µ–Ω–Ω—ã—Ö —É –¥—Ä—É–∑–µ–π, –Ω–µ–ª—å–∑—è –ø—Ä–æ—Å–º–æ—Ç—Ä–µ—Ç—å –∏—Ö —Å—Ç—Ä–∞–Ω–∏—Ü—ã. –û—Ç–∫—Ä—ã–≤–∞–µ—Ç—Å—è –≤—Å–µ–≥–¥–∞ —Ç–æ–ª—å–∫–æ —Å–∞–º—ã–π –ø–µ—Ä–≤—ã–π –≤ —Å–ø–∏—Å–∫–µ",0
127,,0
128,"–£ –º–µ–Ω—è —Ç–æ–∂–µ –ø—Ä–æ–±–ª–µ–º–∞ —Å —É–≤–µ–¥–æ–º–ª–µ–Ω–∏—è–º–∏, –∫–∞–∫ –æ–±–Ω–æ–≤–∏–ª–∞ –¥–æ 87 –≤–µ—Ä—Å–∏–∏. –ü–µ—Ä–µ—à–ª–∞ –æ–±—Ä–∞—Ç–Ω–æ –Ω–∞ 86, —Ç–∞–º —Ç–∞–∫–æ–π –ø—Ä–æ–±–ª–µ–º—ã –Ω–µ—Ç. –•–æ—Ç—è –≤—Å—ë –≤–∫–ª—é—á–µ–Ω–æ.",0
129,,0
130,"–ø—Ä–∏ –∑–∞–ø—É—Å–∫–µ –ø—Ä–∏–ª–æ–∂–µ–Ω–∏—è –ø—Ä–µ–¥–ª–∞–≥–∞–µ—Ç –æ–ø—É–±–ª–∏–∫–æ–≤–∞—Ç—å –∑–∞–ø–∏—Å—å –Ω–∞ —Å—Ç–µ–Ω–µ, —Ö–æ—Ç—è —Å—Ç–æ–∏—Ç –ø—Ä–∏ –æ—Ç–∫—Ä—ã—Ç–∏–∏ ""–æ—Ç–∫—Ä—ã–≤–∞—Ç—å –ø—Ä–æ—Ñ–∏–ª—å""
–ø–æ–¥—Å–∫–∞–∂–∏—Ç–µ –≤ —á–µ–º –ø—Ä–æ–±–ª–µ–º–∞?",0
131,–ê —É –º–µ–Ω—è —Ç–∞–∫—É—é –æ—à–∏–±–∫—É –≤—ã–¥–∞—ë—Ç. –í —á–µ–º –ø—Ä–æ–±–ª–µ–º?,0
132,–ê –≤–æ—Ç —á—Ç–æ –ø–∏—à–µ—Ç –∫–æ–≥–¥–∞ —á–µ—Ä–µ–∑ –æ—Ñ —Å–∞–π—Ç —É—Å—Ç–∞–Ω–∞–≤–ª–∏–≤–∞—é,0
133,–û—Ç–¥—É—à–∏ –∑–∞ –æ–ø–µ—Ä–∞—Ç–∏–≤–Ω–æ–µ –≤–º–µ—à–∞—Ç–µ–ª—å—Å—Ç–≤–æü§§‚ù§Ô∏è,0
134,–°–ø–∞—Å–∏–±–æ,0
135,,0
136,"–ú–æ–∂–Ω–æ –ª–∏ –∫–∞–∫ —Ç–æ –≤ –≤—ã–±–æ—Ä–æ—á–Ω–æ–º –ø–æ—Ä—è–¥–∫–µ –≤–µ—Ä–Ω—É—Ç—å –æ—Ç–æ–±—Ä–∞–∂–µ–Ω–∏–µ —Å–Ω–∞—á–∞–ª–∞ –≤—Å–µ—Ö –∞–ª—å–±–æ–º–æ–≤, –∞ –Ω–µ –∞–ª—å–±–æ–º–∞ ""–≤—Å–µ —Ñ–æ—Ç–æ"", –ø—Ä–∏ –ø—Ä–∏–∫—Ä–µ–ø–ª–µ–Ω–∏–∏ –∏–∑ –≥–∞–ª–µ—Ä–µ–∏? –ì–∞–ª–æ—á–∫—É –≤ –Ω–∞—Å—Ç—Ä–æ–π–∫–∞–º –º–± –∏–ª–∏ —Ç–∏–ø–∞ —Ç–æ–≥–æ. 

–ü—Ä–æ—Å—Ç–æ —á–∞—Å—Ç–æ –ø—Ä–∏—Ö–æ–¥–∏—Ç—Å—è –∏–∑ —Ä–∞–∑–Ω—ã—Ö –∞–ª—å–±–æ–º–æ–≤ –ø—Ä–∏–∫—Ä–µ–ø–ª—è—Ç—å, –∏ —á–∞—Å—Ç–æ —ç—Ç–∏ —Ñ–æ—Ç–æ —Å–¥–µ–ª–∞–Ω—ã –Ω–µ –ø–∞—Ä—É –¥–Ω–µ–π –Ω–∞–∑–∞–¥. –ü–æ–Ω–∏–º–∞—é, —á—Ç–æ —É –Ω–µ–∫–æ—Ç–æ—Ä—ã—Ö –Ω–µ —Ç–∞–∫, –Ω–æ –º–Ω–µ - —Ç–æ–ª—å–∫–æ –ª–∏—à–Ω–∏–µ –¥–µ–π—Å—Ç–≤–∏—è –Ω–∞ –ø–æ—Å—Ç–æ—è–Ω–Ω–æ–π –æ—Å–Ω–æ–≤–µ.",0
137,"–ó–¥—Ä–∞—Å—Ç–≤—É–π—Ç–µ, –∞ –ø–æ—á–µ–º—É –∫–æ–≥–¥–∞ —è —Ö–æ—á—É —Å–¥–µ–ª–∞—Ç—å —Å–µ–±–µ —Ñ–æ–Ω–æ–≤–æ–µ –∏–∑–æ–±—Ä–∞–∂–µ–Ω–∏–µ —Å—Ç–∞–≤–ª—é –∫–∞–∫—É—é –ª–∏–±–æ —Ñ–æ—Ç–∫—É, –∑–∞—Ö–æ–∂—É –≤ —Å–æ–æ–±—â–µ–Ω–∏—è –Ω–æ –º–æ–µ–π —Ñ–æ—Ç–∫–∏ —Ç–∞–º –Ω–µ—Ç?",0
138,–¢–µ–ø–µ—Ä—å —É–ø–æ–º–∏–Ω–∞–Ω–∏—è —Ä–∞–±–æ—Ç–∞—é—Ç —Ç–æ–ª—å–∫–æ –Ω–∞ –æ—Ç–∫—Ä—ã—Ç—ã—Ö –ø—Ä–æ—Ñ–∏–ª—è—Ö? –ù–µ—É–¥–æ–±–Ω–æ(,0
139,–ü–æ—Å–ª–µ –æ–±–Ω–æ–≤–ª–µ–Ω–∏—è –ø—Ä–∏–ª–æ–∂–µ–Ω–∏—è –ø–µ—Ä–µ—Å—Ç–∞–ª –∞–≤—Ç–æ–º–∞—Ç–∏—á–µ—Å–∫–∏ –æ–±–Ω–æ–≤–ª—è—Ç—å —Å–æ–æ–±—â–µ–Ω–∏—è —Ç.–µ. –≤–æ –≤–∫–ª–∞–¥–∫–µ —Å–æ–æ–±—â–µ–Ω–∏—è –Ω–æ–≤—ã–µ –ø–æ—è–≤–ª—è—é—Ç—Å—è —Ç–æ–ª—å–∫–æ –ø–æ—Å–ª–µ —Ä—É—á–Ω–æ–≥–æ –æ–±–Ω–æ–≤–ª–µ–Ω–∏—è,0
140,"–ü–æ–¥—Å–∫–∞–∂–∏—Ç–µ –ø–æ–ª—å–∑–æ–≤–∞–ª—Å—è –ø—Ä–∏–ª–æ–∂–µ–Ω–∏–µ–º –ª–µ—Ç 7 –∞ –º–æ–∂–µ—Ç –∏ –±–æ–ª—å—à–µ. –ú—É–∑—ã–∫—É –º–æ–∂–Ω–æ –±—ã–ª–æ —Å–ª—É—à–∞—Ç—å –±–æ–ª–µ–µ 30–º–∏–Ω, —É–¥–∞–ª–∏–≤ –∏–º —Å–∫–∞—á–∞–≤ –∑–∞–Ω–æ–≤–æ, –æ–≥—Ä–∞–Ω–∏—á–µ–Ω–∏–µ –ø–æ –≤—Ä–µ–º–µ–Ω–∏ 30–º–∏–Ω? –í —á–µ–º –ø—Ä–∏—á–∏–Ω–∞",0
141,Kate –ª–µ–≥–µ–Ω–¥–∞ üíô,0
142,–Ø —Ç–æ–∂–µ —Ö–æ—á—É,0
143,"–° –ø–æ—Å–ª–µ–¥–Ω–∏–º –æ–±–Ω–æ–≤–ª–µ–Ω–∏–µ–º, –ø–µ—Ä–µ—Å—Ç–∞–ª–∞ —Ä–∞–±–æ—Ç–∞—Ç—å –∑–∞–≥—Ä—É–∑–∫–∞ –≤–∏–¥–µ–æ  –≤ –ø—Ä–∏–ª–æ–∂–µ–Ω–∏–µ. –ò—Å–ø—Ä–∞–≤–ª—è–π—Ç–µ. –ü—Ä–∏–¥–µ—Ç—Å—è –æ—Ç–∫–∞—Ç—ã–≤–∞—Ç—å—Å—è –¥–æ –ø—Ä–µ–∂–Ω–µ–π –≤–µ—Ä—Å–∏–∏",0
144,–£ –∫–æ–≥–æ —Ç–∞–∫–∞—è –∂–µ –ø—Ä–æ–±–ª–µ–º–∞?,0
145,"Pro –≤–µ—Ä—Å–∏—è (–¥–∞ –∏ –≤ –æ–±—ã—á–Ω–æ–π —Ç–∞–∫ –∂–µ —Å—Ç–æ –ø—Ä–æ—Ü–µ–Ω—Ç–æ–≤), –ø–æ—Å–ª–µ–¥–Ω–µ–µ –æ–±–Ω–æ–≤–ª–µ–Ω–∏–µ. –ò–Ω—Ç–µ—Ä—Ñ–µ–π—Å –≤–Ω—É—Ç—Ä–µ–Ω–Ω–µ–≥–æ –ø—Ä–æ–∏–≥—Ä—ã–≤–∞—Ç–µ–ª—è —É–µ—Ö–∞–ª —Å–ª–∏—à–∫–æ–º –≤–Ω–∏–∑. –ê–∂ –∑–∞ –ø–∞–Ω–µ–ª—å –∫–Ω–æ–ø–æ–∫. –ü–æ–ª—å–∑–æ–≤–∞—Ç—å—Å—è –≤ –∫–Ω–∏–∂–Ω–æ–º —Ä–µ–∂–∏–º–µ –≤–æ–æ–±—â–µ –Ω–µ—Ä–µ–∞–ª—å–Ω–æ. –ù—É–∂–Ω–æ –±—ã –ø—Ä–∏–ø–æ–¥–Ω—è—Ç—å –æ–±—Ä–∞—Ç–Ω–æ)",0
146,"–°–∫–∞–∂–∏—Ç–µ –ø–æ–∂–∞–ª—É–π—Å—Ç–∞,—É –º–µ–Ω—è –æ–¥–Ω–æ–≥–æ –ø—Ä–æ–±–ª–µ–º–∞ —Å –≤–æ—Å–ø—Ä–æ–∏–∑–≤–µ–¥–µ–Ω–∏–µ–º –≥–æ–ª–æ—Å–æ–≤—ã—Ö,–∫–æ—Ç–æ—Ä—ã–µ –±–æ–ª—å—à–µ –¥–≤—É—Ö –º–∏–Ω—É—Ç?
–í –¥–∏–∞–ª–æ–≥–∞—Ö –∑–∞ 2018-2022 –≥–æ–¥—ã –æ–Ω–∏ –ø—Ä–æ—Å—Ç–æ –Ω–µ –∑–∞–ø—É—Å–∫–∞—é—Ç—Å—è –∏ –Ω–µ –æ—Ç–ø—Ä–∞–≤–ª—è—é—Ç—Å—è,–∏ —ç—Ç–æ –æ—à–∏–±–∫–∞ –Ω–µ –≤ –∫–µ–π—Ç–µ,–∞ –≤ —Å–∞–º–æ–º –≤–∫.
–ü–æ–ª–æ–≤–∏–Ω–∞ —Å–æ–æ–±—â–µ–Ω–∏–π –Ω–µ —Ä–∞–±–æ—Ç–∞–µ—Ç,–º–µ–¥–∏–∞ —Ñ–∞–π–ª—ã –∫—É–¥–∞ —Ç–æ –ø—Ä–æ–ø–∞–ª–∏.",0
147,–ö–∞–∫ —É—Å—Ç–∞–Ω–æ–≤–∏—Ç—å 87.1 –≤–µ—Ä—Å–∏—é,0
148,"–ó–¥—Ä–∞–≤—Å—Ç–≤—É–π—Ç–µ –∏ –¥–æ–±—Ä–æ–≥–æ –≤—Ä–µ–º–µ–Ω–∏ —Å—É—Ç–æ–∫, —Å–∫–∞–∂–∏—Ç–µ –ø–æ–∂–∞–ª—É–π—Å—Ç–∞ —ç—Ç–æ –∫–∞–∫ –ø–æ–Ω–∏–º–∞—Ç—å?",0
149,–£ –º–µ–Ω—è –Ω–µ –∑–∞—Ö–æ–¥–∏—Ç –≤ –∞–∫–∫–∞—É–Ω—Ç —á—Ç–æ –º–Ω–µ –¥–µ–ª–∞—Ç—å? –ü–∞—Ä–æ–ª—å –ø—Ä–∞–≤–∏–ª—å–Ω—ã–π —á–µ—Ä–µ–∑ –±—Ä–∞—É–∑–µ—Ä –∑–∞—Ö–æ–¥–∏—Ç –∞ —á–µ—Ä–µ–∑ –∫–µ–π—Ç –Ω–µ—Ç,0
150,"–ü—Ä–æ–±–ª–µ–º–∞: –∫–æ–≥–¥–∞ –≤ –ö–µ–π—Ç –∑–∞—Ö–æ–¥–∏—à—å –≤ —Å–æ–æ–±—â–µ–Ω–∏—è —Å–≤–æ–µ–π –≥—Ä—É–ø–ø—ã, –≥–¥–µ –Ω–µ—Å–∫–æ–ª—å–∫–æ –∞–¥–º–∏–Ω–æ–≤ –æ—Ç–≤–µ—á–∞—é—Ç –Ω–∞ —Å–æ–æ–±—â–µ–Ω–∏—è, —Ç–æ –≤—Å–µ —Å–æ–æ–±—â–µ–Ω–∏—è –æ—Ç –∏–º–µ–Ω–∏ –≥—Ä—É–ø–ø—ã –≤—ã–≥–ª—è–¥—è—Ç –∫–∞–∫ –æ—Ç —Ç–≤–æ–µ–≥–æ –∏–º–µ–Ω–∏, –±—É–¥—Ç–æ —ç—Ç–æ —Ç—ã –∏—Ö –ø–∏—Å–∞–ª. –ê–≤–∞—Ç–∞—Ä–∫–∞ —Å—Ç–æ–∏—Ç –Ω–µ –∞–≤—Ç–æ—Ä–∞, –Ω–µ –≥—Ä—É–ø–ø—ã, –∞ —Ç–≤–æ—è.",0
151,"–ò –µ—â—ë –ø—Ä–æ–±–ª–µ–º–∞, –Ω–æ –¥–æ –∫–æ–Ω—Ü–∞ –Ω–µ –∏–∑—É—á–µ–Ω–∞: –∫–æ–≥–¥–∞ –≤ –Ω–∞—Å—Ç—Ä–æ–π–∫–∞—Ö ""–§–∏–ª—å—Ç—Ä –Ω–æ–≤–æ—Å—Ç–µ–π"" –æ—Ç–∫–ª—é—á–∞–µ—à—å ""–î–æ–±–∞–≤–∏–ª –¥—Ä—É–≥–∞"", —Ç–æ –∏–∑ –Ω–æ–≤–æ—Å—Ç–µ–π –∏—Å—á–µ–∑–∞—é—Ç –ø–æ—Å—Ç—ã —Å–æ–±—Å—Ç–≤–µ–Ω–Ω–æ–π –≥—Ä—É–ø–ø—ã. –í–æ–∑–º–æ–∂–Ω–æ, –¥–µ–ª–æ –≤ —Å–æ–≤–ø–∞–¥–µ–Ω–∏–∏ –≤—Ä–µ–º–µ–Ω–∏ –ø—É–±–ª–∏–∫–∞—Ü–∏–∏. –ë—ã–ª —Å–ª—É—á–∞–π: –∏ —Ç–æ, –∏ –¥—Ä—É–≥–æ–µ –±—ã–ª–æ –æ–ø—É–±–ª–∏–∫–æ–≤–∞–Ω–æ –æ–¥–Ω–æ–≤—Ä–µ–º–µ–Ω–Ω–æ. –ò —Å–æ —Å–Ω—è—Ç–∏–µ–º –≥–∞–ª–æ—á–∫–∏ –≤ –Ω–∞—Å—Ç—Ä–æ–π–∫–∞—Ö –∏—Å—á–µ–∑–∞–ª–∏ –æ–±–µ –Ω–æ–≤–æ—Å—Ç–∏ –∏ —Ç–∞–∫ –∂–µ –ø–æ—è–≤–ª—è–ª–∏—Å—å, –µ—Å–ª–∏ –≤–∫–ª—é—á–∏—Ç—å.",0
152,"–ó–¥—Ä–∞–≤—Å—Ç–≤—É–π—Ç–µ 
–ü–æ—Å–ª–µ –æ–±–Ω–æ–≤–ª–µ–Ω–∏—è –Ω–µ –æ—Ç–∫—Ä—ã–≤–∞—é—Ç—Å—è —É–ø–æ–º–∏–Ω–∞–Ω–∏—è",0
153,"–ü—Ä–∏ –ø–æ–∏—Å–∫–µ –º—É–∑—ã–∫–∏, –Ω–µ —Ä–∞–±–æ—Ç–∞–µ—Ç ""—Ç–æ–ª—å–∫–æ –ø–æ –∏—Å–ø–æ–ª–Ω–∏—Ç–µ–ª—è–º""",0
154,"–ü–æ—Å–ª–µ –æ–±–Ω–æ–≤–ª–µ–Ω–∏—è –µ—Å—Ç—å –≥–ª—é–∫ , –Ω–µ–ª—å–∑—è –≤—ã–±—Ä–∞—Ç—å –≤ –¥–∞–Ω–Ω–æ–º —Å–ø–∏—Å–∫–µ –∫–æ–Ω–∫—Ä–µ—Ç–Ω–æ–≥–æ —á–µ–ª–æ–≤–µ–∫–∞ , –≤—ã–±–∏—Ä–∞–µ—Ç –≤—Å–µ–≥–¥–∞ –ø–æ—Å–ª–µ–¥–Ω–µ–≥–æ –¥–æ–±–∞–≤–ª–µ–Ω–Ω–æ–≥–æ , –∏—Å–ø—Ä–∞–≤—å—Ç–µ , –≤ –ø—Ä–æ—à–ª–æ–π –≤–µ—Ä—Å–∏–∏ —Ä–∞–±–æ—Ç–∞–ª–æ",0
155,,0
156,"–ü–æ—á–µ–º—É –ø–µ—Ä–µ—Å—Ç–∞–ª–∞ —Ä–∞–±–æ—Ç–∞—Ç—å —Ñ—É–Ω–∫—Ü–∏—è ""—É–ø–æ–º–∏–Ω–∞–Ω–∏—è"" ?",0
157,–í—Å–µ–º –ø—Ä–∏–≤–µ—Ç! –ê –ø—Ä–æ–≤–µ—Ä–∫–∞ –Ω–∞ —Ñ–µ–π–∫ —Ä–∞–±–æ—Ç–∞–µ—Ç –¥–æ—Å—Ç–æ–≤–µ—Ä–Ω–æ?,0
158,–ë–ª–∞–≥–æ–¥–∞—Ä—é –í–∞—Å –∑–∞ –ø—Ä–∏–ª–æ–¥–µ–Ω–∏–µüòò,0
159,"–ü–æ–¥—Å–∫–∞–∂–∏—Ç–µ, –ö–µ–π—Ç —Ä—É–±–∏—Ç –≤ —Å–≤–æ—ë–º –ø—Ä–∏–ª–æ–∂–µ–Ω–∏–∏ –≤—Å—è–∫—É—é –ª–∏—à–Ω—é—é –∞–Ω–∞–ª–∏—Ç–∏–∫—É –í–ö ?",0
160,–ü–æ—á–µ–º—É –∏–º—è –Ω–∞ –∞–Ω–≥–ª–∏–π—Å–∫–æ–º –Ω–µ –º–µ–Ω—è–µ—Ç—Å—è (?,0
161,"–í–∏–¥–µ–æ –Ω–µ –∏–¥–µ—Ç, –ø–æ–ø–∞–¥–∞—é –Ω–∞ –±—Ä–∞—É–∑–µ—Ä –∏–Ω—Ç–µ—Ä–Ω–µ—Ç",0
162,"–ó–¥—Ä–∞–≤—Å—Ç–≤—É–π—Ç–µ ! —É –º–µ–Ω—è –ø–µ—Ä–µ—Å—Ç–∞–ª–∏ –æ—Ç–∫—Ä—ã–≤–∞—Ç—å—Å—è –≤–∏–¥–µ–æ, –≤ —á—ë–º –¥–µ–ª–æ?",0
163,"–£—Ñ—Ñ—Ñ—Ñ,—É –º–µ–Ω—è –ø–æ—Ö–æ–∂–µ –∏ –ö–µ–π—Ç –∏ –∫–æ–Ω—Ç–∞–∫—Ç —É–º–µ—Ä–ª–∏.
–° —Å–æ–æ–±—â–µ–Ω–∏—è–º–∏ –ø—Ä–æ–±–ª–µ–º—ã,–ø—Ä–æ —É–ø–æ–º–∏–Ω–∞–Ω–∏—è —Å–ª—ã—à–∞–ª,—á—Ç–æ –Ω–µ —Ä–∞–±–æ—Ç–∞—é—Ç,—Ç–∞–∫ —Ç–µ–ø–µ—Ä—å –∏ –∏—Å—Ç–æ—Ä–∏–∏ –æ—Ç–≤–∞–ª–∏–ª–∏—Å—å.
–ß–µ—Ä–µ–∑ –±—Ä–∞—É–∑–µ—Ä –∏—Å—Ç–æ—Ä–∏–∏ –µ—Å—Ç—å,–∞ —Ç—É—Ç –Ω–µ—Ç.",0
164,"–†–µ–∫–ª–∞–º–∞ –≤ —Ç—Ä–µ–∫–∞—Ö –¥–∞–∂–µ –ø—Ä–∏ –Ω–∞–ª–∏—á–∏–∏ –ø–æ–¥–ø–∏—Å–∫–∏ –Ω–∞ –º—É–∑—ã–∫—É? 
–°–µ—Ä—å—ë–∑–Ω–æ?..",0
165,–ü–æ—á–µ–º—É –Ω–µ –∏–≥—Ä–∞–µ—Ç –º—É–∑—ã–∫–∞ –≤ –∫–µ–π—Ç–µ –µ—Å–ª–∏ –∫—É–ø–ª–µ–Ω–∞ –ø–æ–¥–ø–∏—Å–∫–∞ –≤ –æ—Ñ –ø—Ä–∏–ª–æ–≥–µ?,0
166,"–í–µ—Ä–Ω–∏—Ç–µ –ø–æ–∂–∞–ª—É–π—Å—Ç–∞ —ç–º–æ–¥–∑–∏ —Å –≥–æ–ª–æ–≤–æ–π —Ü—ã–ø–ª–µ–Ω–∫–∞, –∫–æ—Ç–æ—Ä—ã–π –∑–∞–º–µ–Ω–∏–ª—Å—è –Ω–∞ –æ–±—ã—á–Ω–æ–≥–æ —Ü—ã–ø–ª–µ–Ω–∫–∞ –≤ –≤–∏–¥–µ —Å–±–æ–∫—É.
üê§",0
167,"–£–≤–∞–∂–∞–µ–º—ã–π —Ä–∞–∑—Ä–∞–±–æ—Ç—á–∏–∫–∏ , –µ—Å–ª–∏ –º–æ–∂–Ω–æ –ø–æ–∂–∞–ª—É–π—Å—Ç–∞ –¥–æ–±–∞–≤—å—Ç–µ –∑–≤–æ–Ω–∫–∞ , —á—Ç–æ–±—ã –º—ã –º–æ–≥–ª–∏ –∑–≤–æ–Ω–∏—Ç—å –¥—Ä—É–∑—å—è–º–∏ , –∞ —Ç–∞–∫  –ø—Ä–∏–ª–æ–∂–µ–Ω–∏—è –æ—Ç–ª–∏—á–Ω–æ .",0
168,–ö–∞–∫ —Å—Ç–∏–∫–µ—Ä—ã —Å–∫—Ä—ã—Ç—å?,0
169,"–° –ø—Ä–∞–∑–¥–Ω–∏–∫–æ–º –ü–∞—Å—Ö–∏, –ö–µ–π—Ç –ú–æ–±–∞–π–ª!",0
170,"–ö–∞–∫ –ø—Ä–æ–≤–µ—Ä–∏—Ç—å –ª–∏—Ü–µ–Ω–∑–∏—é, –µ—Å–ª–∏ –Ω–µ—Ç play –º–∞—Ä–∫–µ—Ç–∞",0
171,–û—á–µ–Ω—å –º–Ω–æ–≥–æ —Ä–µ–∫–ª–∞–º—ã –≤ –ª–µ–Ω—Ç–µ.,0
172,–°–ø–∞—Å–∏–±–æ üòâüå∫‚ù§,0
173,"–ó–¥—Ä–∞–≤—Å—Ç–≤—É–π—Ç–µ,—É –º–µ–Ω—è —Ç–æ–∂–µ –µ—Å—Ç—å –ø—Ä–æ–±–ª–µ–º–∞.–£ –Ω–µ–∫–æ—Ç–æ—Ä—ã—Ö –¥—Ä—É–∑–µ–π –ø–µ—Ä–µ—Å—Ç–∞–ª–æ –ø–æ–∫–∞–∑—ã–≤–∞—Ç—å ""–£–ø–æ–º–∏–Ω–∞–Ω–∏—è"".–ù–∞–∂–∏–º–∞—é –∏ –±–µ–ª—ã–π —ç–∫—Ä–∞–Ω –ø—Ä–æ—Å—Ç–æ.–ü–∞—Ä—É –Ω–µ–¥–µ–ª—å –Ω–∞–∑–∞–¥ –µ—â—ë –≤—Å—ë —Ä–∞–±–æ—Ç–∞–ª–æ",0
174,,0
175,–ü–æ—Å–ª–µ –æ–±–Ω–æ–≤–ª–µ–Ω–∏—è –ø–µ—Ä–µ—Å—Ç–∞–ª–æ –±–ª–æ–∫–∏—Ä–æ–≤–∞—Ç—å—Å—è  –ø—Ä–∏–ª–æ–∂–µ–Ω–∏–µ –ø–æ—Å–ª–µ –≤—ã—Ö–æ–¥–∞ –∏–∑ –Ω–µ–≥–æ. –ü–æ–≤—Ç–æ—Ä–Ω—ã–π –≤—Ö–æ–¥ —Ç–µ–ø–µ—Ä—å –Ω–µ —Ç—Ä–µ–±—É–µ—Ç –≤–≤–æ–¥–∞ –ø–∏–Ω-–∫–æ–¥–∞ –∏–ª–∏ –æ—Ç–ø–µ—á–∞—Ç–∫–∞,0
176,"–•–æ—á—É –∑–∞–≥—Ä—É–∑–∏—Ç—å –≤–∏–¥–µ–æ –∏–∑ –≥–∞–ª–µ—Ä–µ–∏ –∏ –≤—ã—Ö–æ–¥–∏—Ç –æ–±—â–∏–π –Ω–∞–∫–æ–ø–∏—Ç–µ–ª—å, –∞ —Ç—É—Ç —Ñ–∏–≥ —á—Ç–æ –Ω–∞–π–¥–µ—à—å. –ö–∞–∫ —Å–¥–µ–ª–∞—Ç—å, —á—Ç–æ–± –ø–æ–∫–∞–∑—ã–≤–∞–ª–æ —Ç–æ–ª—å–∫–æ –≤–∏–¥–µ–æ, –∫–∞–∫ —Ä–∞–Ω—å—à–µ?",0
177,"–ø–µ—Ä–µ—Å—Ç–∞–ª–∏ –∑–∞–≥—Ä—É–∂–∞—Ç—å—Å—è –≥–∏—Ñ–∫–∏, –ø–∏—à–µ—Ç –æ—à–∏–±–∫–∞ –∑–∞–≥—Ä—É–∑–∫–∏ —Ñ–∞–π–ª–∞ (–ø–æ—á—Ç–∏ –≤—Å–µ–≥–¥–∞)",0
178,"–ù–µ —Ä–∞–±–æ—Ç–∞—é—Ç —É–ø–æ–º–∏–Ω–∞–Ω–∏—è –ø—Ä–∏ –ø–µ—Ä–µ—Ö–æ–¥–µ –Ω–∞ –ø—É–Ω–∫—Ç–∞ –∫–æ—Ç–æ—Ä—ã–π –≤ —Ç—Ä–æ–µ—Ç–æ—á–∏–∏, –∏–∑ —Ç–æ–π –∏–ª–∏ –∏–Ω–æ–π —Å—Ç—Ä–∞–Ω—ã",0
179,"–í –ø—Ä–∏–ª–æ–∂–µ–Ω–∏–µ kate mobile —Å—É—â–µ—Å—Ç–≤—É–µ—Ç –æ–ø—Ä–µ–¥–µ–ª—ë–Ω–Ω–æ –≤–æ–∑–º–æ–∂–Ω–æ–µ –∫–æ–ª–∏—á–µ—Å—Ç–≤–æ —Å–∏–º–≤–æ–ª–æ–≤, —Å–º–∞–π–ª–æ–≤, –ø—Ä–µ–≤—ã—à–µ–Ω–∏–µ –∫–æ—Ç–æ—Ä—ã—Ö –≤ —Ç–æ–º —á–∏—Å–ª–µ –∏ –ø—Ä–∏ –ø—Ä–æ—Å–º–æ—Ç—Ä–µ –∑–∞–ø–∏—Å–∏ –ø—Ä–∏–≤–æ–¥–∏—Ç –∫ –∑–∞–≤–∏—Å–∞–Ω–∏—é –ø—Ä–∏–ª–æ–∂–µ–Ω–∏—è.",0
180,"–ñ–¥–∞–ª 10 –≤–µ—Ä—Å–∏–π –ø–æ–¥—Ä—è–¥, –∫–æ–≥–¥–∞ –ø–æ—á–∏–Ω—è—Ç –ø–æ–∏—Å–∫ –ø–æ —Å—Ç–µ–Ω–µ, –≤ –∫–æ—Ç–æ—Ä–æ–º —Ç—Ä–∏-–ø—è—Ç—å –ø–æ—Å—Ç–æ–≤ –∏–¥—É—Ç –ø–æ –∫—Ä—É–≥—É, –∞ –¥–∞–ª—å—à–µ –Ω–µ –∏—â–µ—Ç
–¢–æ–∂–µ —Å–∞–º–æ–µ –∏ —Å —É–ø–æ–º–∏–Ω–∞–Ω–∏—è–º–∏ –≤ –æ—Ç–∫—Ä—ã—Ç—ã—Ö –ø—Ä–æ—Ñ–∏–ª—è—Ö
–ù–æ –Ω–µ—Ç
–ò—Å–ø—Ä–∞–≤–ª—è—Ç—å –Ω–∏–∫—Ç–æ –Ω–∏—á–µ–≥–æ –Ω–µ —Ö–æ—á–µ—Ç
–ü–æ—ç—Ç–æ–º—É –¥–æ—Å–≤–∏–¥–∞–Ω–∏—è –∫–µ–π—Ç",0
181,–ê –≤ –ö–∞—Ç–µ –º—É–∑—ã–∫—É —Ñ–æ–Ω–æ–≤–æ–º —Ä–µ–∂–∏–º–µ —Å–ª—É—á–∞—à–∞—Ç—Ç –∏ –±–µ–∑ —Ä–µ–∫–ª–∞–º—ã –º–æ–∂–Ω–æ? –ò–ª–∏ –µ—Å—Ç—å –æ–≥—Ä–∞–Ω–∏—á–µ–Ω–∏–µ?,0
182,"–û–±–Ω–æ–≤–∏–ª–∞ –¥–æ –ø–æ—Å–ª–µ–¥ –≤–µ—Ä—Å–∏–∏. –ò—Å—á–µ–∑–ª–æ –≤—Å—ë –≤–æ –≤–∫–ª–∞–¥–∫–µ –æ—Ç–≤–µ—Ç—ã, –∫—Ä–æ–º–µ –ø–æ—Å–ª–µ–¥–Ω–µ–≥–æ –ª–∞–π–∫–∞. –ú–Ω–µ –ø–æ—Å—Ç–∞–≤–∏–ª–∏ –µ—â–µ –æ–¥–∏–Ω –Ω–µ–¥–∞–≤–Ω–æ –∏ –ø–æ—Å–ª–µ —ç—Ç–æ–≥–æ –∏—Å—á–µ–∑–ª–∏ –ø—Ä–µ–¥—ã–¥—É—â–∏–µ –æ—Ç–≤–µ—Ç—ã –æ –ª–∞–π–∫–∞—Ö –∏ —Ç–¥. –¢–æ –µ—Å—Ç—å —É –º–µ–Ω—è –≤–æ –≤–∫–ª–∞–¥–∫–µ –æ—Ç–≤–µ—Ç—ã —Ç–µ–ø–µ—Ä—å —Ç–æ–ª—å–∫–æ –æ–¥–Ω–∞ –∑–∞–ø–∏—Å—å –æ –ø–æ—Å—Ç–∞–≤–ª–µ–Ω–Ω–æ–º –ª–∞–π–∫–µ. –û—Å—Ç–∞–ª—å–Ω–æ–µ –∫–∞–∫ –≤–µ—Ç—Ä–æ–º —Å–¥—É–ª–æ. –ß—Ç–æ –∑–∞ —Ö—Ä–µ–Ω—å?",0
183,"–°—Ç–æ–ª–∫–Ω—É–ª–∞—Å—å —Å —Ç–∞–∫–æ–π –ø—Ä–æ–±–ª–µ–º–æ–π –ø—Ä–∏ –Ω–∞–∂–∞—Ç–∏–∏ –Ω–∞ –∞–≤–∞—Ç–∞—Ä–∫—É –ø–æ–∫–∞–∑—ã–≤–∞–µ—Ç –¥—Ä—É–≥–æ–µ –∏–∑–æ–±—Ä–∞–∂–µ–Ω–∏–µ. –ê —Ç–æ—á–Ω–µ–µ —Å–∞–º–æ–µ –ø–µ—Ä–≤–æ–µ —Ñ–æ—Ç–æ –∫–æ—Ç–æ—Ä–æ–µ —Å—Ç–æ—è–ª–æ
–ö–∞–∫ —Ä–µ—à–∏—Ç—å —ç—Ç—É –ø—Ä–æ–±–ª–µ–º—É?",0
184,"+ –¢–∞ –∂–µ –ø—Ä–æ–±–ª–µ–º–∞ –∏ –ø–µ—Ä–µ–∑–∞–≥—Ä—É–∂–∞–ª–∞,–∏ –∫—ç—à —á–∏—Å—Ç–∏–ª–∞, –ø—Ä–æ–±–ª–µ–º–∞ –æ—Å—Ç–∞–ª–∞—Å—å..–ò—Å–ø—Ä–∞–≤—å—Ç–µ –∏–ª–∏ –ø–æ–º–æ–≥–∏—Ç–µ —Å —ç—Ç–∏–º, –∞–≤–∞ –Ω–∞ —Å—Ç—Ä–∞–Ω–∏—Ü–∞—Ö –Ω–µ –æ—Ç–∫—Ä—ã–≤–∞–µ—Ç—Å—è, —Å—Ä–∞–∑—É —Å–æ —Å–ª–µ–¥—É—é—â–µ–π,–Ω–µ–∑–∞–≤–∏—Å–∏–º–æ –æ—Ç —Ç–æ–≥–æ –∑–∞–∫—Ä—ã—Ç–∞ —Å—Ç—Ä –∏–ª–∏ –æ—Ç–∫—Ä—ã—Ç–∞",0
185,–ß—Ç–æ —Å –∞–≤–∞—Ç–∞—Ä–∫–∞–º–∏ ?,0
186,"–ó–∞—Ä–µ–≥–∏—Å—Ç—Ä–∏—Ä–æ–≤–∞–ª –Ω–æ–≤—É—é —Å—Ç—Ä–∞–Ω–∏—Ü—É —á–µ—Ä–µ–∑ –ü–ö, —Ç–∞–º –¥–∞–∂–µ –ø–∞—Ä–æ–ª—å –Ω–µ –Ω—É–∂–Ω–æ —Ç–µ–ø–µ—Ä—å –¥–µ–ª–∞—Ç—å. –ö–∞–∫ –º–Ω–µ –∑–∞–π—Ç–∏ –Ω–∞ —ç—Ç—É —Å—Ç—Ä–∞–Ω–∏—Ü—É —á–µ—Ä–µ–∑ –∫–µ–π—Ç? –ü–∞—Ä–æ–ª—è —Ç–æ –Ω–µ—Ç). –ù–∞–∂–∏–º–∞—é –Ω–∞ –∫–Ω–æ–ø–∫—É "" –Ω–µ –º–æ–≥—É –≤–æ–π—Ç–∏"". –ù–∏—á–µ–≥–æ –Ω–µ –ø—Ä–æ–∏—Å—Ö–æ–¥–∏—Ç",0
187,"–∫—Ç–æ-—Ç–æ —Å—Ç–∞–ª–∫–∏–≤–∞–ª—Å—è —Å –ø–æ–¥–æ–±–Ω—ã–º? –Ω–µ –≥—Ä—É–∑–∏—Ç –≥–∏—Ñ –ª—é–±—ã–µ –∏ –≤—Å–µ. –Ω–µ–¥–µ–ª–∏ 2 –∫–∞–∫ –∑–∞–º–µ—Ç–∏–ª, –¥—É–º–∞–ª, —á—Ç–æ –æ–±–Ω–æ–≤–∞ —Ä–µ—à–∏—Ç –¥–µ–ª–æ, –Ω–æ –Ω–µ—Ç",0
188,"–í–∞—É
–û—Ñ–∏–≥–µ—Ç—å
–° –∫–∞–∂–¥–æ–π –æ–±–Ω–æ–≤–æ–π —É –º–µ–Ω—è –≤—Å–µ –º–µ–Ω—å—à–µ —Ç—Ä–µ–∫–æ–≤ –≤ –∞—É–¥–∏–æ
–°—É–ø–µ—Äüëç
–ï—â–µ –ø–∞—Ä—É –æ–±–Ω–æ–≤–æ–∫ –∏ –º–æ–∏ –∞—É–¥–∏–æ –±—É–¥—É—Ç –¥–µ–≤—Å—Ç–≤–µ–Ω–Ω–æ —á–∏—Å—Ç—ã
–ö —Ç–æ–º—É –∂–µ –Ω–µ —Ä–∞–±–æ—Ç–∞—é—Ç –∑–≤—É–∫–æ–≤—ã–µ —É–≤–µ–¥–æ–º–ª–µ–Ω–∏—è, —Å –∫–æ—Ç–æ—Ä—ã–º–∏ –Ω–µ –±—ã–ª–æ –ø—Ä–æ–±–ª–µ–º –Ω–∞ 86-–π",0
189,"–ù–µ –≥—Ä—É–∑—è—Ç—Å—è –¥–æ –∫–æ–Ω—Ü–∞ –≤–æ–æ–±—â–µ –≤–∏–¥–µ–æ..–ß—Ç–æ —Å –∞–≤–∞—Ç–∞—Ä–∫–∞–º–∏ –º–æ–∏—Ö –¥—Ä—É–∑–µ–π? ,–Ω–∞–∂–∏–º–∞—é –∏ –ø–æ—è–≤–ª—è–µ—Ç—Å—è —Å–∞–º–∞—è –ø–µ—Ä–≤–∞—è —Å—Ç–∞—Ä–∞—è —Ñ–æ—Ç–∫–∞",0
190,–°–µ–≥–æ–¥–Ω—è –∫–∞–∫–æ–π —Ç–æ —Å–±–æ–π? –©—ë–ª–∫–∞—é –Ω–∞ –ê–≤–∞—Ç–∞—Ä–∫–∏ –∏ –æ—Ç–∫—Ä—ã–≤–∞—é—Ç—Å—è —Å—Ç–∞—Ä—ã–µ —É –≤—Å–µ—Ö,0
191,"–í–ª–∞–¥–µ–ª—å—Ü—ã —Å–º–∞—Ä—Ç—Ñ–æ–Ω–æ–≤ —Å –≤—à–∏—Ç—ã–º AppGallery —É –í–∞—Å —Ç–æ–∂–µ –≤—Å—Ç—Ä–µ—á–∞–µ—Ç—Å—è –ø–æ—Å—Ç–æ—è–Ω–Ω–∞—è –ø—Ä–æ–±–ª–µ–º–∞, –∫–æ–≥–¥–∞ –ø–æ—Å–ª–µ –≤–æ—Å–ø—Ä–æ–∏–∑–≤–µ–¥–µ–Ω–∏—è –ø–µ—Ä–≤–æ–≥–æ –≤–∏–¥–µ–æ—Ä–æ–ª–∏–∫–∞ —á–µ—Ä–µ–∑ Kate Mobile –∞–≤—Ç–æ–º–∞—Ç–∏—á–µ—Å–∫–∏ –≤–∫–ª—é—á–∞–µ—Ç—Å—è –ø—Ä–∏–ª–æ–∂–µ–Ω–∏–µ Huawei –í–∏–¥–µ–æ –∏ –æ—á–µ–Ω—å –Ω–∞—Å—Ç—ã—Ä–Ω–æ –Ω–µ –¥–∞—ë—Ç –µ–≥–æ –≤—ã–∫–ª—é—á–∏—Ç—å? –ö–∞–∫ —Ä–µ—à–∏—Ç—å –ø—Ä–æ–±–ª–µ–º—É? –ü–æ–¥—Å–∫–∞–∂–∏—Ç–µ –ø–æ–∂–∞–ª—É–π—Å—Ç–∞",0
192,"–£ –º–µ–Ω—è –Ω–µ—Ç —É–≤–µ–¥–æ–º–ª–µ–Ω–∏–π –æ–± –æ–±—â–∏—Ö —Å–æ–æ–±—â–µ–Ω–∏—è—Ö –¥–ª—è —á–∞—Ç–∞, —Ö–æ—Ç—è –æ–Ω–∏ –≤–∫–ª—é—á–µ–Ω—ã, –∏ —è –Ω–µ –º–æ–≥—É –ø–æ–¥–∫–ª—é—á–∏—Ç—å—Å—è –≤ —Å–æ–æ–±—â–µ–Ω–∏—è —Å–≤–æ–µ–π –≥—Ä—É–ø–ø—ã, –ø—Ä–∏ –ø–æ–ø—ã—Ç–∫–µ –≤–æ–π—Ç–∏ –º–Ω–µ –≤—ã–¥–∞—ë—Ç –æ—à–∏–±–∫—É.",0
193,–ù–µ –æ—Ç–æ–±—Ä–∞–∂–∞–µ—Ç –∫–æ–ª–∏—á–µ—Å—Ç–≤–æ –ø–æ–¥–ø–∏—Å—á–∏–∫–æ–≤ –ø—Ä–∏ –ø–æ–∏—Å–∫–µ –≥—Ä—É–ø–ø(,0
194,"–ö–æ–≥–¥–∞ –æ—Ç–∫—Ä—ã–≤–∞–µ—à—å –∞–≤–∞—Ç–∞—Ä–∫—É —á–µ–ª–æ–≤–µ–∫–∞, —á—Ç–æ–±—ã –µ—ë –ø–æ—Å–º–æ—Ç—Ä–µ—Ç—å, –æ—Ç–∫—Ä—ã–≤–∞–µ—Ç—Å—è —Å–æ–≤—Å–µ–º –Ω–µ —Ç–∞ —Ñ–æ—Ç–∫–∞, —á—Ç–æ —Å—Ç–æ–∏—Ç –Ω–∞ –∞–≤–µ. –ë–∞–≥?",0
195,"–†–µ–±—è—Ç–∞ –≤ –∫–∞–∫–æ–π –≤–µ—Ä—Å–∏–∏ –∫—ç—à, –∏ –∫–æ–≥–¥–∞ —Å–ª—É—à–∞—é –º—É–∑—ã–∫—É –≤–∫ –≤ —à—Ç–æ—Ä–∫–µ –±—ã–ª–∞ –ø–æ–ª–æ—Å–∫–∞ —Å –º—É–∑—ã–∫–æ–π",0
196,"–ê —á–µ –∑–∞ –±–∞–≥, —è —Å–∫–∞—á–∏–≤–∞–ª –ö–µ–π—Ç —Å –º–∞—Ä–∫–µ—Ç–∞
–ù–æ –∫–æ–≥–¥–∞ –æ–±–Ω–æ–≤–ª—è–ª—Å—è —á–µ—Ä–µ–∑ –Ω–∞—Å—Ç—Ä–æ–π–∫–∏, –≤ –º–∞—Ä–∫–µ—Ç–µ —Å–Ω–æ–≤–∞ –ø–æ—è–≤–∏–ª—Å—è –ö–µ–π—Ç –∏ –∫–Ω–æ–ø–∫–∞ —É—Å—Ç–∞–Ω–æ–≤–∏—Ç—å
–Ø —É—Å—Ç–∞–Ω–æ–≤–∏–ª –∏ —É –º–µ–Ω—è –µ—Å—Ç—å 2 –∫–µ–π—Ç–∞, —ç—Ç–æ —É –≤—Å–µ—Ö —Ç–∞–∫?",0
197,–ê –≤ –ø—Ä–∏–ª–æ–∂–µ–Ω–∏–∏ Kate Mobile –≤–∏–¥–µ–æ —á—Ç–æ –Ω–µ–ª—å–∑—è –ø–µ—Ä–µ–º–∞—Ç—ã–≤–∞—Ç—å?,0
198,"–ê —Ç–æ —á—Ç–æ –∞–≤—ã –æ—Ç–∫—Ä—ã–≤–∞–µ—Ç —Å —Å–∞–º–æ–π –ø–æ—Å–ª–µ–¥–Ω–µ–π —ç—Ç–æ –±–∞–≥ –∏–ª–∏ —Ñ–∏—á–∞? –ú–æ–∂–Ω–æ –æ–±—Ä–∞—Ç–Ω–æ —Å–¥–µ–ª–∞—Ç—å, –ø–æ –Ω–æ—Ä–º–∞–ª—å–Ω–æ–º—É?",0
199,"–î–æ–±—Ä–æ–≥–æ –≤—Ä–µ–º–µ–Ω–∏ —Å—É—Ç–æ–∫. –ü–æ—Å–ª–µ–¥–Ω–∏–µ –¥–Ω–∏ –Ω–µ –≤–∏–∂—É –ø–æ—Å–ª–µ–¥–Ω–∏–π –∑–∞—Ö–æ–¥ –¥—Ä—É–∑–µ–π –∏ –æ—Å—Ç–∞–ª—å–Ω—ã—Ö..—Å –¥—Ä—É–≥–æ–π —Å—Ç—Ä–∞–Ω–∏—Ü—ã –ø—Ä–æ–±–ª–µ–º –Ω–µ—Ç, —Ç–æ–ª—å–∫–æ –Ω–∞ —ç—Ç–æ–π –∏ —Ç–æ–ª—å–∫–æ –Ω–∞ –ö–µ–π—Ç. –í —á–µ–º –º–æ–∂–µ—Ç –±—ã—Ç—å –ø—Ä–∏—á–∏–Ω–∞?",0
200,–ú–∏—Ä! –¢—Ä—É–¥! –ú–∞–π! –í—Å–µ–º –ú–∏—Ä–∞ –∏ –ü—Ä–∞–≤–¥—ã üéàüéà‚òÄüéàüéâ,0
201,–•–æ—Ä–æ—à–∞—è –ø–µ—Å–µ–Ω–∫–∞. üíú,0
202,"–û—Ç–≤–µ—Ç—å—Ç–µ –≤ –ª–∏—á–Ω—ã—Ö —Å–æ–æ–±—â–µ–Ω–∏—è—Ö, –ø—Ä–æ—à—É –≤–∞—Å",0
203,–ú–æ—Ç –ø–æ—ç—Ç,0
204,,0
205,–ó–∞—Ü–µ–Ω–∏,0
206,,0
207,–ê –Ω–µ –Ω–æ–≤—É—é,0
208,"–ó–∞—á–µ–º –≤–∞–º –ì—É–≥–ª –∏ —ç–ø–ø–ª –ø–µ–π, —Å–¥–µ–ª–∞–π—Ç–µ —Å–≤–æ—é –ø–ª–∞—Ç–µ–≥—É, —á—Ç–æ –±—ã –º—É–∑—ã–∫—É –º–æ–∂–Ω–æ –±—ã–ª–æ –æ–ø–ª–∞—Ç–∏—Ç—å.",0
209,"–î–æ–±—Ä–æ–≥–æ –≤—Ä–µ–º–µ–Ω–∏ —Å—É—Ç–æ–∫, –ø–æ–¥—Å–∫–∞–∂–∏—Ç–µ –ø–æ–∂–∞–ª—É–π—Å—Ç–∞ –≥–¥–µ –º–æ–∂–Ω–æ –≤–∑—è—Ç—å .apk —Ñ–∞–π–ª –ø—Ä–∏–ª–æ–∂–µ–Ω–∏—è. –í google play –ø–∏—à–µ—Ç —á—Ç–æ —É—Å—Ç—Ä–æ–π—Å—Ç–≤–æ –Ω–µ –ø–æ–¥–¥–µ—Ä–∂–∏–≤–∞–µ—Ç—Å—è",0
210,"–ü–æ—á–µ–º—É –æ—Ç–≤–µ—Ç–∞ –Ω–µ—Ç –æ—Ç –ø–æ–¥–¥–µ—Ä–∂–∫–∏, —è —Å–æ–∑–¥–∞–ª –≤–æ–ø—Ä–æ—Å 26 –∞–ø—Ä–µ–ª—è –µ—â—ë –∏ —Ç–æ –¥–≤–∞ —Ä–∞–∑–∞",0
211,,0
212,"–†–µ–±—è—Ç, —É –∫–æ–≥–æ –ø–æ–ª—É—á–∏–ª–æ—Å—å –ø—Ä–æ–¥–ª–∏—Ç—å –ø–æ–¥–ø–∏—Å–∫—É ? –ú–æ–∂–µ—Ç–µ –ø–æ–∂–∞–ª—É–π—Å—Ç–∞ –Ω–∞–ø–∏—Å–∞—Ç—å –≤ –õ–° üôè",0
213,–ü—Ä–æ–¥–ª–∏—Ç–µ –ø–æ–¥–ø–∏—Å–∫—É –¥–µ–Ω—å–≥–∏ —Å–Ω—è–ª–∏,0
214,–î–µ–Ω—å–≥–∏ —Å–Ω–∏–º–∞–µ—Ç–µ –∏ –Ω–µ –ø—Ä–æ–¥–ª–µ–≤–∞–µ—Ç–µ,0
215,–°—Ç–∞—Ç—É—Å –æ–∂–∏–¥–∞–Ω–∏—è —ç—Ç–æ —á—Ç–æ,0
216,–ü—Ä–æ–¥–ª–∏—Ç–µ –ø–æ–¥–ø–∏—Å–∫—É,0
217,,0
218,"–£ –º–µ–Ω—è –Ω–µ –ø—Ä–æ–¥–ª–µ–≤–∞–µ—Ç—Å—è –ø–æ–¥–ø–∏—Å–∫–∞,–∫–∞—Ä—Ç–∞ –ø—Ä–∏–≤—è–∑–∞–Ω–∞ –¥–µ–Ω—å–≥–∏ –Ω–∞ –Ω–µ–π –ª–µ–∂–∞—Ç,—á—Ç–æ –¥–µ–ª–∞—Ç—å ?",0
219,https://vk.com/audios627992484?section=all&z=audio_playlist627992484_34,0
220,,0
221,–ò–Ω—Ç–µ—Ä–µ—Å–Ω–µ–Ω—å–∫–æ,0
222,–ê–¥–æ–≤—ã–π –∫–æ–ª—Ö–æ–∑,0
223,–ú—É–∑—ã–∫–∞ –Ω–µ –∏–≥—Ä–∞–µ—Ç –ø–æ–¥–¥–µ—Ä–∂–∫–∞ –Ω–µ –æ—Ç–≤–µ—á–∞–µ—Ç –¥–µ–Ω—å–≥–∏ –≤–∑—è–ª–∏ —è —á–µ–∫ –≤–∞–º –ø—Ä–µ–¥–æ—Å—Ç–∞–≤–∏–ª,0
224,–£–±–µ—Ä–∏—Ç–µ —ç—Ç–æ–≥–æ –≤—Ä–∞–∂–∏–Ω—É! üí©üò°,0
